[2014-07-15T12:51:30:792+00] [57.1 MB] BackupNameAttachment=" Build(1) 15 Jul 14 (12 51 30)"  -- used by backup system
[2014-07-15T12:51:30:815+00] [57.1 MB] Log Started at 07/15/14 12:51:30
[2014-07-15T12:51:30:816+00] [57.1 MB] Running 32 bit X360 version
[2014-07-15T12:51:30:818+00] [57.1 MB] FileVersion: 1.0.0.1
[2014-07-15T12:51:30:819+00] [57.1 MB] ProductVersion: 1.0.0.1
[2014-07-15T12:51:30:819+00] [57.1 MB] Using STLport C++ Standard Library implementation
[2014-07-15T12:51:30:820+00] [57.1 MB] Added MOD directory <engine> to CryPak
[2014-07-15T12:51:30:821+00] [57.1 MB] Executable Command Line: "Warface.xex"
[2014-07-15T12:51:30:822+00] [57.1 MB] Number of system processors: 3
[2014-07-15T12:51:30:823+00] [57.1 MB] Number of available processors: 3
[2014-07-15T12:51:30:824+00] [57.1 MB] 
[2014-07-15T12:51:30:825+00] [57.1 MB] Processor 0:
[2014-07-15T12:51:30:826+00] [57.1 MB]   CPU:  
[2014-07-15T12:51:30:827+00] [57.1 MB]   Family: 0, Model: 0, Stepping: 0
[2014-07-15T12:51:30:828+00] [57.1 MB]   FPU: 
[2014-07-15T12:51:30:829+00] [57.1 MB]   CPU Speed (estimated): 3200.0 MHz
[2014-07-15T12:51:30:830+00] [57.1 MB]   MMX: not present
[2014-07-15T12:51:30:831+00] [57.1 MB]   SSE: not present
[2014-07-15T12:51:30:832+00] [57.1 MB]   3DNow!: not present
[2014-07-15T12:51:30:833+00] [57.1 MB]   Serial number not present or disabled
[2014-07-15T12:51:30:834+00] [57.1 MB] 
[2014-07-15T12:51:30:835+00] [57.1 MB] Processor 1:
[2014-07-15T12:51:30:836+00] [57.1 MB]   CPU:  
[2014-07-15T12:51:30:836+00] [57.1 MB]   Family: 0, Model: 0, Stepping: 0
[2014-07-15T12:51:30:837+00] [57.1 MB]   FPU: 
[2014-07-15T12:51:30:838+00] [57.1 MB]   CPU Speed (estimated): 3200.0 MHz
[2014-07-15T12:51:30:839+00] [57.1 MB]   MMX: not present
[2014-07-15T12:51:30:840+00] [57.1 MB]   SSE: not present
[2014-07-15T12:51:30:841+00] [57.1 MB]   3DNow!: not present
[2014-07-15T12:51:30:842+00] [57.1 MB]   Serial number not present or disabled
[2014-07-15T12:51:30:843+00] [57.1 MB] 
[2014-07-15T12:51:30:844+00] [57.1 MB] Processor 2:
[2014-07-15T12:51:30:845+00] [57.1 MB]   CPU:  
[2014-07-15T12:51:30:846+00] [57.2 MB]   Family: 0, Model: 0, Stepping: 0
[2014-07-15T12:51:30:847+00] [57.2 MB]   FPU: 
[2014-07-15T12:51:30:848+00] [57.2 MB]   CPU Speed (estimated): 3200.0 MHz
[2014-07-15T12:51:30:849+00] [57.2 MB]   MMX: not present
[2014-07-15T12:51:30:850+00] [57.2 MB]   SSE: not present
[2014-07-15T12:51:30:851+00] [57.2 MB]   3DNow!: not present
[2014-07-15T12:51:30:853+00] [57.2 MB]   Serial number not present or disabled
[2014-07-15T12:51:30:854+00] [57.2 MB] 
[2014-07-15T12:51:30:855+00] [57.2 MB] CNotificationNetwork::Create: Failed to create socket.
[2014-07-15T12:51:30:856+00] [59.0 MB] Stream Engine Initialization
[2014-07-15T12:51:30:857+00] [60.0 MB] Loading Config file system.cfg (d:\system.cfg)
[2014-07-15T12:51:30:858+00] [68.1 MB] Loading Config file config/system.cfg (d:\game\config\system.cfg)
[2014-07-15T12:51:30:859+00] [68.1 MB] Config file %USER%/game.cfg not found!
[2014-07-15T12:51:30:860+00] [68.1 MB] Config file console.cfg not found!
[2014-07-15T12:51:30:861+00] [68.1 MB] Loading Config file x360.cfg (d:\game\config\x360.cfg)
[2014-07-15T12:51:30:864+00] [68.1 MB] Loading Config file system.cfg (d:\system.cfg)
[2014-07-15T12:51:30:873+00] [68.1 MB] Config file user.cfg not found!
[2014-07-15T12:51:30:874+00] [68.1 MB] Config file online.cfg not found!
[2014-07-15T12:51:30:875+00] [68.1 MB] GameName: Warface
[2014-07-15T12:51:30:876+00] [68.1 MB] BuildTime: Jul 14 2014 13:05:49
[2014-07-15T12:51:30:881+00] [68.2 MB] Font initialization
[2014-07-15T12:51:30:882+00] [68.2 MB] Initializing CryFont ...
[2014-07-15T12:51:30:923+00] [68.7 MB] Initializing CryFont done, MemUsage=0Kb
[2014-07-15T12:51:30:943+00] [69.2 MB] Physics initialization
[2014-07-15T12:51:30:944+00] [69.2 MB] Initializing CryPhysics ...
[2014-07-15T12:51:31:094+00] [72.1 MB] Initializing CryPhysics done, MemUsage=0Kb
[2014-07-15T12:51:31:098+00] [72.1 MB] Sound initialization
[2014-07-15T12:51:31:099+00]     [72.1 MB] Initializing CrySoundSystem ...
[2014-07-15T12:51:31:301+00]     [75.9 MB] [SOUND] 4041C820->Blocking/CEngineModule_CrySoundSystem ::I_Init()
[2014-07-15T12:51:31:314+00]     [87.5 MB] Initializing CrySoundSystem done, MemUsage=0Kb
[2014-07-15T12:51:31:315+00]     [87.5 MB] [SOUND] 402F8880->Blocking/CSoundSystem::CreateMusicSystem()
[2014-07-15T12:51:31:317+00] [87.8 MB] Renderer initialization
[2014-07-15T12:51:31:318+00] [87.8 MB] Initializing CryRenderD3D9 ...
[2014-07-15T12:51:31:677+00] [93.6 MB] [Warning] Try to set cheat cvar (r_DeferredShadingSortLights) from config
[2014-07-15T12:51:31:679+00] [93.5 MB] [Warning] Try to set cheat cvar (r_CustomVisions) from config
[2014-07-15T12:51:31:680+00] [93.5 MB] [Warning] Try to set cheat cvar (r_DepthOfField) from config
[2014-07-15T12:51:31:681+00] [93.5 MB] [Warning] Try to set cheat cvar (r_SSAODownscale) from config
[2014-07-15T12:51:31:682+00] [93.5 MB] [Warning] Try to set cheat cvar (r_SSAOQuality) from config
[2014-07-15T12:51:31:692+00] [185.8 MB] CRenderer sizeof(Vec2f16)=4 sizeof(Vec3f16)=8
[2014-07-15T12:51:51:666+00] [185.8 MB] [Error] ERROR: CShaderSrv::Compile: could not connect to 10.16.0.21 (error -1, sys_net_errno=10060, retrying 0)
[2014-07-15T12:52:11:666+00] [185.8 MB] [Error] ERROR: CShaderSrv::Compile: could not connect to 10.16.0.21 (error -1, sys_net_errno=10060, retrying 1)
[2014-07-15T12:52:31:666+00] [185.8 MB] [Error] ERROR: CShaderSrv::Compile: could not connect to 10.16.0.21 (error -1, sys_net_errno=10060, retrying 2)
[2014-07-15T12:52:51:666+00] [185.8 MB] [Error] ERROR: CShaderSrv::Compile: could not connect to 10.16.0.21 (error -1, sys_net_errno=10060, retrying 3)
[2014-07-15T12:53:11:666+00] [185.8 MB] [Error] ERROR: CShaderSrv::Compile: could not connect to 10.16.0.21 (error -1, sys_net_errno=10060, retrying 4)
[2014-07-15T12:53:31:666+00] [185.8 MB] [Error] ERROR: CShaderSrv::Compile: could not connect to 10.16.0.21 (error -1, sys_net_errno=10060, retrying 5)
[2014-07-15T12:53:51:666+00] [185.8 MB] [Error] ERROR: CShaderSrv::Compile: could not connect to 10.16.0.21 (error -1, sys_net_errno=10060, retrying 6)
[2014-07-15T12:53:51:669+00] [186.1 MB] Initializing CryRenderD3D9 done, MemUsage=0Kb
[2014-07-15T12:53:51:670+00] [186.1 MB] Initializing Direct3D and creating game window:
[2014-07-15T12:53:51:671+00]     [186.1 MB] D3DX_SDK_VERSION = 21
[2014-07-15T12:53:51:672+00]     [186.1 MB] Direct3D9 driver is creating...
[2014-07-15T12:53:51:673+00]     [186.1 MB] Crytek Direct3D9 driver version 2.00 (Jul 14 2014 <13:09:06>)
[2014-07-15T12:53:51:674+00]     [186.1 MB] Creating window called 'Warface' (1024x768)
[2014-07-15T12:53:51:776+00]     [204.2 MB]  Full scene AA: Disabled
[2014-07-15T12:53:51:777+00]     [204.2 MB]  Current Resolution: 1152x720x32 [120 Hz] Full Screen
[2014-07-15T12:53:51:778+00]     [204.2 MB]  Maximum texture size: 8192x8192 (Max Aspect: 8192)
[2014-07-15T12:53:51:779+00]     [204.2 MB]  Default textures filtering type: TRILINEAR
[2014-07-15T12:53:51:779+00]     [204.2 MB]  HDR Rendering: FP16
[2014-07-15T12:53:51:780+00]     [204.2 MB]  MRT HDR Rendering: Disabled
[2014-07-15T12:53:51:781+00]     [204.2 MB]  Occlusion queries: Supported
[2014-07-15T12:53:51:782+00]     [204.2 MB]  Geometry instancing: Supported
[2014-07-15T12:53:51:783+00]     [204.2 MB]  Vertex textures: Supported
[2014-07-15T12:53:51:784+00]     [204.2 MB]  Render to vertex buffer: Supported
[2014-07-15T12:53:51:785+00]     [204.2 MB]  R16F rendertarget: Not supported
[2014-07-15T12:53:51:786+00]     [204.2 MB]  NormalMaps compression : Supported
[2014-07-15T12:53:51:787+00]     [204.2 MB]  Gamma control: Hardware
[2014-07-15T12:53:51:789+00]     [204.2 MB]  Vertex Shaders version 3.1
[2014-07-15T12:53:51:790+00]     [204.2 MB]  Pixel Shaders version 3.1
[2014-07-15T12:53:51:791+00]     [204.2 MB]  used GeomInstancingThreshold is 7
[2014-07-15T12:53:51:792+00]     [204.2 MB]  Pixel shaders usage: PS.3.0, PS.2.X, PS.2.0 and PS.1.1
[2014-07-15T12:53:51:793+00]     [204.2 MB]  Vertex shaders usage: VS.3.0, VS.2.0 and VS.1.1
[2014-07-15T12:53:51:794+00]     [204.2 MB]  Shadow maps type: Mixed Depth/2D maps
[2014-07-15T12:53:51:795+00]     [204.2 MB]  Stencil shadows type: Two sided
[2014-07-15T12:53:51:796+00]     [204.2 MB]  *****************************************
[2014-07-15T12:53:51:797+00]     [204.2 MB]  
[2014-07-15T12:53:51:799+00]     [204.2 MB] Init Shaders
[2014-07-15T12:53:51:801+00]     [204.2 MB]  General shader quality: Medium
[2014-07-15T12:53:51:802+00]     [204.2 MB]  Metal shader quality: Medium
[2014-07-15T12:53:51:803+00]     [204.2 MB]  Glass shader quality: Medium
[2014-07-15T12:53:51:804+00]     [204.2 MB]  Vegetation shader quality: Medium
[2014-07-15T12:53:51:804+00]     [204.2 MB]  Ice shader quality: Medium
[2014-07-15T12:53:51:805+00]     [204.2 MB]  Terrain shader quality: Medium
[2014-07-15T12:53:51:806+00]     [204.2 MB]  Shadow shader quality: Medium
[2014-07-15T12:53:51:807+00]     [204.2 MB]  Water shader quality: Medium
[2014-07-15T12:53:51:809+00]     [204.2 MB]  FX shader quality: Medium
[2014-07-15T12:53:51:810+00]     [204.2 MB]  PostProcess shader quality: Medium
[2014-07-15T12:53:51:811+00]     [204.2 MB]  HDR shader quality: Medium
[2014-07-15T12:53:51:812+00]     [204.2 MB]  Sky shader quality: Medium
[2014-07-15T12:53:51:813+00]     [204.2 MB] Render quality: Medium
[2014-07-15T12:53:51:820+00]     [207.8 MB] Init textures management (0 Mb of video memory is available)...
[2014-07-15T12:53:51:821+00]     [207.7 MB]   Enabling of textures streaming...
[2014-07-15T12:53:51:822+00]     [207.7 MB]   Using 91 Mb of textures pool for streaming...
[2014-07-15T12:53:51:823+00]     [207.7 MB]   Video textures: Atlas clouds max size: 8 Mb
[2014-07-15T12:53:51:824+00]     [207.7 MB]   Video textures: Atlas sprites max size: 8 Mb
[2014-07-15T12:53:51:826+00]     [207.7 MB]   Video textures: Dynamic managed max size: 20 Mb
[2014-07-15T12:53:51:827+00]     [207.7 MB]   Reloading all textures...
[2014-07-15T12:53:51:828+00]     [207.7 MB]   Finished reloading textures...
[2014-07-15T12:53:51:829+00]     [207.7 MB]   Finished initializing textures streaming...
[2014-07-15T12:53:51:831+00]     [207.7 MB] [Warning] Cannot open Pak file d:\engine\shaders.pak
[2014-07-15T12:53:51:917+00] [208.8 MB] Using Scaleform GFx 3.3.88
[2014-07-15T12:53:51:918+00] [208.8 MB]   Using dynamic pool
[2014-07-15T12:53:51:972+00] [209.2 MB] [SOUND] 402F8880->Blocking/CSoundSystem::CreateVideoSoundSystem()
[2014-07-15T12:53:52:091+00] [214.7 MB] [Error] <Flash> Error: Can't find method '_level0.vSetVolume' to invoke. [libs/ui/usm_player_intro.gfx]
[2014-07-15T12:53:52:102+00] [207.2 MB] [CSaveWriter_Memory:0] Formatted
[2014-07-15T12:53:52:104+00] [207.2 MB] [CSaveWriter_Memory:1] Formatted
[2014-07-15T12:53:52:105+00] [207.2 MB] [CSaveWriter_Memory:2] Formatted
[2014-07-15T12:53:52:106+00] [207.2 MB] [CSaveWriter_Memory:3] Formatted
[2014-07-15T12:53:52:108+00] [207.2 MB] [Warning] Cannot open Pak file d:\game\gamestream.pak
[2014-07-15T12:53:52:109+00] [207.2 MB] InitPlatformOS took 0.01s
[2014-07-15T12:53:53:124+00] [217.2 MB] [Warning] Cannot open Pak file d:\game\videos.pak
[2014-07-15T12:53:53:262+00] [221.0 MB] [Warning] Cannot open Pak file d:\game\_fastload\startup.pak
[2014-07-15T12:53:53:526+00] [226.0 MB] [STFSTEST]	Opened all basic paks in 1.4117 seconds
[2014-07-15T12:53:53:573+00] [226.0 MB] Config file gamestream.cfg not found!
[2014-07-15T12:53:53:586+00] [226.0 MB] Found asset version as 1165316.
[2014-07-15T12:53:53:603+00] [226.0 MB] Config file game/Localized/Default.lng not found!
[2014-07-15T12:53:53:605+00] [226.0 MB] [Warning] LocalizeStringManager encountered an unsupported language in setAvailableLocalizationsCSVString: 
[2014-07-15T12:53:53:606+00] [226.0 MB] [Warning] LocalizeStringManager encountered an unsupported language in setAvailableLocalizationsCSVString: 
[2014-07-15T12:53:53:607+00] [226.0 MB] [Warning] LocalizeStringManager encountered an unsupported language in setAvailableLocalizationsCSVString: 
[2014-07-15T12:53:53:608+00] [226.0 MB] [Warning] LocalizeStringManager encountered an unsupported language in setAvailableLocalizationsCSVString: 
[2014-07-15T12:53:53:610+00] [226.0 MB] [Warning] LocalizeStringManager encountered an unsupported language in setAvailableLocalizationsCSVString: 
[2014-07-15T12:53:53:611+00] [226.0 MB] [Warning] LocalizeStringManager encountered an unsupported language in setAvailableLocalizationsCSVString: 
[2014-07-15T12:53:53:612+00] [226.0 MB] [Warning] LocalizeStringManager encountered an unsupported language in setAvailableLocalizationsCSVString: 
[2014-07-15T12:53:53:613+00] [226.0 MB] [Warning] LocalizeStringManager encountered an unsupported language in setAvailableLocalizationsCSVString: 
[2014-07-15T12:53:53:614+00] [226.0 MB] [Warning] LocalizeStringManager encountered an unsupported language in setAvailableLocalizationsCSVString: 
[2014-07-15T12:53:53:615+00] [226.0 MB] [Warning] Cannot open Pak file d:\game\bootstrap_english.pak
[2014-07-15T12:53:53:616+00] [226.0 MB] Localized bootstrap language content(english) not available or modified from the original installation.
[2014-07-15T12:53:53:629+00] [226.0 MB] [Warning] Cannot open Pak file d:\game\english_xml.pak
[2014-07-15T12:53:53:630+00] [226.0 MB] Localized language xml content(english) not available or modified from the original installation.
[2014-07-15T12:53:53:631+00] [226.0 MB] [Warning] Cannot open Pak file d:\game\english.pak
[2014-07-15T12:53:53:632+00] [226.0 MB] Localized language content(english) not available or modified from the original installation.
[2014-07-15T12:53:53:763+00] [226.1 MB] [Warning] Streamed texture 'Shaders/EngineAssets/Textures/water_droplets.dds' is uncompressed, and greater than 256KB (344KB)
[2014-07-15T12:53:53:985+00] [229.2 MB] Network initialization
[2014-07-15T12:53:54:002+00] [229.2 MB] Initializing CryNetwork ...
[2014-07-15T12:53:54:274+00] [232.6 MB] [net] using X360 socket io management
[2014-07-15T12:53:54:275+00] [232.9 MB] [Network Version]: DEBUG DEVELOPMENT BUILD
[2014-07-15T12:53:54:276+00] [232.9 MB] Initializing CryNetwork done, MemUsage=0Kb
[2014-07-15T12:53:54:277+00] [232.9 MB] MovieSystem initialization
[2014-07-15T12:53:54:278+00] [232.9 MB] Initializing CryMovie ...
[2014-07-15T12:53:54:348+00] [233.6 MB] Initializing CryMovie done, MemUsage=0Kb
[2014-07-15T12:53:54:350+00] [233.6 MB] Console initialization
[2014-07-15T12:53:54:352+00] [233.6 MB] Time initialization
[2014-07-15T12:53:54:353+00] [233.6 MB] Timer 'freeze me' address to make speedhack: 40201DB8
[2014-07-15T12:53:54:354+00] [233.6 MB] Input initialization
[2014-07-15T12:53:54:355+00]     [233.6 MB] Initializing CryInput ...
[2014-07-15T12:53:54:375+00]     [234.0 MB] Initializing XenonInput
[2014-07-15T12:53:54:378+00]     [234.1 MB] Initializing CryInput done, MemUsage=0Kb
[2014-07-15T12:53:54:380+00] [234.1 MB] Initializing Animation System
[2014-07-15T12:53:54:381+00]     [234.1 MB] Initializing CryAnimation ...
[2014-07-15T12:53:54:534+00]     [236.2 MB] [Warning] Try to set cheat cvar (ca_DrawCGAAsSkin) from config
[2014-07-15T12:53:54:537+00]     [236.2 MB] [Warning] Try to set cheat cvar (ca_UseIMG_CAF) from config
[2014-07-15T12:53:54:538+00]     [236.2 MB] [Warning] Try to set cheat cvar (ca_UseIMG_AIM) from config
[2014-07-15T12:53:54:539+00]     [236.2 MB] [Warning] Try to set cheat cvar (ca_UnloadAnimationCAF) from config
[2014-07-15T12:53:54:540+00]     [236.2 MB] [Warning] Try to set cheat cvar (ca_UnloadAnimationDBA) from config
[2014-07-15T12:53:54:701+00]     [237.6 MB] Initializing CryAnimation done, MemUsage=0Kb
[2014-07-15T12:53:54:702+00] [237.6 MB] Initializing 3D Engine
[2014-07-15T12:53:54:704+00]     [237.6 MB] Initializing Cry3DEngine ...
[2014-07-15T12:53:54:903+00]     [240.7 MB] [Warning] Try to set cheat cvar (e_WaterOcean) from config
[2014-07-15T12:53:54:907+00]     [240.7 MB] [Warning] Try to set cheat cvar (e_TerrainNormalMap) from config
[2014-07-15T12:53:54:909+00]     [240.7 MB] [Warning] Try to set cheat cvar (e_PhysOceanCell) from config
[2014-07-15T12:53:54:911+00]     [240.7 MB] [Warning] Try to set cheat cvar (e_PreloadMaterials) from config
[2014-07-15T12:53:54:915+00]     [241.1 MB] Sky light: Optical lookup tables loaded off disc.
[2014-07-15T12:53:54:918+00]     [242.1 MB] Initializing Cry3DEngine done, MemUsage=0Kb
[2014-07-15T12:53:55:145+00] [246.3 MB] [Warning] [LoadAnimationImageFileSelection] Failed to hook up crc -1132679611
[2014-07-15T12:53:55:146+00] [246.3 MB] [Warning] [LoadAnimationImageFileSelection] Failed to hook up crc -1801452870
[2014-07-15T12:53:55:147+00] [246.3 MB] [Warning] [LoadAnimationImageFileSelection] Failed to hook up crc -518724656
[2014-07-15T12:53:55:149+00] [246.3 MB] [Warning] [LoadAnimationImageFileSelection] Failed to hook up crc 1033600316
[2014-07-15T12:53:55:149+00] [246.3 MB] [Warning] [LoadAnimationImageFileSelection] Failed to hook up crc 1903549100
[2014-07-15T12:53:55:150+00] [246.3 MB] [Warning] [LoadAnimationImageFileSelection] Failed to hook up crc 855578846
[2014-07-15T12:53:55:151+00] [246.3 MB] [Warning] [LoadAnimationImageFileSelection] Failed to hook up crc -1201526129
[2014-07-15T12:53:55:152+00] [246.3 MB] [Warning] [LoadAnimationImageFileSelection] Failed to hook up crc 324619400
[2014-07-15T12:53:55:153+00] [246.3 MB] [Warning] [LoadAnimationImageFileSelection] Failed to hook up crc 704572764
[2014-07-15T12:53:55:154+00] [246.3 MB] [Warning] [LoadAnimationImageFileSelection] Failed to hook up crc 284754753
[2014-07-15T12:53:55:155+00] [246.3 MB] [Warning] [LoadAnimationImageFileSelection] Failed to hook up crc 1644893902
[2014-07-15T12:53:55:156+00] [246.3 MB] [Warning] [LoadAnimationImageFileSelection] Failed to hook up crc -568597875
[2014-07-15T12:53:55:157+00] [246.4 MB] [Warning] [LoadAnimationImageFileSelection] Failed to hook up crc 1533754816
[2014-07-15T12:53:55:159+00] [246.4 MB] [Warning] [LoadAnimationImageFileSelection] Failed to hook up crc 325319214
[2014-07-15T12:53:55:160+00] [246.4 MB] [Warning] [LoadAnimationImageFileSelection] Failed to hook up crc 373092115
[2014-07-15T12:53:55:161+00] [246.4 MB] [Warning] [LoadAnimationImageFileSelection] Failed to hook up crc -721010548
[2014-07-15T12:53:55:162+00] [246.4 MB] [Warning] [LoadAnimationImageFileSelection] Failed to hook up crc -1620454646
[2014-07-15T12:53:55:163+00] [246.4 MB] [Warning] [LoadAnimationImageFileSelection] Failed to hook up crc -216370657
[2014-07-15T12:53:55:165+00] [246.4 MB] [Warning] [LoadAnimationImageFileSelection] Failed to hook up crc 749690054
[2014-07-15T12:53:55:166+00] [246.5 MB] [Warning] [LoadAnimationImageFileSelection] Failed to hook up crc -2064479418
[2014-07-15T12:53:55:167+00] [246.5 MB] [Warning] [LoadAnimationImageFileSelection] Failed to hook up crc 1985484803
[2014-07-15T12:53:55:168+00] [246.5 MB] [Warning] [LoadAnimationImageFileSelection] Failed to hook up crc 1944494782
[2014-07-15T12:53:55:170+00] [246.5 MB] [Warning] [LoadAnimationImageFileSelection] Failed to hook up crc -976652796
[2014-07-15T12:53:55:172+00] [246.5 MB] [Warning] [LoadAnimationImageFileSelection] Failed to hook up crc 2126012979
[2014-07-15T12:53:55:172+00] [246.5 MB] [Warning] [LoadAnimationImageFileSelection] Failed to hook up crc 1456330585
[2014-07-15T12:53:55:173+00] [246.5 MB] [Warning] [LoadAnimationImageFileSelection] Failed to hook up crc 909292704
[2014-07-15T12:53:55:174+00] [246.5 MB] [Warning] [LoadAnimationImageFileSelection] Failed to hook up crc 1065590641
[2014-07-15T12:53:55:176+00] [246.5 MB] [Warning] [LoadAnimationImageFileSelection] Failed to hook up crc 1972793794
[2014-07-15T12:53:55:177+00] [246.5 MB] [Warning] [LoadAnimationImageFileSelection] Failed to hook up crc 449667177
[2014-07-15T12:53:55:178+00] [246.5 MB] [Warning] [LoadAnimationImageFileSelection] Failed to hook up crc -1945683816
[2014-07-15T12:53:55:179+00] [246.5 MB] [Warning] [LoadAnimationImageFileSelection] Failed to hook up crc -932292582
[2014-07-15T12:53:55:180+00] [246.5 MB] [Warning] [LoadAnimationImageFileSelection] Failed to hook up crc -244730361
[2014-07-15T12:53:55:181+00] [246.5 MB] [Warning] [LoadAnimationImageFileSelection] Failed to hook up crc 1095079581
[2014-07-15T12:53:55:183+00] [246.5 MB] [Warning] [LoadAnimationImageFileSelection] Failed to hook up crc -1003140656
[2014-07-15T12:53:55:184+00] [246.5 MB] [Warning] [LoadAnimationImageFileSelection] Failed to hook up crc 185901315
[2014-07-15T12:53:55:185+00] [246.5 MB] [Warning] [LoadAnimationImageFileSelection] Failed to hook up crc -17028791
[2014-07-15T12:53:55:186+00] [246.5 MB] [Warning] [LoadAnimationImageFileSelection] Failed to hook up crc 1641465627
[2014-07-15T12:53:55:187+00] [246.5 MB] [Warning] [LoadAnimationImageFileSelection] Failed to hook up crc -1607612
[2014-07-15T12:53:55:188+00] [246.5 MB] [Warning] [LoadAnimationImageFileSelection] Failed to hook up crc -197654627
[2014-07-15T12:53:55:190+00] [246.5 MB] [Warning] [LoadAnimationImageFileSelection] Failed to hook up crc -851449472
[2014-07-15T12:53:55:192+00] [246.5 MB] [Warning] [LoadAnimationImageFileSelection] Failed to hook up crc 849729089
[2014-07-15T12:53:55:193+00] [246.5 MB] [Warning] [LoadAnimationImageFileSelection] Failed to hook up crc -1122210584
[2014-07-15T12:53:55:194+00] [246.5 MB] [Warning] [LoadAnimationImageFileSelection] Failed to hook up crc 848084131
[2014-07-15T12:53:55:195+00] [246.5 MB] [Warning] [LoadAnimationImageFileSelection] Failed to hook up crc -496255825
[2014-07-15T12:53:55:196+00] [246.5 MB] [Warning] [LoadAnimationImageFileSelection] Failed to hook up crc 690842784
[2014-07-15T12:53:55:197+00] [246.5 MB] [Warning] [LoadAnimationImageFileSelection] Failed to hook up crc -779557600
[2014-07-15T12:53:55:198+00] [246.5 MB] [Warning] [LoadAnimationImageFileSelection] Failed to hook up crc -19094291
[2014-07-15T12:53:55:199+00] [246.5 MB] [Warning] [LoadAnimationImageFileSelection] Failed to hook up crc 1315571344
[2014-07-15T12:53:55:201+00] [246.5 MB] [Warning] [LoadAnimationImageFileSelection] Failed to hook up crc -18572502
[2014-07-15T12:53:55:202+00] [246.5 MB] [Warning] [LoadAnimationImageFileSelection] Failed to hook up crc 1896312136
[2014-07-15T12:53:55:203+00] [246.6 MB] [Warning] [LoadAnimationImageFileSelection] Failed to hook up crc 702148207
[2014-07-15T12:53:55:205+00] [246.6 MB] [Warning] [LoadAnimationImageFileSelection] Failed to hook up crc 490252221
[2014-07-15T12:53:55:206+00] [246.6 MB] [Warning] [LoadAnimationImageFileSelection] Failed to hook up crc 672223570
[2014-07-15T12:53:55:208+00] [246.6 MB] [Warning] [LoadAnimationImageFileSelection] Failed to hook up crc 1809715980
[2014-07-15T12:53:55:209+00] [246.6 MB] [Warning] [LoadAnimationImageFileSelection] Failed to hook up crc -1871764215
[2014-07-15T12:53:55:210+00] [246.6 MB] [Warning] [LoadAnimationImageFileSelection] Failed to hook up crc -1499677431
[2014-07-15T12:53:55:211+00] [246.6 MB] [Warning] [LoadAnimationImageFileSelection] Failed to hook up crc -57593995
[2014-07-15T12:53:55:212+00] [246.6 MB] [Warning] [LoadAnimationImageFileSelection] Failed to hook up crc 275481703
[2014-07-15T12:53:55:213+00] [246.6 MB] [Warning] [LoadAnimationImageFileSelection] Failed to hook up crc -2050712237
[2014-07-15T12:53:55:215+00] [246.6 MB] [Warning] [LoadAnimationImageFileSelection] Failed to hook up crc 536868162
[2014-07-15T12:53:55:216+00] [246.6 MB] [Warning] [LoadAnimationImageFileSelection] Failed to hook up crc 6025610
[2014-07-15T12:53:55:217+00] [246.6 MB] [Warning] [LoadAnimationImageFileSelection] Failed to hook up crc -759342265
[2014-07-15T12:53:55:218+00] [246.6 MB] [Warning] [LoadAnimationImageFileSelection] Failed to hook up crc -1772945610
[2014-07-15T12:53:55:219+00] [246.6 MB] [Warning] [LoadAnimationImageFileSelection] Failed to hook up crc 1393227296
[2014-07-15T12:53:55:220+00] [246.6 MB] [Warning] [LoadAnimationImageFileSelection] Failed to hook up crc 406737872
[2014-07-15T12:53:55:221+00] [246.6 MB] [Warning] [LoadAnimationImageFileSelection] Failed to hook up crc -1405519218
[2014-07-15T12:53:55:222+00] [246.6 MB] [Warning] [LoadAnimationImageFileSelection] Failed to hook up crc -713228843
[2014-07-15T12:53:55:223+00] [246.5 MB] Script System Initialization
[2014-07-15T12:53:55:225+00]     [246.5 MB] Initializing CryScriptSystem ...
[2014-07-15T12:53:55:288+00]     [247.4 MB] <Lua> GMTasks: Begin loading...
[2014-07-15T12:53:55:291+00]     [247.4 MB] <Lua> Containers: ... End loading!
[2014-07-15T12:53:55:295+00]     [247.4 MB] Initializing CryScriptSystem done, MemUsage=0Kb
[2014-07-15T12:53:55:296+00] [247.4 MB] Entity system initialization
[2014-07-15T12:53:55:297+00]     [247.4 MB] Initializing CryEntitySystem ...
[2014-07-15T12:53:55:401+00]     [248.9 MB] Initializing CryEntitySystem done, MemUsage=0Kb
[2014-07-15T12:53:55:402+00] [248.9 MB] [Warning] XML reader: Can't open file (Config/PerfHud_360.xml)
[2014-07-15T12:53:55:403+00] [248.9 MB] Error parsing <Config/PerfHud_360.xml>: XML reader: Can't open file (Config/PerfHud_360.xml)
[2014-07-15T12:53:55:405+00] [248.9 MB] failed to find CVar: pak_logInvalidFileAccess
[2014-07-15T12:53:55:407+00] [249.7 MB] [SOUND] 402F8880->Blocking/CSoundSystem::PostInit()
[2014-07-15T12:53:56:546+00] [262.7 MB] Initialization of bootstrap "live" succeeded
[2014-07-15T12:53:56:643+00] [262.9 MB] Xbox build 1165316
[2014-07-15T12:53:56:647+00] [263.0 MB] [Warning] Try to set cheat cvar (ui_theme) from config
[2014-07-15T12:53:56:672+00] [263.0 MB] Loading Config file online.cfg (d:\game\config\online.cfg)
[2014-07-15T12:53:56:696+00] [263.1 MB] [AutoTest]: Auto tests system is disabled
[2014-07-15T12:53:58:352+00] [265.0 MB] Finished loading item XML definitions from 'items'!
[2014-07-15T12:53:58:377+00] [265.0 MB] Loading ammo XML definitions from 'items'!
[2014-07-15T12:53:58:729+00] [265.1 MB] Finished loading ammo XML definitions from 'items'!
[2014-07-15T12:53:59:234+00] [265.5 MB] Loading Config file config/UI/360/configuration.cfg (d:\game\config\ui\360\configuration.cfg)
[2014-07-15T12:53:59:611+00] [266.1 MB] [CStyles] Duplicated style with name 'default' in file 'UI/360/styles.xml' at line 4
[2014-07-15T12:53:59:612+00] [266.1 MB] [CStyles] Duplicated style with name 'ignore_mouse' in file 'UI/360/styles.xml' at line 7
[2014-07-15T12:53:59:613+00] [266.1 MB] [CStyles] Duplicated style with name 'Simple_white_l' in file 'UI/360/styles.xml' at line 11
[2014-07-15T12:53:59:615+00] [266.1 MB] [CStyles] Duplicated style with name 'SFImage_V' in file 'UI/360/styles.xml' at line 16
[2014-07-15T12:53:59:616+00] [266.1 MB] [CStyles] Duplicated style with name 'SFImage_V_Add' in file 'UI/360/styles.xml' at line 20
[2014-07-15T12:53:59:617+00] [266.1 MB] [CStyles] Duplicated style with name 'SFImage_Minimap' in file 'UI/360/styles.xml' at line 28
[2014-07-15T12:53:59:618+00] [266.1 MB] [CStyles] Duplicated style with name 'PurchaseButtonMedium' in file 'UI/360/styles.xml' at line 32
[2014-07-15T12:53:59:619+00] [266.1 MB] [CStyles] Duplicated style with name 'MmButton' in file 'UI/360/styles.xml' at line 36
[2014-07-15T12:53:59:620+00] [266.1 MB] [CStyles] Duplicated style with name 'MmShop' in file 'UI/360/styles.xml' at line 38
[2014-07-15T12:53:59:621+00] [266.1 MB] [CStyles] Duplicated style with name 'MmStorage' in file 'UI/360/styles.xml' at line 41
[2014-07-15T12:53:59:622+00] [266.1 MB] [CStyles] Duplicated style with name 'MmProgress' in file 'UI/360/styles.xml' at line 44
[2014-07-15T12:53:59:623+00] [266.1 MB] [CStyles] Duplicated style with name 'MmOptions' in file 'UI/360/styles.xml' at line 47
[2014-07-15T12:53:59:626+00] [266.1 MB] [CStyles] Duplicated style with name 'MmExit' in file 'UI/360/styles.xml' at line 50
[2014-07-15T12:53:59:627+00] [266.1 MB] [CStyles] Duplicated style with name 'MmDone' in file 'UI/360/styles.xml' at line 53
[2014-07-15T12:53:59:628+00] [266.1 MB] [CStyles] Duplicated style with name 'MmBack' in file 'UI/360/styles.xml' at line 56
[2014-07-15T12:53:59:629+00] [266.1 MB] [CStyles] Duplicated style with name 'MmHideout' in file 'UI/360/styles.xml' at line 59
[2014-07-15T12:53:59:630+00] [266.1 MB] [CStyles] Duplicated style with name 'MmHelp' in file 'UI/360/styles.xml' at line 62
[2014-07-15T12:53:59:631+00] [266.1 MB] [CStyles] Duplicated style with name 'MmWsap' in file 'UI/360/styles.xml' at line 65
[2014-07-15T12:53:59:632+00] [266.1 MB] [CStyles] Duplicated style with name 'MmRefresh' in file 'UI/360/styles.xml' at line 68
[2014-07-15T12:53:59:633+00] [266.1 MB] [CStyles] Duplicated style with name 'MmClans' in file 'UI/360/styles.xml' at line 71
[2014-07-15T12:53:59:634+00] [266.1 MB] [CStyles] Duplicated style with name 'AttachmentsList' in file 'UI/360/styles.xml' at line 77
[2014-07-15T12:53:59:635+00] [266.1 MB] [CStyles] Duplicated style with name 'pve_scoreboard_health' in file 'UI/360/styles.xml' at line 81
[2014-07-15T12:53:59:637+00] [266.1 MB] [CStyles] Duplicated style with name 'TabsGeneral' in file 'UI/360/styles.xml' at line 85
[2014-07-15T12:53:59:638+00] [266.1 MB] [CStyles] Duplicated style with name 'TabsGeneral_l' in file 'UI/360/styles.xml' at line 91
[2014-07-15T12:53:59:639+00] [266.1 MB] [CStyles] Duplicated style with name 'TabsDiffChannels' in file 'UI/360/styles.xml' at line 95
[2014-07-15T12:53:59:640+00] [266.1 MB] [CStyles] Duplicated style with name 'TabsSubgroups' in file 'UI/360/styles.xml' at line 99
[2014-07-15T12:53:59:642+00] [266.1 MB] [CStyles] Duplicated style with name 'TabsChatChannels' in file 'UI/360/styles.xml' at line 103
[2014-07-15T12:53:59:643+00] [266.1 MB] [CStyles] Duplicated style with name 'TabsPurchase' in file 'UI/360/styles.xml' at line 107
[2014-07-15T12:53:59:645+00] [266.1 MB] [CStyles] Duplicated style with name 'button_skew' in file 'UI/360/styles.xml' at line 115
[2014-07-15T12:53:59:646+00] [266.1 MB] [CStyles] Duplicated style with name 'button_skew_long' in file 'UI/360/styles.xml' at line 119
[2014-07-15T12:53:59:647+00] [266.1 MB] [CStyles] Duplicated style with name 'button_diff_tab' in file 'UI/360/styles.xml' at line 123
[2014-07-15T12:53:59:648+00] [266.1 MB] [CStyles] Duplicated style with name 'button_traning_tab' in file 'UI/360/styles.xml' at line 127
[2014-07-15T12:53:59:649+00] [266.1 MB] [CStyles] Duplicated style with name 'button_prev' in file 'UI/360/styles.xml' at line 131
[2014-07-15T12:53:59:650+00] [266.1 MB] [CStyles] Duplicated style with name 'button_next' in file 'UI/360/styles.xml' at line 135
[2014-07-15T12:53:59:651+00] [266.1 MB] [CStyles] Duplicated style with name 'PlayerBadgeIngame' in file 'UI/360/styles.xml' at line 139
[2014-07-15T12:53:59:652+00] [266.1 MB] [CStyles] Duplicated style with name 'SliderBar' in file 'UI/360/styles.xml' at line 143
[2014-07-15T12:53:59:653+00] [266.1 MB] [CStyles] Duplicated style with name 'PlayerBadge' in file 'UI/360/styles.xml' at line 148
[2014-07-15T12:53:59:654+00] [266.1 MB] [CStyles] Duplicated style with name 'PlayerBadgePVELoading' in file 'UI/360/styles.xml' at line 151
[2014-07-15T12:53:59:655+00] [266.1 MB] [CStyles] Duplicated style with name 'Team1PlayerBadge' in file 'UI/360/styles.xml' at line 155
[2014-07-15T12:53:59:656+00] [266.1 MB] [CStyles] Duplicated style with name 'Team2PlayerBadge' in file 'UI/360/styles.xml' at line 159
[2014-07-15T12:53:59:658+00] [266.1 MB] [CStyles] Duplicated style with name 'Team1PlayerBadgeOverBanner' in file 'UI/360/styles.xml' at line 163
[2014-07-15T12:53:59:660+00] [266.1 MB] [CStyles] Duplicated style with name 'Team2PlayerBadgeOverBanner' in file 'UI/360/styles.xml' at line 167
[2014-07-15T12:53:59:661+00] [266.1 MB] [CStyles] Duplicated style with name 'Team1EmptyBadge' in file 'UI/360/styles.xml' at line 171
[2014-07-15T12:53:59:662+00] [266.1 MB] [CStyles] Duplicated style with name 'Tteam2EmptyBadge' in file 'UI/360/styles.xml' at line 175
[2014-07-15T12:53:59:664+00] [266.1 MB] [CStyles] Duplicated style with name 'TeamLockedBadge' in file 'UI/360/styles.xml' at line 179
[2014-07-15T12:53:59:665+00] [266.1 MB] [CStyles] Duplicated style with name 'LobbyBages' in file 'UI/360/styles.xml' at line 186
[2014-07-15T12:53:59:666+00] [266.1 MB] [CStyles] Duplicated style with name 'T1PlayerBadge' in file 'UI/360/styles.xml' at line 190
[2014-07-15T12:53:59:667+00] [266.1 MB] [CStyles] Duplicated style with name 'T2PlayerBadge' in file 'UI/360/styles.xml' at line 194
[2014-07-15T12:53:59:670+00] [266.1 MB] [CStyles] Duplicated style with name 'T1EmptyBadge' in file 'UI/360/styles.xml' at line 198
[2014-07-15T12:53:59:671+00] [266.1 MB] [CStyles] Duplicated style with name 'T2EmptyBadge' in file 'UI/360/styles.xml' at line 202
[2014-07-15T12:53:59:672+00] [266.1 MB] [CStyles] Duplicated style with name 'weapon_panel' in file 'UI/360/styles.xml' at line 208
[2014-07-15T12:53:59:674+00] [266.1 MB] [CStyles] Duplicated style with name 'panel' in file 'UI/360/styles.xml' at line 212
[2014-07-15T12:53:59:676+00] [266.1 MB] [CStyles] Duplicated style with name 'group_title_panel' in file 'UI/360/styles.xml' at line 215
[2014-07-15T12:53:59:677+00] [266.1 MB] [CStyles] Duplicated style with name 'main_panel_left' in file 'UI/360/styles.xml' at line 219
[2014-07-15T12:53:59:678+00] [266.1 MB] [CStyles] Duplicated style with name 'main_panel_right' in file 'UI/360/styles.xml' at line 223
[2014-07-15T12:53:59:679+00] [266.1 MB] [CStyles] Duplicated style with name 'simple_panel' in file 'UI/360/styles.xml' at line 227
[2014-07-15T12:53:59:680+00] [266.1 MB] [CStyles] Duplicated style with name 'blue_title_panel' in file 'UI/360/styles.xml' at line 231
[2014-07-15T12:53:59:681+00] [266.1 MB] [CStyles] Duplicated style with name 'Rdesc' in file 'UI/360/styles.xml' at line 241
[2014-07-15T12:53:59:683+00] [266.2 MB] [CStyles] Duplicated style with name 'ContractsText' in file 'UI/360/styles.xml' at line 269
[2014-07-15T12:53:59:684+00] [266.2 MB] [CStyles] Duplicated style with name 'ContractsTextEx' in file 'UI/360/styles.xml' at line 273
[2014-07-15T12:53:59:685+00] [266.2 MB] [CStyles] Duplicated style with name 'ContractRewardEx' in file 'UI/360/styles.xml' at line 277
[2014-07-15T12:53:59:686+00] [266.2 MB] [CStyles] Duplicated style with name 'ContractName' in file 'UI/360/styles.xml' at line 281
[2014-07-15T12:53:59:687+00] [266.2 MB] [CStyles] Duplicated style with name 'ContractNameEx' in file 'UI/360/styles.xml' at line 285
[2014-07-15T12:53:59:689+00] [266.2 MB] [CStyles] Duplicated style with name 'ContractProgress' in file 'UI/360/styles.xml' at line 290
[2014-07-15T12:53:59:690+00] [266.2 MB] [CStyles] Duplicated style with name 'ContractCompleted' in file 'UI/360/styles.xml' at line 294
[2014-07-15T12:53:59:691+00] [266.2 MB] [CStyles] Duplicated style with name 'ContractCompletedEx' in file 'UI/360/styles.xml' at line 298
[2014-07-15T12:53:59:693+00] [266.2 MB] [CStyles] Duplicated style with name 'ContractTime' in file 'UI/360/styles.xml' at line 302
[2014-07-15T12:53:59:694+00] [266.2 MB] [CStyles] Duplicated style with name 'ContractFailedEx' in file 'UI/360/styles.xml' at line 306
[2014-07-15T12:53:59:695+00] [266.2 MB] [CStyles] Duplicated style with name 'ContractDone' in file 'UI/360/styles.xml' at line 310
[2014-07-15T12:53:59:696+00] [266.2 MB] [CStyles] Duplicated style with name 'ContractDone2Ex' in file 'UI/360/styles.xml' at line 314
[2014-07-15T12:53:59:697+00] [266.2 MB] [CStyles] Duplicated style with name 'ContractsText2' in file 'UI/360/styles.xml' at line 320
[2014-07-15T12:53:59:698+00] [266.2 MB] [CStyles] Duplicated style with name 'ContractPrice' in file 'UI/360/styles.xml' at line 324
[2014-07-15T12:53:59:700+00] [266.2 MB] [CStyles] Duplicated style with name 'ContractPriceEx' in file 'UI/360/styles.xml' at line 328
[2014-07-15T12:53:59:701+00] [266.2 MB] [CStyles] Duplicated style with name 'Interaction' in file 'UI/360/styles.xml' at line 332
[2014-07-15T12:53:59:703+00] [266.2 MB] [CStyles] Duplicated style with name 'shoplabel_l' in file 'UI/360/styles.xml' at line 336
[2014-07-15T12:53:59:704+00] [266.2 MB] [CStyles] Duplicated style with name 'IngameScoreboardKills' in file 'UI/360/styles.xml' at line 340
[2014-07-15T12:53:59:705+00] [266.2 MB] [CStyles] Duplicated style with name 'IngameScoreboardScore' in file 'UI/360/styles.xml' at line 344
[2014-07-15T12:53:59:706+00] [266.2 MB] [CStyles] Duplicated style with name 'IngameScoreboardKillsPvE' in file 'UI/360/styles.xml' at line 348
[2014-07-15T12:53:59:708+00] [266.2 MB] [CStyles] Duplicated style with name 'IngameScoreboardScorePvE' in file 'UI/360/styles.xml' at line 352
[2014-07-15T12:53:59:709+00] [266.2 MB] [CStyles] Duplicated style with name 'IngameScoreboardPlaceTop' in file 'UI/360/styles.xml' at line 356
[2014-07-15T12:53:59:710+00] [266.2 MB] [CStyles] Duplicated style with name 'IngameScoreboardPlace' in file 'UI/360/styles.xml' at line 359
[2014-07-15T12:53:59:711+00] [266.2 MB] [CStyles] Duplicated style with name 'badge_frame' in file 'UI/360/styles.xml' at line 363
[2014-07-15T12:53:59:713+00] [266.2 MB] [CStyles] Duplicated style with name 'gameMode' in file 'UI/360/styles.xml' at line 367
[2014-07-15T12:53:59:714+00] [266.2 MB] [CStyles] Duplicated style with name 'barlabel_group' in file 'UI/360/styles.xml' at line 372
[2014-07-15T12:53:59:715+00] [266.2 MB] [CStyles] Duplicated style with name 'barlabel_white' in file 'UI/360/styles.xml' at line 375
[2014-07-15T12:53:59:717+00] [266.2 MB] [CStyles] Duplicated style with name 'barlabel_white_l' in file 'UI/360/styles.xml' at line 378
[2014-07-15T12:53:59:718+00] [266.2 MB] [CStyles] Duplicated style with name 'barlabel_white_r' in file 'UI/360/styles.xml' at line 381
[2014-07-15T12:53:59:719+00] [266.2 MB] [CStyles] Duplicated style with name 'biglink_group' in file 'UI/360/styles.xml' at line 386
[2014-07-15T12:53:59:720+00] [266.2 MB] [CStyles] Duplicated style with name 'biglink_white' in file 'UI/360/styles.xml' at line 388
[2014-07-15T12:53:59:721+00] [266.2 MB] [CStyles] Duplicated style with name 'biglink_white2' in file 'UI/360/styles.xml' at line 391
[2014-07-15T12:53:59:722+00] [266.2 MB] [CStyles] Duplicated style with name 'biglink_white_l' in file 'UI/360/styles.xml' at line 394
[2014-07-15T12:53:59:724+00] [266.2 MB] [CStyles] Duplicated style with name 'biglink_white_r' in file 'UI/360/styles.xml' at line 397
[2014-07-15T12:53:59:726+00] [266.2 MB] [CStyles] Duplicated style with name 'randombox_group' in file 'UI/360/styles.xml' at line 402
[2014-07-15T12:53:59:727+00] [266.2 MB] [CStyles] Duplicated style with name 'led_label' in file 'UI/360/styles.xml' at line 404
[2014-07-15T12:53:59:728+00] [266.2 MB] [CStyles] Duplicated style with name 'randombox_static_labels' in file 'UI/360/styles.xml' at line 407
[2014-07-15T12:53:59:730+00] [266.2 MB] [CStyles] Duplicated style with name 'screenlabel' in file 'UI/360/styles.xml' at line 412
[2014-07-15T12:53:59:731+00] [266.2 MB] [CStyles] Duplicated style with name 'screenlabel_center' in file 'UI/360/styles.xml' at line 416
[2014-07-15T12:53:59:732+00] [266.2 MB] [CStyles] Duplicated style with name 'screenlabel_right' in file 'UI/360/styles.xml' at line 420
[2014-07-15T12:53:59:733+00] [266.2 MB] [CStyles] Duplicated style with name 'team1label' in file 'UI/360/styles.xml' at line 424
[2014-07-15T12:53:59:734+00] [266.2 MB] [CStyles] Duplicated style with name 'team2label' in file 'UI/360/styles.xml' at line 428
[2014-07-15T12:53:59:736+00] [266.2 MB] [CStyles] Duplicated style with name 'biglabel_group' in file 'UI/360/styles.xml' at line 432
[2014-07-15T12:53:59:737+00] [266.2 MB] [CStyles] Duplicated style with name 'biglabel_white' in file 'UI/360/styles.xml' at line 435
[2014-07-15T12:53:59:738+00] [266.2 MB] [CStyles] Duplicated style with name 'biglabel_white_l' in file 'UI/360/styles.xml' at line 438
[2014-07-15T12:53:59:739+00] [266.2 MB] [CStyles] Duplicated style with name 'biglabel_white_r' in file 'UI/360/styles.xml' at line 441
[2014-07-15T12:53:59:740+00] [266.2 MB] [CStyles] Duplicated style with name 'biglabel_yellow' in file 'UI/360/styles.xml' at line 445
[2014-07-15T12:53:59:742+00] [266.2 MB] [CStyles] Duplicated style with name 'biglabel_yellow_l' in file 'UI/360/styles.xml' at line 448
[2014-07-15T12:53:59:743+00] [266.2 MB] [CStyles] Duplicated style with name 'biglabel_yellow_r' in file 'UI/360/styles.xml' at line 451
[2014-07-15T12:53:59:744+00] [266.2 MB] [CStyles] Duplicated style with name 'biglabel_khaki' in file 'UI/360/styles.xml' at line 455
[2014-07-15T12:53:59:746+00] [266.2 MB] [CStyles] Duplicated style with name 'biglabel_khaki_l' in file 'UI/360/styles.xml' at line 458
[2014-07-15T12:53:59:747+00] [266.2 MB] [CStyles] Duplicated style with name 'biglabel_khaki_r' in file 'UI/360/styles.xml' at line 461
[2014-07-15T12:53:59:749+00] [266.2 MB] [CStyles] Duplicated style with name 'medlink_group' in file 'UI/360/styles.xml' at line 467
[2014-07-15T12:53:59:750+00] [266.2 MB] [CStyles] Duplicated style with name 'medlink_white' in file 'UI/360/styles.xml' at line 470
[2014-07-15T12:53:59:751+00] [266.2 MB] [CStyles] Duplicated style with name 'medlink_white_l' in file 'UI/360/styles.xml' at line 473
[2014-07-15T12:53:59:753+00] [266.2 MB] [CStyles] Duplicated style with name 'medlink_white_r' in file 'UI/360/styles.xml' at line 476
[2014-07-15T12:53:59:754+00] [266.2 MB] [CStyles] Duplicated style with name 'medtab_white' in file 'UI/360/styles.xml' at line 480
[2014-07-15T12:53:59:755+00] [266.2 MB] [CStyles] Duplicated style with name 'medtab_white_l' in file 'UI/360/styles.xml' at line 483
[2014-07-15T12:53:59:756+00] [266.2 MB] [CStyles] Duplicated style with name 'medtab_white_r' in file 'UI/360/styles.xml' at line 486
[2014-07-15T12:53:59:757+00] [266.2 MB] [CStyles] Duplicated style with name 'vendor_label_group' in file 'UI/360/styles.xml' at line 494
[2014-07-15T12:53:59:758+00] [266.2 MB] [CStyles] Duplicated style with name 'medlabel_vendor_gameroom' in file 'UI/360/styles.xml' at line 496
[2014-07-15T12:53:59:759+00] [266.2 MB] [CStyles] Duplicated style with name 'medlabel_vendor_gameroom_l' in file 'UI/360/styles.xml' at line 499
[2014-07-15T12:53:59:760+00] [266.2 MB] [CStyles] Duplicated style with name 'medlabel_vendor_gameroom_r' in file 'UI/360/styles.xml' at line 502
[2014-07-15T12:53:59:761+00] [266.2 MB] [CStyles] Duplicated style with name 'medlabel_group' in file 'UI/360/styles.xml' at line 509
[2014-07-15T12:53:59:763+00] [266.2 MB] [CStyles] Duplicated style with name 'medlabel_white' in file 'UI/360/styles.xml' at line 512
[2014-07-15T12:53:59:764+00] [266.2 MB] [CStyles] Duplicated style with name 'medlabel_white_l' in file 'UI/360/styles.xml' at line 515
[2014-07-15T12:53:59:766+00] [266.2 MB] [CStyles] Duplicated style with name 'medlabel_white_r' in file 'UI/360/styles.xml' at line 518
[2014-07-15T12:53:59:767+00] [266.2 MB] [CStyles] Duplicated style with name 'medlabel_gold' in file 'UI/360/styles.xml' at line 522
[2014-07-15T12:53:59:769+00] [266.2 MB] [CStyles] Duplicated style with name 'medlabel_gold_l' in file 'UI/360/styles.xml' at line 525
[2014-07-15T12:53:59:770+00] [266.2 MB] [CStyles] Duplicated style with name 'medlabel_gold_r' in file 'UI/360/styles.xml' at line 528
[2014-07-15T12:53:59:771+00] [266.2 MB] [CStyles] Duplicated style with name 'medlabel_silver' in file 'UI/360/styles.xml' at line 532
[2014-07-15T12:53:59:773+00] [266.2 MB] [CStyles] Duplicated style with name 'medlabel_silver_l' in file 'UI/360/styles.xml' at line 535
[2014-07-15T12:53:59:775+00] [266.2 MB] [CStyles] Duplicated style with name 'medlabel_bronze' in file 'UI/360/styles.xml' at line 538
[2014-07-15T12:53:59:776+00] [266.2 MB] [CStyles] Duplicated style with name 'medlabel_bronze_l' in file 'UI/360/styles.xml' at line 541
[2014-07-15T12:53:59:777+00] [266.2 MB] [CStyles] Duplicated style with name 'medlabel_basic' in file 'UI/360/styles.xml' at line 544
[2014-07-15T12:53:59:778+00] [266.2 MB] [CStyles] Duplicated style with name 'medlabel_basic_l' in file 'UI/360/styles.xml' at line 547
[2014-07-15T12:53:59:779+00] [266.2 MB] [CStyles] Duplicated style with name 'medlabel_yellow' in file 'UI/360/styles.xml' at line 551
[2014-07-15T12:53:59:780+00] [266.2 MB] [CStyles] Duplicated style with name 'medlabel_yellow_l' in file 'UI/360/styles.xml' at line 554
[2014-07-15T12:53:59:781+00] [266.2 MB] [CStyles] Duplicated style with name 'medlabel_yellow_r' in file 'UI/360/styles.xml' at line 557
[2014-07-15T12:53:59:782+00] [266.2 MB] [CStyles] Duplicated style with name 'medlabel_white_simple' in file 'UI/360/styles.xml' at line 561
[2014-07-15T12:53:59:784+00] [266.2 MB] [CStyles] Duplicated style with name 'medlabel_white_simple_l' in file 'UI/360/styles.xml' at line 564
[2014-07-15T12:53:59:785+00] [266.2 MB] [CStyles] Duplicated style with name 'medlabel_white_simple_r' in file 'UI/360/styles.xml' at line 567
[2014-07-15T12:53:59:786+00] [266.2 MB] [CStyles] Duplicated style with name 'medlabel_grey_simple' in file 'UI/360/styles.xml' at line 571
[2014-07-15T12:53:59:787+00] [266.2 MB] [CStyles] Duplicated style with name 'medlabel_grey_simple_l' in file 'UI/360/styles.xml' at line 574
[2014-07-15T12:53:59:788+00] [266.2 MB] [CStyles] Duplicated style with name 'medlabel_grey_simple_r' in file 'UI/360/styles.xml' at line 577
[2014-07-15T12:53:59:791+00] [266.2 MB] [CStyles] Duplicated style with name 'medlabel_black_simple' in file 'UI/360/styles.xml' at line 581
[2014-07-15T12:53:59:792+00] [266.2 MB] [CStyles] Duplicated style with name 'medlabel_black_simple_l' in file 'UI/360/styles.xml' at line 584
[2014-07-15T12:53:59:793+00] [266.2 MB] [CStyles] Duplicated style with name 'medlabel_black_simple_r' in file 'UI/360/styles.xml' at line 587
[2014-07-15T12:53:59:794+00] [266.2 MB] [CStyles] Duplicated style with name 'medlabel_khaki_simple' in file 'UI/360/styles.xml' at line 593
[2014-07-15T12:53:59:797+00] [266.2 MB] [CStyles] Duplicated style with name 'medlabel_khaki_simple_l' in file 'UI/360/styles.xml' at line 596
[2014-07-15T12:53:59:798+00] [266.2 MB] [CStyles] Duplicated style with name 'medlabel_khaki_simple_r' in file 'UI/360/styles.xml' at line 599
[2014-07-15T12:53:59:799+00] [266.2 MB] [CStyles] Duplicated style with name 'medlabel_khaki' in file 'UI/360/styles.xml' at line 603
[2014-07-15T12:53:59:800+00] [266.2 MB] [CStyles] Duplicated style with name 'medlabel_khaki_l' in file 'UI/360/styles.xml' at line 606
[2014-07-15T12:53:59:801+00] [266.2 MB] [CStyles] Duplicated style with name 'medlabel_khaki_r' in file 'UI/360/styles.xml' at line 609
[2014-07-15T12:53:59:802+00] [266.2 MB] [CStyles] Duplicated style with name 'vendors_tabs' in file 'UI/360/styles.xml' at line 615
[2014-07-15T12:53:59:803+00] [266.2 MB] [CStyles] Duplicated style with name 'leagues_tabs' in file 'UI/360/styles.xml' at line 619
[2014-07-15T12:53:59:804+00] [266.2 MB] [CStyles] Duplicated style with name 'leagues_tabs2' in file 'UI/360/styles.xml' at line 623
[2014-07-15T12:53:59:805+00] [266.2 MB] [CStyles] Duplicated style with name 'smalltab_group' in file 'UI/360/styles.xml' at line 627
[2014-07-15T12:53:59:807+00] [266.2 MB] [CStyles] Duplicated style with name 'lobby_chat_group' in file 'UI/360/styles.xml' at line 630
[2014-07-15T12:53:59:808+00] [266.2 MB] [CStyles] Duplicated style with name 'smalltabslabel' in file 'UI/360/styles.xml' at line 633
[2014-07-15T12:53:59:809+00] [266.2 MB] [CStyles] Duplicated style with name 'smalltabslabel_l' in file 'UI/360/styles.xml' at line 637
[2014-07-15T12:53:59:810+00] [266.2 MB] [CStyles] Duplicated style with name 'smalltabslabel_r' in file 'UI/360/styles.xml' at line 641
[2014-07-15T12:53:59:811+00] [266.2 MB] [CStyles] Duplicated style with name 'chatlink' in file 'UI/360/styles.xml' at line 645
[2014-07-15T12:53:59:813+00] [266.2 MB] [CStyles] Duplicated style with name 'chatlink_r' in file 'UI/360/styles.xml' at line 649
[2014-07-15T12:53:59:814+00] [266.2 MB] [CStyles] Duplicated style with name 'sponsortab_white' in file 'UI/360/styles.xml' at line 654
[2014-07-15T12:53:59:815+00] [266.2 MB] [CStyles] Duplicated style with name 'smalltab_white' in file 'UI/360/styles.xml' at line 658
[2014-07-15T12:53:59:816+00] [266.2 MB] [CStyles] Duplicated style with name 'smalltab_white_l' in file 'UI/360/styles.xml' at line 661
[2014-07-15T12:53:59:817+00] [266.2 MB] [CStyles] Duplicated style with name 'smalltab_white_r' in file 'UI/360/styles.xml' at line 664
[2014-07-15T12:53:59:818+00] [266.2 MB] [CStyles] Duplicated style with name 'smalllabel_leagues' in file 'UI/360/styles.xml' at line 670
[2014-07-15T12:53:59:819+00] [266.2 MB] [CStyles] Duplicated style with name 'smalllabel_league_r' in file 'UI/360/styles.xml' at line 672
[2014-07-15T12:53:59:821+00] [266.2 MB] [CStyles] Duplicated style with name 'smalllabel_league_score_r' in file 'UI/360/styles.xml' at line 676
[2014-07-15T12:53:59:822+00] [266.2 MB] [CStyles] Duplicated style with name 'smalllabel_league_l' in file 'UI/360/styles.xml' at line 680
[2014-07-15T12:53:59:824+00] [266.2 MB] [CStyles] Duplicated style with name 'smalllabel_league_score_l' in file 'UI/360/styles.xml' at line 684
[2014-07-15T12:53:59:825+00] [266.2 MB] [CStyles] Duplicated style with name 'smalllabel_league_plr_r' in file 'UI/360/styles.xml' at line 688
[2014-07-15T12:53:59:826+00] [266.2 MB] [CStyles] Duplicated style with name 'smalllabel_league_plr_l' in file 'UI/360/styles.xml' at line 692
[2014-07-15T12:53:59:827+00] [266.2 MB] [CStyles] Duplicated style with name 'smalllabel_group' in file 'UI/360/styles.xml' at line 700
[2014-07-15T12:53:59:829+00] [266.2 MB] [CStyles] Duplicated style with name 'hud_ammo_count' in file 'UI/360/styles.xml' at line 703
[2014-07-15T12:53:59:830+00] [266.2 MB] [CStyles] Duplicated style with name 'medlabel_black_on_red_simple' in file 'UI/360/styles.xml' at line 707
[2014-07-15T12:53:59:831+00] [266.2 MB] [CStyles] Duplicated style with name 'medlabel_black_on_red_simple_l' in file 'UI/360/styles.xml' at line 710
[2014-07-15T12:53:59:832+00] [266.2 MB] [CStyles] Duplicated style with name 'medlabel_black_on_red_simple_r' in file 'UI/360/styles.xml' at line 713
[2014-07-15T12:53:59:833+00] [266.2 MB] [CStyles] Duplicated style with name 'smalllabel_white' in file 'UI/360/styles.xml' at line 717
[2014-07-15T12:53:59:835+00] [266.2 MB] [CStyles] Duplicated style with name 'smalllabel_white_l' in file 'UI/360/styles.xml' at line 720
[2014-07-15T12:53:59:836+00] [266.2 MB] [CStyles] Duplicated style with name 'smalllabel_white_l_offset20' in file 'UI/360/styles.xml' at line 723
[2014-07-15T12:53:59:837+00] [266.2 MB] [CStyles] Duplicated style with name 'smalllabel_white_r' in file 'UI/360/styles.xml' at line 726
[2014-07-15T12:53:59:838+00] [266.2 MB] [CStyles] Duplicated style with name 'smalllabel_white_r_date' in file 'UI/360/styles.xml' at line 729
[2014-07-15T12:53:59:840+00] [266.2 MB] [CStyles] Duplicated style with name 'smalllabel_black' in file 'UI/360/styles.xml' at line 735
[2014-07-15T12:53:59:841+00] [266.2 MB] [CStyles] Duplicated style with name 'smalllabel_black_l' in file 'UI/360/styles.xml' at line 738
[2014-07-15T12:53:59:842+00] [266.2 MB] [CStyles] Duplicated style with name 'smalllabel_black_r' in file 'UI/360/styles.xml' at line 741
[2014-07-15T12:53:59:843+00] [266.2 MB] [CStyles] Duplicated style with name 'smalllabel_yellow' in file 'UI/360/styles.xml' at line 745
[2014-07-15T12:53:59:844+00] [266.2 MB] [CStyles] Duplicated style with name 'smalllabel_yellow_l' in file 'UI/360/styles.xml' at line 748
[2014-07-15T12:53:59:846+00] [266.2 MB] [CStyles] Duplicated style with name 'smalllabel_yellow_l_ss' in file 'UI/360/styles.xml' at line 751
[2014-07-15T12:53:59:847+00] [266.2 MB] [CStyles] Duplicated style with name 'smalllabel_yellow_r' in file 'UI/360/styles.xml' at line 754
[2014-07-15T12:53:59:848+00] [266.2 MB] [CStyles] Duplicated style with name 'smalllabel_khaki' in file 'UI/360/styles.xml' at line 762
[2014-07-15T12:53:59:849+00] [266.2 MB] [CStyles] Duplicated style with name 'smalllabel_khaki_l' in file 'UI/360/styles.xml' at line 765
[2014-07-15T12:53:59:851+00] [266.2 MB] [CStyles] Duplicated style with name 'smalllabel_khaki_r' in file 'UI/360/styles.xml' at line 768
[2014-07-15T12:53:59:852+00] [266.2 MB] [CStyles] Duplicated style with name 'smalllabel_grey' in file 'UI/360/styles.xml' at line 772
[2014-07-15T12:53:59:853+00] [266.2 MB] [CStyles] Duplicated style with name 'smalllabel_grey_l' in file 'UI/360/styles.xml' at line 775
[2014-07-15T12:53:59:854+00] [266.2 MB] [CStyles] Duplicated style with name 'smalllabel_grey_r' in file 'UI/360/styles.xml' at line 778
[2014-07-15T12:53:59:855+00] [266.2 MB] [CStyles] Duplicated style with name 'smalllabel_grey_r_date' in file 'UI/360/styles.xml' at line 781
[2014-07-15T12:53:59:857+00] [266.2 MB] [CStyles] Duplicated style with name 'smalllabel_grey2' in file 'UI/360/styles.xml' at line 785
[2014-07-15T12:53:59:859+00] [266.2 MB] [CStyles] Duplicated style with name 'smalllabel_grey2_l' in file 'UI/360/styles.xml' at line 788
[2014-07-15T12:53:59:860+00] [266.2 MB] [CStyles] Duplicated style with name 'smalllabel_grey2_r' in file 'UI/360/styles.xml' at line 791
[2014-07-15T12:53:59:861+00] [266.2 MB] [CStyles] Duplicated style with name 'smalllabel_grey3' in file 'UI/360/styles.xml' at line 795
[2014-07-15T12:53:59:863+00] [266.2 MB] [CStyles] Duplicated style with name 'smalllabel_grey3_l' in file 'UI/360/styles.xml' at line 798
[2014-07-15T12:53:59:864+00] [266.2 MB] [CStyles] Duplicated style with name 'smalllabel_grey3_r' in file 'UI/360/styles.xml' at line 801
[2014-07-15T12:53:59:865+00] [266.2 MB] [CStyles] Duplicated style with name 'smalllabel_red' in file 'UI/360/styles.xml' at line 805
[2014-07-15T12:53:59:866+00] [266.2 MB] [CStyles] Duplicated style with name 'smalllabel_red_l' in file 'UI/360/styles.xml' at line 809
[2014-07-15T12:53:59:868+00] [266.2 MB] [CStyles] Duplicated style with name 'smalllabel_gold' in file 'UI/360/styles.xml' at line 813
[2014-07-15T12:53:59:869+00] [266.2 MB] [CStyles] Duplicated style with name 'smalllabel_gold_l' in file 'UI/360/styles.xml' at line 816
[2014-07-15T12:53:59:870+00] [266.2 MB] [CStyles] Duplicated style with name 'smalllabel_silver' in file 'UI/360/styles.xml' at line 819
[2014-07-15T12:53:59:871+00] [266.2 MB] [CStyles] Duplicated style with name 'smalllabel_silver_l' in file 'UI/360/styles.xml' at line 822
[2014-07-15T12:53:59:873+00] [266.2 MB] [CStyles] Duplicated style with name 'smalllabel_bronze' in file 'UI/360/styles.xml' at line 825
[2014-07-15T12:53:59:874+00] [266.2 MB] [CStyles] Duplicated style with name 'smalllabel_bronze_l' in file 'UI/360/styles.xml' at line 828
[2014-07-15T12:53:59:875+00] [266.2 MB] [CStyles] Duplicated style with name 'sys' in file 'UI/360/styles.xml' at line 832
[2014-07-15T12:53:59:877+00] [266.2 MB] [CStyles] Duplicated style with name 'toplabel' in file 'UI/360/styles.xml' at line 889
[2014-07-15T12:53:59:879+00] [266.2 MB] [CStyles] Duplicated style with name 'toplabel_l' in file 'UI/360/styles.xml' at line 894
[2014-07-15T12:53:59:880+00] [266.2 MB] [CStyles] Duplicated style with name 'toplabel_r' in file 'UI/360/styles.xml' at line 898
[2014-07-15T12:53:59:881+00] [266.2 MB] [CStyles] Duplicated style with name 'toplabel_dark_l' in file 'UI/360/styles.xml' at line 902
[2014-07-15T12:53:59:882+00] [266.2 MB] [CStyles] Duplicated style with name 'toplabel_max' in file 'UI/360/styles.xml' at line 907
[2014-07-15T12:53:59:883+00] [266.2 MB] [CStyles] Duplicated style with name 'toplabel_l_max' in file 'UI/360/styles.xml' at line 911
[2014-07-15T12:53:59:885+00] [266.2 MB] [CStyles] Duplicated style with name 'toplabel_r_max' in file 'UI/360/styles.xml' at line 915
[2014-07-15T12:53:59:886+00] [266.2 MB] [CStyles] Duplicated style with name 'bar_value_label' in file 'UI/360/styles.xml' at line 919
[2014-07-15T12:53:59:887+00] [266.2 MB] [CStyles] Duplicated style with name 'toplabel_red' in file 'UI/360/styles.xml' at line 923
[2014-07-15T12:53:59:888+00] [266.2 MB] [CStyles] Duplicated style with name 'toplabel_green' in file 'UI/360/styles.xml' at line 927
[2014-07-15T12:53:59:889+00] [266.2 MB] [CStyles] Duplicated style with name 'toplabel_green_dollar' in file 'UI/360/styles.xml' at line 940
[2014-07-15T12:53:59:890+00] [266.2 MB] [CStyles] Duplicated style with name 'Resultplacelabel' in file 'UI/360/styles.xml' at line 944
[2014-07-15T12:53:59:891+00] [266.2 MB] [CStyles] Duplicated style with name 'Resultplacelabel1' in file 'UI/360/styles.xml' at line 947
[2014-07-15T12:53:59:892+00] [266.2 MB] [CStyles] Duplicated style with name 'Resultplacelabel2' in file 'UI/360/styles.xml' at line 950
[2014-07-15T12:53:59:893+00] [266.2 MB] [CStyles] Duplicated style with name 'Resultplacelabel3' in file 'UI/360/styles.xml' at line 953
[2014-07-15T12:53:59:896+00] [266.2 MB] [CStyles] Duplicated style with name 'Resultplacelabel4' in file 'UI/360/styles.xml' at line 956
[2014-07-15T12:53:59:897+00] [266.2 MB] [CStyles] Duplicated style with name 'Resultplacelabel5' in file 'UI/360/styles.xml' at line 959
[2014-07-15T12:53:59:898+00] [266.2 MB] [CStyles] Duplicated style with name 'medlink' in file 'UI/360/styles.xml' at line 963
[2014-07-15T12:53:59:900+00] [266.2 MB] [CStyles] Duplicated style with name 'biglink' in file 'UI/360/styles.xml' at line 967
[2014-07-15T12:53:59:901+00] [266.2 MB] [CStyles] Duplicated style with name 'toplink' in file 'UI/360/styles.xml' at line 971
[2014-07-15T12:53:59:903+00] [266.2 MB] [CStyles] Duplicated style with name 'Underlinedlink' in file 'UI/360/styles.xml' at line 975
[2014-07-15T12:53:59:904+00] [266.2 MB] [CStyles] Duplicated style with name 'toplink_l' in file 'UI/360/styles.xml' at line 979
[2014-07-15T12:53:59:905+00] [266.2 MB] [CStyles] Duplicated style with name 'toplink_r' in file 'UI/360/styles.xml' at line 983
[2014-07-15T12:53:59:906+00] [266.2 MB] [CStyles] Duplicated style with name 'toplabel_grey_l' in file 'UI/360/styles.xml' at line 987
[2014-07-15T12:53:59:907+00] [266.2 MB] [CStyles] Duplicated style with name 'start' in file 'UI/360/styles.xml' at line 991
[2014-07-15T12:53:59:908+00] [266.2 MB] [CStyles] Duplicated style with name 'start2' in file 'UI/360/styles.xml' at line 995
[2014-07-15T12:53:59:909+00] [266.2 MB] [CStyles] Duplicated style with name 'genericbtn' in file 'UI/360/styles.xml' at line 999
[2014-07-15T12:53:59:910+00] [266.2 MB] [CStyles] Duplicated style with name 'geartype' in file 'UI/360/styles.xml' at line 1003
[2014-07-15T12:53:59:912+00] [266.2 MB] [CStyles] Duplicated style with name 'messageboxBtn' in file 'UI/360/styles.xml' at line 1007
[2014-07-15T12:53:59:913+00] [266.2 MB] [CStyles] Duplicated style with name 'messageboxBtnPos' in file 'UI/360/styles.xml' at line 1011
[2014-07-15T12:53:59:914+00] [266.2 MB] [CStyles] Duplicated style with name 'messageboxBtnNeg' in file 'UI/360/styles.xml' at line 1015
[2014-07-15T12:53:59:915+00] [266.2 MB] [CStyles] Duplicated style with name 'attachlink' in file 'UI/360/styles.xml' at line 1019
[2014-07-15T12:53:59:916+00] [266.2 MB] [CStyles] Duplicated style with name 'keyCell' in file 'UI/360/styles.xml' at line 1023
[2014-07-15T12:53:59:918+00] [266.2 MB] [CStyles] Duplicated style with name 'keyButton' in file 'UI/360/styles.xml' at line 1027
[2014-07-15T12:53:59:919+00] [266.2 MB] [CStyles] Duplicated style with name 'orangeTab' in file 'UI/360/styles.xml' at line 1031
[2014-07-15T12:53:59:920+00] [266.2 MB] [CStyles] Duplicated style with name 'orangeTab2' in file 'UI/360/styles.xml' at line 1035
[2014-07-15T12:53:59:922+00] [266.2 MB] [CStyles] Duplicated style with name 'keyCellOLD' in file 'UI/360/styles.xml' at line 1041
[2014-07-15T12:53:59:923+00] [266.2 MB] [CStyles] Duplicated style with name 'classSelect' in file 'UI/360/styles.xml' at line 1045
[2014-07-15T12:53:59:924+00] [266.2 MB] [CStyles] Duplicated style with name 'main_btn' in file 'UI/360/styles.xml' at line 1050
[2014-07-15T12:53:59:925+00] [266.2 MB] [CStyles] Duplicated style with name 'mainlink' in file 'UI/360/styles.xml' at line 1053
[2014-07-15T12:53:59:926+00] [266.2 MB] [CStyles] Duplicated style with name 'mainlinkbig' in file 'UI/360/styles.xml' at line 1057
[2014-07-15T12:53:59:928+00] [266.2 MB] [CStyles] Duplicated style with name 'mainlink_start' in file 'UI/360/styles.xml' at line 1061
[2014-07-15T12:53:59:929+00] [266.2 MB] [CStyles] Duplicated style with name 'mainlink_ready' in file 'UI/360/styles.xml' at line 1065
[2014-07-15T12:53:59:930+00] [266.2 MB] [CStyles] Duplicated style with name 'mainlink_notready' in file 'UI/360/styles.xml' at line 1069
[2014-07-15T12:53:59:933+00] [266.2 MB] [CStyles] Duplicated style with name 'yellow_btn' in file 'UI/360/styles.xml' at line 1149
[2014-07-15T12:53:59:934+00] [266.2 MB] [CStyles] Duplicated style with name 'yellow_findgame' in file 'UI/360/styles.xml' at line 1150
[2014-07-15T12:53:59:936+00] [266.2 MB] [CStyles] Duplicated style with name 'tinylink' in file 'UI/360/styles.xml' at line 1155
[2014-07-15T12:53:59:937+00] [266.2 MB] [CStyles] Duplicated style with name 'warning' in file 'UI/360/styles.xml' at line 1159
[2014-07-15T12:53:59:938+00] [266.2 MB] [CStyles] Duplicated style with name 'link' in file 'UI/360/styles.xml' at line 1164
[2014-07-15T12:53:59:940+00] [266.2 MB] [CStyles] Duplicated style with name 'link_l' in file 'UI/360/styles.xml' at line 1168
[2014-07-15T12:53:59:941+00] [266.2 MB] [CStyles] Duplicated style with name 'header_link' in file 'UI/360/styles.xml' at line 1173
[2014-07-15T12:53:59:942+00] [266.2 MB] [CStyles] Duplicated style with name 'top_menu' in file 'UI/360/styles.xml' at line 1177
[2014-07-15T12:53:59:943+00] [266.2 MB] [CStyles] Duplicated style with name 'top_menu2' in file 'UI/360/styles.xml' at line 1181
[2014-07-15T12:53:59:944+00] [266.2 MB] [CStyles] Duplicated style with name 'generic_btn_big' in file 'UI/360/styles.xml' at line 1186
[2014-07-15T12:53:59:945+00] [266.2 MB] [CStyles] Duplicated style with name 'description' in file 'UI/360/styles.xml' at line 1190
[2014-07-15T12:53:59:946+00] [266.2 MB] [CStyles] Duplicated style with name 'info' in file 'UI/360/styles.xml' at line 1194
[2014-07-15T12:53:59:947+00] [266.2 MB] [CStyles] Duplicated style with name 'small_link' in file 'UI/360/styles.xml' at line 1198
[2014-07-15T12:53:59:948+00] [266.2 MB] [CStyles] Duplicated style with name 'medium_link' in file 'UI/360/styles.xml' at line 1202
[2014-07-15T12:53:59:949+00] [266.2 MB] [CStyles] Duplicated style with name 'big_link_right' in file 'UI/360/styles.xml' at line 1206
[2014-07-15T12:53:59:950+00] [266.2 MB] [CStyles] Duplicated style with name 'start_ready' in file 'UI/360/styles.xml' at line 1210
[2014-07-15T12:53:59:951+00] [266.2 MB] [CStyles] Duplicated style with name 'big_link_left' in file 'UI/360/styles.xml' at line 1214
[2014-07-15T12:53:59:952+00] [266.2 MB] [CStyles] Duplicated style with name 'mode_selection_link' in file 'UI/360/styles.xml' at line 1218
[2014-07-15T12:53:59:953+00] [266.2 MB] [CStyles] Duplicated style with name 'chat_channel_link' in file 'UI/360/styles.xml' at line 1222
[2014-07-15T12:53:59:954+00] [266.2 MB] [CStyles] Duplicated style with name 'simple_text' in file 'UI/360/styles.xml' at line 1229
[2014-07-15T12:53:59:956+00] [266.2 MB] [CStyles] Duplicated style with name 'resultScrPlayerName' in file 'UI/360/styles.xml' at line 1233
[2014-07-15T12:53:59:957+00] [266.2 MB] [CStyles] Duplicated style with name 'PlayerBadgeKings' in file 'UI/360/styles.xml' at line 1237
[2014-07-15T12:53:59:958+00] [266.2 MB] [CStyles] Duplicated style with name 'PlayerBadgeLoading' in file 'UI/360/styles.xml' at line 1241
[2014-07-15T12:53:59:959+00] [266.2 MB] [CStyles] Duplicated style with name 'LoadingBarPlayers' in file 'UI/360/styles.xml' at line 1245
[2014-07-15T12:53:59:962+00] [266.2 MB] [CStyles] Duplicated style with name 'LoadingBarPlayers2' in file 'UI/360/styles.xml' at line 1248
[2014-07-15T12:53:59:963+00] [266.2 MB] [CStyles] Duplicated style with name 'LoadingBarPlayers_right' in file 'UI/360/styles.xml' at line 1251
[2014-07-15T12:53:59:964+00] [266.2 MB] [CStyles] Duplicated style with name 'LoadingBarPlayers_right2' in file 'UI/360/styles.xml' at line 1255
[2014-07-15T12:53:59:965+00] [266.2 MB] [CStyles] Duplicated style with name 'resultScrPlayerScore' in file 'UI/360/styles.xml' at line 1259
[2014-07-15T12:53:59:966+00] [266.2 MB] [CStyles] Duplicated style with name 'label' in file 'UI/360/styles.xml' at line 1263
[2014-07-15T12:53:59:968+00] [266.2 MB] [CStyles] Duplicated style with name 'group_title_label' in file 'UI/360/styles.xml' at line 1266
[2014-07-15T12:53:59:969+00] [266.2 MB] [CStyles] Duplicated style with name 'stats_label' in file 'UI/360/styles.xml' at line 1270
[2014-07-15T12:53:59:970+00] [266.2 MB] [CStyles] Duplicated style with name 'stats_title_label' in file 'UI/360/styles.xml' at line 1274
[2014-07-15T12:53:59:973+00] [266.2 MB] [CStyles] Duplicated style with name 'item_description' in file 'UI/360/styles.xml' at line 1278
[2014-07-15T12:53:59:974+00] [266.2 MB] [CStyles] Duplicated style with name 'options_title_label' in file 'UI/360/styles.xml' at line 1282
[2014-07-15T12:53:59:975+00] [266.2 MB] [CStyles] Duplicated style with name 'white_label_12' in file 'UI/360/styles.xml' at line 1286
[2014-07-15T12:53:59:976+00] [266.2 MB] [CStyles] Duplicated style with name 'yellow_label_12' in file 'UI/360/styles.xml' at line 1290
[2014-07-15T12:53:59:977+00] [266.2 MB] [CStyles] Duplicated style with name 'yellow_label_20' in file 'UI/360/styles.xml' at line 1294
[2014-07-15T12:53:59:979+00] [266.2 MB] [CStyles] Duplicated style with name 'white_label_12_right' in file 'UI/360/styles.xml' at line 1298
[2014-07-15T12:53:59:980+00] [266.2 MB] [CStyles] Duplicated style with name 'white_label_14_right' in file 'UI/360/styles.xml' at line 1302
[2014-07-15T12:53:59:981+00] [266.2 MB] [CStyles] Duplicated style with name 'white_label_14_center' in file 'UI/360/styles.xml' at line 1306
[2014-07-15T12:53:59:982+00] [266.2 MB] [CStyles] Duplicated style with name 'white_label_14' in file 'UI/360/styles.xml' at line 1310
[2014-07-15T12:53:59:984+00] [266.2 MB] [CStyles] Duplicated style with name 'rich_item_description' in file 'UI/360/styles.xml' at line 1316
[2014-07-15T12:53:59:985+00] [266.2 MB] [CStyles] Duplicated style with name 'richText_rewards' in file 'UI/360/styles.xml' at line 1320
[2014-07-15T12:53:59:986+00] [266.2 MB] [CStyles] Duplicated style with name 'rich_item_description_lobby' in file 'UI/360/styles.xml' at line 1324
[2014-07-15T12:53:59:987+00] [266.2 MB] [CStyles] Duplicated style with name 'labelEurope' in file 'UI/360/styles.xml' at line 1329
[2014-07-15T12:53:59:989+00] [266.2 MB] [CStyles] Duplicated style with name 'gray_label_20_right' in file 'UI/360/styles.xml' at line 1332
[2014-07-15T12:53:59:990+00] [266.2 MB] [CStyles] Duplicated style with name 'warning_label_20' in file 'UI/360/styles.xml' at line 1335
[2014-07-15T12:53:59:991+00] [266.2 MB] [CStyles] Duplicated style with name 'gray_label_20_left' in file 'UI/360/styles.xml' at line 1340
[2014-07-15T12:53:59:992+00] [266.2 MB] [CStyles] Duplicated style with name 'white_label_20_straight' in file 'UI/360/styles.xml' at line 1344
[2014-07-15T12:53:59:994+00] [266.2 MB] [CStyles] Duplicated style with name 'white_label_25_straight' in file 'UI/360/styles.xml' at line 1348
[2014-07-15T12:53:59:996+00] [266.2 MB] [CStyles] Duplicated style with name 'white_label_20_left' in file 'UI/360/styles.xml' at line 1352
[2014-07-15T12:53:59:998+00] [266.2 MB] [CStyles] Duplicated style with name 'stats_progress_bar' in file 'UI/360/styles.xml' at line 1412
[2014-07-15T12:53:59:999+00] [266.2 MB] [CStyles] Duplicated style with name 'progress_bar_wpn_stat' in file 'UI/360/styles.xml' at line 1416
[2014-07-15T12:54:00:000+00] [266.2 MB] [CStyles] Duplicated style with name 'progress_bar_wpn_stat_damaged' in file 'UI/360/styles.xml' at line 1420
[2014-07-15T12:54:00:001+00] [266.2 MB] [CStyles] Duplicated style with name 'timestats_progress_bar' in file 'UI/360/styles.xml' at line 1428
[2014-07-15T12:54:00:002+00] [266.2 MB] [CStyles] Duplicated style with name 'stylized_progress_bar' in file 'UI/360/styles.xml' at line 1432
[2014-07-15T12:54:00:003+00] [266.2 MB] [CStyles] Duplicated style with name 'rewards_progress_bar' in file 'UI/360/styles.xml' at line 1436
[2014-07-15T12:54:00:005+00] [266.2 MB] [CStyles] Duplicated style with name 'loading_progress_bar' in file 'UI/360/styles.xml' at line 1442
[2014-07-15T12:54:00:006+00] [266.2 MB] [CStyles] Duplicated style with name 'SponsorProgress' in file 'UI/360/styles.xml' at line 1446
[2014-07-15T12:54:00:007+00] [266.2 MB] [CStyles] Duplicated style with name 'tiny_progress_1' in file 'UI/360/styles.xml' at line 1449
[2014-07-15T12:54:00:008+00] [266.2 MB] [CStyles] Duplicated style with name 'wpnSlot' in file 'UI/360/styles.xml' at line 1456
[2014-07-15T12:54:00:009+00] [266.2 MB] [CStyles] Duplicated style with name 'inventory_slot_large' in file 'UI/360/styles.xml' at line 1461
[2014-07-15T12:54:00:011+00] [266.2 MB] [CStyles] Duplicated style with name 'inventory_slot_small' in file 'UI/360/styles.xml' at line 1465
[2014-07-15T12:54:00:012+00] [266.2 MB] [CStyles] Duplicated style with name 'pocket_slot' in file 'UI/360/styles.xml' at line 1469
[2014-07-15T12:54:00:014+00] [266.2 MB] [CStyles] Duplicated style with name 'armor_slot' in file 'UI/360/styles.xml' at line 1473
[2014-07-15T12:54:00:015+00] [266.2 MB] [CStyles] Duplicated style with name 'item_cell' in file 'UI/360/styles.xml' at line 1480
[2014-07-15T12:54:00:016+00] [266.2 MB] [CStyles] Duplicated style with name 'weapon_slot' in file 'UI/360/styles.xml' at line 1483
[2014-07-15T12:54:00:017+00] [266.2 MB] [CStyles] Duplicated style with name 'shop_weapon_slot' in file 'UI/360/styles.xml' at line 1487
[2014-07-15T12:54:00:018+00] [266.2 MB] [CStyles] Duplicated style with name 'armor_slot_dm' in file 'UI/360/styles.xml' at line 1491
[2014-07-15T12:54:00:019+00] [266.2 MB] [CStyles] Duplicated style with name 'dm_slot' in file 'UI/360/styles.xml' at line 1495
[2014-07-15T12:54:00:020+00] [266.2 MB] [CStyles] Duplicated style with name 'items_grid' in file 'UI/360/styles.xml' at line 1501
[2014-07-15T12:54:00:022+00] [266.2 MB] [CStyles] Duplicated style with name 'items_grid_misc' in file 'UI/360/styles.xml' at line 1509
[2014-07-15T12:54:00:023+00] [266.2 MB] [CStyles] Duplicated style with name 'items_grid_old' in file 'UI/360/styles.xml' at line 1513
[2014-07-15T12:54:00:024+00] [266.2 MB] [CStyles] Duplicated style with name 'items_grid_shop' in file 'UI/360/styles.xml' at line 1517
[2014-07-15T12:54:00:025+00] [266.2 MB] [CStyles] Duplicated style with name 'items_grid_progression' in file 'UI/360/styles.xml' at line 1521
[2014-07-15T12:54:00:028+00] [266.2 MB] [CStyles] Duplicated style with name 'items_grid_heads' in file 'UI/360/styles.xml' at line 1525
[2014-07-15T12:54:00:029+00] [266.2 MB] [CStyles] Duplicated style with name 'scoreboard_listbox' in file 'UI/360/styles.xml' at line 1529
[2014-07-15T12:54:00:030+00] [266.2 MB] [CStyles] Duplicated style with name 'vscroll' in file 'UI/360/styles.xml' at line 1535
[2014-07-15T12:54:00:031+00] [266.2 MB] [CStyles] Duplicated style with name 'combobox' in file 'UI/360/styles.xml' at line 1540
[2014-07-15T12:54:00:032+00] [266.2 MB] [CStyles] Duplicated style with name 'editbox' in file 'UI/360/styles.xml' at line 1545
[2014-07-15T12:54:00:033+00] [266.2 MB] [CStyles] Duplicated style with name 'room_name' in file 'UI/360/styles.xml' at line 1548
[2014-07-15T12:54:00:035+00] [266.2 MB] [CStyles] Duplicated style with name 'clan_name' in file 'UI/360/styles.xml' at line 1552
[2014-07-15T12:54:00:036+00] [266.2 MB] [CStyles] Duplicated style with name 'clan_description' in file 'UI/360/styles.xml' at line 1555
[2014-07-15T12:54:00:037+00] [266.2 MB] [CStyles] Duplicated style with name 'password' in file 'UI/360/styles.xml' at line 1559
[2014-07-15T12:54:00:039+00] [266.2 MB] [CStyles] Duplicated style with name 'login' in file 'UI/360/styles.xml' at line 1563
[2014-07-15T12:54:00:040+00] [266.2 MB] [CStyles] Duplicated style with name 'characterName' in file 'UI/360/styles.xml' at line 1567
[2014-07-15T12:54:00:041+00] [266.2 MB] [CStyles] Duplicated style with name 'inputfield01' in file 'UI/360/styles.xml' at line 1573
[2014-07-15T12:54:00:042+00] [266.2 MB] [CStyles] Duplicated style with name 'inputfield02' in file 'UI/360/styles.xml' at line 1576
[2014-07-15T12:54:00:044+00] [266.2 MB] [CStyles] Duplicated style with name 'checkbox' in file 'UI/360/styles.xml' at line 1584
[2014-07-15T12:54:00:045+00] [266.2 MB] [CStyles] Duplicated style with name 'result_separator' in file 'UI/360/styles.xml' at line 1588
[2014-07-15T12:54:00:096+00] [266.5 MB] Loading image XML file 'Libs/Config/UI/images.xml'
[2014-07-15T12:54:00:098+00] [266.5 MB] Loading image XML file 'Libs/Config/UI/CombatLogIcons.xml'
[2014-07-15T12:54:00:121+00] [266.5 MB] Loading image XML file 'Libs/Config/UI/HUDIcons.xml'
[2014-07-15T12:54:00:136+00] [266.5 MB] Loading image XML file 'Libs/Config/UI/classIcons.xml'
[2014-07-15T12:54:00:147+00] [266.4 MB] Loading image XML file 'Libs/Config/UI/stance_icons.xml'
[2014-07-15T12:54:00:150+00] [266.4 MB] Loading image XML file 'Libs/Config/UI/360/stance_icons.xml'
[2014-07-15T12:54:00:151+00] [266.4 MB] [ImageManager] Duplicated image with name 'male_stand' at line 0
[2014-07-15T12:54:00:153+00] [266.4 MB] [ImageManager] Duplicated image with name 'male_walk' at line 0
[2014-07-15T12:54:00:154+00] [266.4 MB] [ImageManager] Duplicated image with name 'male_run' at line 0
[2014-07-15T12:54:00:156+00] [266.4 MB] [ImageManager] Duplicated image with name 'male_haste' at line 0
[2014-07-15T12:54:00:157+00] [266.4 MB] [ImageManager] Duplicated image with name 'male_crouch' at line 0
[2014-07-15T12:54:00:158+00] [266.4 MB] [ImageManager] Duplicated image with name 'male_prone' at line 0
[2014-07-15T12:54:00:161+00] [266.4 MB] [ImageManager] Duplicated image with name 'male_slide' at line 0
[2014-07-15T12:54:00:162+00] [266.4 MB] Loading image XML file 'Libs/Config/UI/banners.xml'
[2014-07-15T12:54:00:165+00] [266.5 MB] Loading image XML file 'Libs/Config/UI/weaponsItemsIcons.xml'
[2014-07-15T12:54:00:202+00] [266.5 MB] Loading image XML file 'Libs/Config/UI/attachmentsItemsIcons.xml'
[2014-07-15T12:54:00:216+00] [266.5 MB] Loading image XML file 'Libs/Config/UI/assetsItemsIcons.xml'
[2014-07-15T12:54:00:237+00] [266.5 MB] Loading image XML file 'Libs/Config/UI/materialsIcons.xml'
[2014-07-15T12:54:00:241+00] [266.5 MB] Loading image XML file 'Libs/Config/UI/mapImagesPVP.xml'
[2014-07-15T12:54:00:252+00] [266.5 MB] Loading image XML file 'Libs/Config/UI/mapImagesPVE.xml'
[2014-07-15T12:54:00:275+00] [266.5 MB] Loading image XML file 'Libs/Config/UI/instantAwards.xml'
[2014-07-15T12:54:00:282+00] [266.5 MB] Loading image XML file 'Libs/Config/UI/challengesIcons.xml'
[2014-07-15T12:54:00:354+00] [266.6 MB] Loading image XML file 'Libs/Config/UI/randomBoxesIcons.xml'
[2014-07-15T12:54:00:395+00] [266.6 MB] [ThemeManager::GetPath] Not found path='Textures/Defaults/' file='replaceme.dds'
[2014-07-15T12:54:00:401+00] [266.6 MB] Loading image XML file 'Libs/Config/UI/360/images.xml'
[2014-07-15T12:54:00:403+00] [266.6 MB] [ImageManager] Duplicated image with name 'crown_money_icon' at line 0
[2014-07-15T12:54:00:404+00] [266.6 MB] [ImageManager] Duplicated image with name 'cry_money_icon' at line 0
[2014-07-15T12:54:00:405+00] [266.6 MB] [ImageManager] Duplicated image with name 'game_money_icon' at line 0
[2014-07-15T12:54:00:407+00] [266.6 MB] [ImageManager] Duplicated image with name 'ButtonItemCell_up' at line 0
[2014-07-15T12:54:00:409+00] [266.6 MB] [ImageManager] Duplicated image with name 'ButtonItemCell_over' at line 0
[2014-07-15T12:54:00:410+00] [266.6 MB] [ImageManager] Duplicated image with name 'ButtonItemCell_down' at line 0
[2014-07-15T12:54:00:411+00] [266.6 MB] [ImageManager] Duplicated image with name 'ButtonItemCell_disable' at line 0
[2014-07-15T12:54:00:413+00] [266.6 MB] [ImageManager] Duplicated image with name 'Btn_ItemCell_Inventory_up' at line 0
[2014-07-15T12:54:00:415+00] [266.6 MB] [ImageManager] Duplicated image with name 'Btn_ItemCell_Inventory_over' at line 0
[2014-07-15T12:54:00:416+00] [266.6 MB] [ImageManager] Duplicated image with name 'Btn_ItemCell_Inventory_down' at line 0
[2014-07-15T12:54:00:417+00] [266.6 MB] [ImageManager] Duplicated image with name 'Btn_ItemCell_Inventory_disable' at line 0
[2014-07-15T12:54:00:418+00] [266.6 MB] [ImageManager] Duplicated image with name 'Nb_Shop_down' at line 0
[2014-07-15T12:54:00:419+00] [266.6 MB] [ImageManager] Duplicated image with name 'Nb_Storage_down' at line 0
[2014-07-15T12:54:00:420+00] [266.6 MB] [ImageManager] Duplicated image with name 'Nb_Statistic_down' at line 0
[2014-07-15T12:54:00:421+00] [266.6 MB] [ImageManager] Duplicated image with name 'Nb_Clans_down' at line 0
[2014-07-15T12:54:00:423+00] [266.6 MB] [ImageManager] Duplicated image with name 'Nb_Contracts_down' at line 0
[2014-07-15T12:54:00:425+00] [266.6 MB] [ImageManager] Duplicated image with name 'Nb_Shop_over' at line 0
[2014-07-15T12:54:00:426+00] [266.6 MB] [ImageManager] Duplicated image with name 'Nb_Storage_over' at line 0
[2014-07-15T12:54:00:427+00] [266.6 MB] [ImageManager] Duplicated image with name 'Nb_Statistic_over' at line 0
[2014-07-15T12:54:00:429+00] [266.6 MB] [ImageManager] Duplicated image with name 'Nb_Clans_over' at line 0
[2014-07-15T12:54:00:430+00] [266.6 MB] [ImageManager] Duplicated image with name 'Nb_Contracts_over' at line 0
[2014-07-15T12:54:00:432+00] [266.6 MB] [ImageManager] Duplicated image with name 'Nb_Shop_up' at line 0
[2014-07-15T12:54:00:434+00] [266.6 MB] [ImageManager] Duplicated image with name 'Nb_Storage_up' at line 0
[2014-07-15T12:54:00:436+00] [266.6 MB] [ImageManager] Duplicated image with name 'Nb_Statistic_up' at line 0
[2014-07-15T12:54:00:437+00] [266.6 MB] [ImageManager] Duplicated image with name 'Nb_Clans_up' at line 0
[2014-07-15T12:54:00:438+00] [266.6 MB] [ImageManager] Duplicated image with name 'Nb_Contracts_up' at line 0
[2014-07-15T12:54:00:439+00] [266.6 MB] [ImageManager] Duplicated image with name 'Nb_Shop_disable' at line 0
[2014-07-15T12:54:00:440+00] [266.6 MB] [ImageManager] Duplicated image with name 'Nb_Storage_disable' at line 0
[2014-07-15T12:54:00:441+00] [266.6 MB] [ImageManager] Duplicated image with name 'Nb_Statistic_disable' at line 0
[2014-07-15T12:54:00:442+00] [266.6 MB] [ImageManager] Duplicated image with name 'Nb_Clans_disable' at line 0
[2014-07-15T12:54:00:444+00] [266.6 MB] [ImageManager] Duplicated image with name 'Nb_Contracts_disable' at line 0
[2014-07-15T12:54:00:446+00] [266.6 MB] [ImageManager] Duplicated image with name 'LoadingTutorMEDIC_BG' at line 0
[2014-07-15T12:54:00:447+00] [266.6 MB] [ImageManager] Duplicated image with name 'LoadingTutorENGINEER_BG' at line 0
[2014-07-15T12:54:00:448+00] [266.6 MB] [ImageManager] Duplicated image with name 'LoadingTutorBASIC_BG' at line 0
[2014-07-15T12:54:00:449+00] [266.6 MB] [ImageManager] Duplicated image with name 'Cryteklogo' at line 0
[2014-07-15T12:54:00:456+00] [266.6 MB] [ImageManager] Duplicated image with name 'IconBoostMoney' at line 0
[2014-07-15T12:54:00:458+00] [266.6 MB] [ImageManager] Duplicated image with name 'IconBoostXP' at line 0
[2014-07-15T12:54:00:459+00] [266.6 MB] [ImageManager] Duplicated image with name 'IconBoostVP' at line 0
[2014-07-15T12:54:00:460+00] [266.6 MB] [ImageManager] Duplicated image with name 'IconBoostIGR' at line 0
[2014-07-15T12:54:00:461+00] [266.6 MB] [ImageManager] Duplicated image with name 'ItemBoosterMoney' at line 0
[2014-07-15T12:54:00:462+00] [266.6 MB] [ImageManager] Duplicated image with name 'ItemBoosterXP' at line 0
[2014-07-15T12:54:00:463+00] [266.6 MB] [ImageManager] Duplicated image with name 'ItemBoosterVP' at line 0
[2014-07-15T12:54:00:464+00] [266.6 MB] [ImageManager] Duplicated image with name 'ItemBoosterVIP' at line 0
[2014-07-15T12:54:00:496+00] [266.8 MB] [Error] <Flash> Missing font "Times New Roman" in "_level0.label". Search log:
   Searching for font: "Times New Roman" [Device]
      Movie resource: "Times New Roman" [Device] not found.
      Imports       : "Times New Roman" [Device] not found.
      Exported      : "Times New Roman" [Device] not found.
      Searching again without [Device] flag:
         Movie resource: "Times New Roman"  ref found, requires FontLib/Map/Provider.
   Font not found. [Libs/UI/Controls/tooltip.gfx]
[2014-07-15T12:54:00:515+00] [266.9 MB] [CUIBackgroundManager] Loading background configuration
[2014-07-15T12:54:00:526+00] [267.0 MB] [SOUND] 402F8880->Blocking/CSoundSystem::CreateListener()
[2014-07-15T12:54:00:530+00] [267.0 MB] [CFlowchartManager] Entering state 'login'
[2014-07-15T12:54:00:532+00] [267.0 MB] [Warning] [UI Precache] Loading screen 'save_icon' that wasn't preloaded
[2014-07-15T12:54:00:542+00] [267.3 MB] [Error] <Flash> Error: Can't find method '_level0.set_size' to invoke. [libs/ui/controls/savespinner.gfx]
[2014-07-15T12:54:00:544+00] [267.3 MB] [Error] <Flash> Error: Can't find method '_level0.set_font_scale' to invoke. [libs/ui/controls/savespinner.gfx]
[2014-07-15T12:54:00:545+00] [267.3 MB] [Error] <Flash> Error: Can't find method '_level0.enable' to invoke. [libs/ui/controls/savespinner.gfx]
[2014-07-15T12:54:00:546+00] [267.3 MB] [Error] <Flash> Error: Can't find method '_level0.set_size' to invoke. [libs/ui/controls/savespinner.gfx]
[2014-07-15T12:54:00:547+00] [267.3 MB] CScreenManager::ResetCursorPosition() Calling OnResetCursor() on save_icon
[2014-07-15T12:54:00:548+00] [267.3 MB] [ScreenManager] [12:54:00] Open screen: 'save_icon' opened in 17 ms time, frame 0
[2014-07-15T12:54:00:556+00] [267.4 MB] [Warning] [CBackgroundServer]: close orphan server isn't implemented
[2014-07-15T12:54:00:610+00] [267.5 MB] [Warning] [GameItems] No asset with name f_engineer_fbs_body_02 found in slot skin, file f_engineer_fbs_02.xml.
[2014-07-15T12:54:00:612+00] [267.5 MB] [Warning] [GameItems] No asset with name f_engineer_fbs_body_02_b found in slot skin, file f_engineer_fbs_02.xml.
[2014-07-15T12:54:00:613+00] [267.5 MB] [Warning] [GameItems] No asset with name f_engineer_fbs_legs_02 found in slot skin, file f_engineer_fbs_02.xml.
[2014-07-15T12:54:00:614+00] [267.5 MB] [Warning] [GameItems] No asset with name f_engineer_fbs_legs_02_b found in slot skin, file f_engineer_fbs_02.xml.
[2014-07-15T12:54:00:615+00] [267.5 MB] [Warning] [GameItems] No asset with name f_engineer_fbs_arms_02_fp found in slot skin, file f_engineer_fbs_02.xml.
[2014-07-15T12:54:00:616+00] [267.5 MB] [Warning] [GameItems] No asset with name f_engineer_fbs_arms_02_fp_b found in slot skin, file f_engineer_fbs_02.xml.
[2014-07-15T12:54:00:617+00] [267.5 MB] [Warning] [GameItems] No asset with name f_engineer_fbs_arms_02_hp found in slot skin, file f_engineer_fbs_02.xml.
[2014-07-15T12:54:00:618+00] [267.5 MB] [Warning] [GameItems] No asset with name f_engineer_fbs_arms_02_hp_b found in slot skin, file f_engineer_fbs_02.xml.
[2014-07-15T12:54:00:619+00] [267.5 MB] [Warning] [GameItems] No asset with name f_medic_fbs_body_02 found in slot skin, file f_medic_fbs_02.xml.
[2014-07-15T12:54:00:620+00] [267.5 MB] [Warning] [GameItems] No asset with name f_medic_fbs_body_02_b found in slot skin, file f_medic_fbs_02.xml.
[2014-07-15T12:54:00:621+00] [267.5 MB] [Warning] [GameItems] No asset with name f_medic_fbs_legs_02 found in slot skin, file f_medic_fbs_02.xml.
[2014-07-15T12:54:00:622+00] [267.5 MB] [Warning] [GameItems] No asset with name f_medic_fbs_legs_02_b found in slot skin, file f_medic_fbs_02.xml.
[2014-07-15T12:54:00:624+00] [267.5 MB] [Warning] [GameItems] No asset with name f_medic_fbs_arms_02_fp found in slot skin, file f_medic_fbs_02.xml.
[2014-07-15T12:54:00:625+00] [267.5 MB] [Warning] [GameItems] No asset with name f_medic_fbs_arms_02_fp_b found in slot skin, file f_medic_fbs_02.xml.
[2014-07-15T12:54:00:626+00] [267.5 MB] [Warning] [GameItems] No asset with name f_medic_fbs_arms_02_hp found in slot skin, file f_medic_fbs_02.xml.
[2014-07-15T12:54:00:627+00] [267.5 MB] [Warning] [GameItems] No asset with name f_medic_fbs_arms_02_hp_b found in slot skin, file f_medic_fbs_02.xml.
[2014-07-15T12:54:00:629+00] [267.5 MB] [Warning] [GameItems] No asset with name f_sniper_fbs_body_02 found in slot skin, file f_sniper_fbs_02.xml.
[2014-07-15T12:54:00:630+00] [267.5 MB] [Warning] [GameItems] No asset with name f_sniper_fbs_body_02_b found in slot skin, file f_sniper_fbs_02.xml.
[2014-07-15T12:54:00:632+00] [267.5 MB] [Warning] [GameItems] No asset with name f_sniper_fbs_legs_02 found in slot skin, file f_sniper_fbs_02.xml.
[2014-07-15T12:54:00:634+00] [267.5 MB] [Warning] [GameItems] No asset with name f_sniper_fbs_legs_02_b found in slot skin, file f_sniper_fbs_02.xml.
[2014-07-15T12:54:00:635+00] [267.5 MB] [Warning] [GameItems] No asset with name f_sniper_fbs_arms_02_fp found in slot skin, file f_sniper_fbs_02.xml.
[2014-07-15T12:54:00:636+00] [267.5 MB] [Warning] [GameItems] No asset with name f_sniper_fbs_arms_02_fp_b found in slot skin, file f_sniper_fbs_02.xml.
[2014-07-15T12:54:00:638+00] [267.5 MB] [Warning] [GameItems] No asset with name f_sniper_fbs_arms_02_hp found in slot skin, file f_sniper_fbs_02.xml.
[2014-07-15T12:54:00:639+00] [267.5 MB] [Warning] [GameItems] No asset with name f_sniper_fbs_arms_02_hp_b found in slot skin, file f_sniper_fbs_02.xml.
[2014-07-15T12:54:00:640+00] [267.5 MB] [Warning] [GameItems] No asset with name f_soldier_fbs_body_02 found in slot skin, file f_soldier_fbs_02.xml.
[2014-07-15T12:54:00:641+00] [267.5 MB] [Warning] [GameItems] No asset with name f_soldier_fbs_body_02_b found in slot skin, file f_soldier_fbs_02.xml.
[2014-07-15T12:54:00:642+00] [267.5 MB] [Warning] [GameItems] No asset with name f_soldier_fbs_legs_02 found in slot skin, file f_soldier_fbs_02.xml.
[2014-07-15T12:54:00:643+00] [267.5 MB] [Warning] [GameItems] No asset with name f_soldier_fbs_legs_02_b found in slot skin, file f_soldier_fbs_02.xml.
[2014-07-15T12:54:00:644+00] [267.5 MB] [Warning] [GameItems] No asset with name f_soldier_fbs_arms_02_fp found in slot skin, file f_soldier_fbs_02.xml.
[2014-07-15T12:54:00:645+00] [267.5 MB] [Warning] [GameItems] No asset with name f_soldier_fbs_arms_02_fp_b found in slot skin, file f_soldier_fbs_02.xml.
[2014-07-15T12:54:00:646+00] [267.5 MB] [Warning] [GameItems] No asset with name f_soldier_fbs_arms_02_hp found in slot skin, file f_soldier_fbs_02.xml.
[2014-07-15T12:54:00:647+00] [267.5 MB] [Warning] [GameItems] No asset with name f_soldier_fbs_arms_02_hp_b found in slot skin, file f_soldier_fbs_02.xml.
[2014-07-15T12:54:00:710+00] [267.7 MB] [Warning] XML reader: Can't open file (levels/uberlevel/uberlevel.xml)
[2014-07-15T12:54:00:711+00] [267.7 MB] Error parsing <levels/uberlevel/uberlevel.xml>: XML reader: Can't open file (levels/uberlevel/uberlevel.xml)
[2014-07-15T12:54:00:712+00] [267.7 MB] [Warning] [CLevelParams::ReadMetaData] Did not find a level meta data file levels/uberlevel/uberlevel.xml in uberlevel.
[2014-07-15T12:54:00:745+00] [267.7 MB] [Warning] XML reader: Can't open file (levels/playzoo/SubMissionConfig.xml)
[2014-07-15T12:54:00:746+00] [267.7 MB] Error parsing <levels/playzoo/SubMissionConfig.xml>: XML reader: Can't open file (levels/playzoo/SubMissionConfig.xml)
[2014-07-15T12:54:00:757+00] [267.8 MB] [Warning] XML reader: Can't open file (levels/uberlevel/SubMissionConfig.xml)
[2014-07-15T12:54:00:759+00] [267.8 MB] Error parsing <levels/uberlevel/SubMissionConfig.xml>: XML reader: Can't open file (levels/uberlevel/SubMissionConfig.xml)
[2014-07-15T12:54:01:360+00] [269.5 MB] [Warning] [CAiSpawnersConfig] Invalid archetype 'AIWarface.CT_Melee.CT_Melee_Easy'
[2014-07-15T12:54:01:361+00] [269.5 MB] .
[2014-07-15T12:54:01:362+00] [269.5 MB] [Warning] [CAiSpawnersConfig] Invalid archetype 'AIWarface.CT_Melee.CT_Melee_Normal'
[2014-07-15T12:54:01:363+00] [269.5 MB] .
[2014-07-15T12:54:01:371+00] [269.6 MB] [CMissionConfig] Start config parsing: 'Game/Libs/Config/MasterServer/game_modes_config.xml'
[2014-07-15T12:54:01:397+00] [269.6 MB] [CMissionConfig] Config parsing done
[2014-07-15T12:54:01:398+00] [269.6 MB] [Warning] CGameOptions::LoadControllerLayoutFile: Failed to find preloaded controller layout for key: buttonlayout_default
[2014-07-15T12:54:01:399+00] [269.6 MB] [Warning] CGameOptions::SetControllerLayouts: Failed to load controller layout: buttonlayout_default
[2014-07-15T12:54:01:402+00] [269.6 MB] [Warning] XML reader: Can't open file (Scripts/Entities/actor/Animation/CharacterDBAs.xml)
[2014-07-15T12:54:01:403+00] [269.6 MB] Error parsing <Scripts/Entities/actor/Animation/CharacterDBAs.xml>: XML reader: Can't open file (Scripts/Entities/actor/Animation/CharacterDBAs.xml)
[2014-07-15T12:54:01:404+00] [269.6 MB] [Warning] Failed to load character dba information 'Scripts/Entities/actor/Animation/CharacterDBAs.xml'
[2014-07-15T12:54:01:406+00] [269.8 MB] [net ] [Lobby] Start SessionRegisterUserData error 0
[2014-07-15T12:54:01:407+00] [269.8 MB] [net ] [Lobby] Live Initialise error 0
[2014-07-15T12:54:01:408+00] [269.9 MB] [Lobby] Initialise service 1 error 0
[2014-07-15T12:54:01:409+00] [269.9 MB] [Invite] ClearInviteData
[2014-07-15T12:54:01:411+00] [269.9 MB] [Invite] setting invite state 0 -> 0
[2014-07-15T12:54:01:439+00] [270.0 MB] CTelemetryCollector::CheckForPreviousSessionCrash()
[2014-07-15T12:54:01:449+00] [270.0 MB] CTelemetryCollector::CheckForPreviousSessionCrash() succeeded opening crashCheckFile=./_checking_for_crash_.txt for writing
[2014-07-15T12:54:01:451+00] [270.0 MB] CTelemetryCollector::CheckForPreviousSessionCrash() - error logfile=./error.log doesn't exist
[2014-07-15T12:54:01:452+00] [270.0 MB] CTelemetryCollector::CheckForPreviousSessionCrash() has finished and successfully checked for crash so removing safeguard file=./_checking_for_crash_.txt
[2014-07-15T12:54:01:453+00] [270.0 MB] CTelemetryCollector::CheckForPreviousSessionCrash() succeeded deleting the crashCheckFileName=./_checking_for_crash_.txt - everything is setup to work with crashes again
[2014-07-15T12:54:01:454+00] [270.0 MB] CTelemetryCollector::UploadLastGameLogToPreviousSession()
[2014-07-15T12:54:01:456+00] [270.0 MB] CTelemetryCollector::UploadLastGameLogToPreviousSession() we should NOT upload gamelog - doing nothing
[2014-07-15T12:54:01:457+00] [270.0 MB] SetSessionId : Xeae853fc6IDIGQ_ms__unknown_user_125401
[2014-07-15T12:54:01:458+00] [270.0 MB] MakePostHeader
[2014-07-15T12:54:01:459+00]     [270.0 MB] SessionId : Xeae853fc6IDIGQ_ms__unknown_user_125401
[2014-07-15T12:54:01:460+00]     [270.0 MB] destFile='_TelemetryServerDestFile_'
[2014-07-15T12:54:01:461+00]     [270.0 MB] webSafeFileName='_telemetryserverdestfile_'
[2014-07-15T12:54:01:467+00] [270.0 MB] [Warning] Missing Leaderboard Data Id!
[2014-07-15T12:54:01:468+00] [270.0 MB] [Error] Assertion failed in game code 'false' Network\LeaderboardStats.cpp:642
[2014-07-15T12:54:01:470+00] [270.0 MB]                	931206E0
[2014-07-15T12:54:01:471+00] [270.0 MB]                	962B454C
[2014-07-15T12:54:01:472+00] [270.0 MB]                	9612212C
[2014-07-15T12:54:01:473+00] [270.0 MB]                	96122810
[2014-07-15T12:54:01:474+00] [270.0 MB]                	962C51B8
[2014-07-15T12:54:01:476+00] [270.0 MB]                	965ECE64
[2014-07-15T12:54:01:478+00] [270.0 MB]                	965ECB88
[2014-07-15T12:54:01:479+00] [270.0 MB]                	82012474
[2014-07-15T12:54:01:480+00] [270.0 MB]                	82012578
[2014-07-15T12:54:01:481+00] [270.0 MB]                	82013408
[2014-07-15T12:54:01:482+00] [270.0 MB]                	800A1924
[2014-07-15T12:54:01:483+00] [270.0 MB]                	8009BA1C
[2014-07-15T12:54:01:484+00] [270.0 MB] [net ] [Lobby] Start StatsRegisterLeaderBoards return 0
[2014-07-15T12:54:01:487+00] [270.0 MB] Create AG musiclogic.xml
[2014-07-15T12:54:01:636+00] [271.7 MB] <Lua> Loading SmartObjectCondition.lua
[2014-07-15T12:54:07:401+00] [248.2 MB] [CONSOLE] Executing console command 'exec autoexec.cfg'
[2014-07-15T12:54:07:414+00]     [248.2 MB] Executing console batch file (try game,config,config/content,root): "autoexec.cfg" not found!
[2014-07-15T12:54:07:415+00] [248.2 MB] CGame::OnPlatformEvent() SystemMenu event, opened: false
[2014-07-15T12:54:07:417+00] [84.9 MB] <Sound> Sound Memory Pool Primary: 9 MB
[2014-07-15T12:54:07:418+00] [87.0 MB] <Sound> Initializing AudioDevice now!
[2014-07-15T12:54:07:419+00] [87.0 MB] <Sound> Initialize FMOD with dynamic memory callbacks
[2014-07-15T12:54:07:421+00] [87.3 MB] <Sound> Starting to initialize XBox360 output! 
[2014-07-15T12:54:07:422+00] [87.3 MB] <Sound> Drivers found: 1
[2014-07-15T12:54:07:424+00] [87.3 MB] <Sound> Available playback drivers:
[2014-07-15T12:54:07:425+00] [87.3 MB] 
	1.	
[2014-07-15T12:54:07:426+00] [87.3 MB] <Sound> FmodEx-AudioDevice: Now running on driver: 
[2014-07-15T12:54:07:428+00] [87.3 MB] <Sound> Using speaker mode: FMOD_SPEAKERMODE_5POINT1
[2014-07-15T12:54:07:429+00] [87.3 MB] <Sound> Initializing FMOD-EX now!
[2014-07-15T12:54:07:430+00] [87.4 MB] <Sound> Sound-FmodEx-AudioDevice Thread created: FMOD mixer thread (-134217312) 
[2014-07-15T12:54:07:432+00] [87.4 MB] <Sound> Sound-FmodEx-AudioDevice Thread created: FMOD stream thread (-134217304) 
[2014-07-15T12:54:07:433+00] [87.4 MB] <Sound> Initialized FMOD-EX
[2014-07-15T12:54:07:434+00] [87.4 MB] <Sound> Available record drivers: 0 Xbox 360 audio input !
[2014-07-15T12:54:07:435+00] [87.4 MB] <Sound> Available record drivers: 1 Xbox 360 audio input !
[2014-07-15T12:54:07:436+00] [87.4 MB] <Sound> Available record drivers: 2 Xbox 360 audio input !
[2014-07-15T12:54:07:438+00] [87.4 MB] <Sound> Available record drivers: 3 Xbox 360 audio input !
[2014-07-15T12:54:07:439+00] [87.5 MB] <Sound> Record config is set to autodetect using record driver 0
[2014-07-15T12:54:07:440+00] [87.5 MB] <Sound> Using FMOD version: 00044227 and internal 00044227!
[2014-07-15T12:54:07:441+00] [87.5 MB] <Sound> -------------CRYSOUND-EX VERSION =   00044227 ------- 
[2014-07-15T12:54:07:442+00] [87.5 MB] <Sound> Total number of all hardware channels available: 0
[2014-07-15T12:54:07:444+00] [87.5 MB] <Sound> Initializing SoundSystem now!
[2014-07-15T12:54:07:445+00] [87.5 MB] <Sound> AD: Setting of FMOD debug level failed! The FMOD libraries do not support logging!
[2014-07-15T12:54:07:446+00] [87.8 MB] <Sound> Sound-FmodEx-AudioDevice Thread created: FMOD nonblocking thread (0) (-134217292) 
[2014-07-15T12:54:07:447+00] [186.1 MB] 	OutDisplay: Width 1920, Height 1080 , Pixel Aspect Ratio 0.900 
[2014-07-15T12:54:07:449+00] [186.1 MB] 	OutDisplay: Interlaced 0, WideScreen 1, HiDef 1, Hz 60.000000
[2014-07-15T12:54:07:450+00] [189.1 MB] D3D Adapter: Driver name: Xbox driver
[2014-07-15T12:54:07:452+00] [189.1 MB] D3D Adapter: Driver description: Xbox
[2014-07-15T12:54:07:453+00] [189.1 MB] D3D Adapter: Driver version: 0.00.00.0000
[2014-07-15T12:54:07:454+00] [189.1 MB] D3D Adapter: Driver GUID: 00000000-0000-0000-0000000000000000
[2014-07-15T12:54:07:456+00] [189.1 MB] D3D Adapter: VendorId = 0x0000
[2014-07-15T12:54:07:458+00] [189.1 MB] D3D Adapter: DeviceId = 0x0000
[2014-07-15T12:54:07:459+00] [189.1 MB] D3D Adapter: SubSysId = 0x00000000
[2014-07-15T12:54:07:460+00] [189.1 MB] D3D Adapter: Revision = 0
[2014-07-15T12:54:07:461+00] [189.1 MB] D3D Detected: Generic 3D accelerator
[2014-07-15T12:54:07:462+00] [189.1 MB] D3D Driver: FFP MaxTextureBlendStages   = 8
[2014-07-15T12:54:07:463+00] [189.1 MB] D3D Driver: FFP MaxSimultaneousTextures = 26
[2014-07-15T12:54:07:464+00] [189.1 MB]   Using 'A8R8G8B8' pixel texture format (Can autogen mips)
[2014-07-15T12:54:07:465+00] [189.1 MB]   Using 'A2R10G10B10' pixel texture format (Can autogen mips)
[2014-07-15T12:54:07:467+00] [189.1 MB]   Using 'X8R8G8B8' pixel texture format (Can autogen mips)
[2014-07-15T12:54:07:469+00] [189.1 MB]   Using 'A4R4G4B4' pixel texture format (Can autogen mips)
[2014-07-15T12:54:07:470+00] [189.1 MB]   Using 'R5G6B5' pixel texture format (Can autogen mips)
[2014-07-15T12:54:07:471+00] [189.1 MB]   Using 'A8' pixel texture format (Can autogen mips)
[2014-07-15T12:54:07:472+00] [189.1 MB]   Using 'A8_LIN' pixel texture format (Can autogen mips)
[2014-07-15T12:54:07:473+00] [189.1 MB]   Using 'Q8W8V8U8' pixel texture format (Can autogen mips)
[2014-07-15T12:54:07:474+00] [189.1 MB]   Using 'R11G11B10' pixel texture format (Can autogen mips)
[2014-07-15T12:54:07:476+00] [189.1 MB]   Using 'CTX1' pixel texture format (Can autogen mips)
[2014-07-15T12:54:07:477+00] [189.1 MB]   Using 'A8L8' pixel texture format (Can autogen mips)
[2014-07-15T12:54:07:478+00] [189.1 MB]   Using 'L8' pixel texture format (Can autogen mips)
[2014-07-15T12:54:07:480+00] [189.1 MB]   Using 'A16B16G16R16F' pixel texture format (Can autogen mips)
[2014-07-15T12:54:07:481+00] [189.1 MB]   Using 'A16B16G16R16' pixel texture format (Can autogen mips)
[2014-07-15T12:54:07:482+00] [189.1 MB]   Using 'G16R16F' pixel texture format (Can autogen mips)
[2014-07-15T12:54:07:483+00] [189.1 MB]   Using 'G16R16' pixel texture format (Can autogen mips)
[2014-07-15T12:54:07:485+00] [189.1 MB]   Using 'V16U16' pixel texture format (Can autogen mips)
[2014-07-15T12:54:07:486+00] [189.1 MB]   Using 'R16F' pixel texture format (Can autogen mips)
[2014-07-15T12:54:07:487+00] [189.1 MB]   Using 'R32F' pixel texture format (Can autogen mips)
[2014-07-15T12:54:07:488+00] [189.1 MB]   Using 'A32B32G32R32F' pixel texture format (Can autogen mips)
[2014-07-15T12:54:07:489+00] [189.1 MB]   Using 'DXT1' pixel texture format (Can autogen mips)
[2014-07-15T12:54:07:490+00] [189.1 MB]   Using 'DXT3' pixel texture format (Can autogen mips)
[2014-07-15T12:54:07:492+00] [189.1 MB]   Using 'DXT5' pixel texture format (Can autogen mips)
[2014-07-15T12:54:07:493+00] [189.1 MB]   Using '3DC' pixel texture format (Can autogen mips)
[2014-07-15T12:54:07:494+00] [189.1 MB]   Using 'D24S8' pixel texture format (Can autogen mips)
[2014-07-15T12:54:07:496+00] [189.1 MB]   Using 'D16' pixel texture format (Can autogen mips)
[2014-07-15T12:54:07:497+00] [189.1 MB] D3D Driver: Supports MaxAnisotropy level 16
[2014-07-15T12:54:07:498+00] [189.1 MB] D3D Driver: Textures (8x8)-(8192x8192), Max aspect 8192
[2014-07-15T12:54:07:499+00] [189.3 MB]  Renderer HDR_Scalar: R32F
[2014-07-15T12:54:07:500+00] [189.3 MB] 	OutDisplay: Width 1920, Height 1080 , Pixel Aspect Ratio 0.900 
[2014-07-15T12:54:07:502+00] [189.3 MB] 	OutDisplay: Interlaced 0, WideScreen 1, HiDef 1, Hz 60.000000
[2014-07-15T12:54:07:503+00] [204.2 MB] Allocate render buffer for particles (16384 verts, 32768 tris)...
[2014-07-15T12:54:07:504+00] [208.7 MB] [CShaderSerialize] Import Shader: Fallback flags: 0x0 mdvFlags: 0x0 from GLOBAL cache Shaders/Cache/x360/Fallback.fxb
[2014-07-15T12:54:07:505+00] [208.7 MB] [CShaderSerialize] Import Shader: FixedPipelineEmu flags: 0x0 mdvFlags: 0x0 from GLOBAL cache Shaders/Cache/x360/FixedPipelineEmu.fxb
[2014-07-15T12:54:07:507+00] [208.7 MB] [CShaderSerialize] Import Shader: Scaleform flags: 0x0 mdvFlags: 0x0 from GLOBAL cache Shaders/Cache/x360/Scaleform.fxb
[2014-07-15T12:54:07:508+00] [208.7 MB] [CShaderSerialize] Import Shader: Stereo flags: 0x0 mdvFlags: 0x0 from GLOBAL cache Shaders/Cache/x360/Stereo.fxb
[2014-07-15T12:54:07:509+00] [204.1 MB] <Flash> SelectSubtitleChannel(1) [libs/ui/usm_player_intro.gfx]
[2014-07-15T12:54:07:510+00] [229.2 MB] [CShaderSerialize] Import Shader: Light flags: 0x0 mdvFlags: 0x0 from GLOBAL cache Shaders/Cache/x360/Light.fxb
[2014-07-15T12:54:07:511+00] [229.2 MB] [CShaderSerialize] Import Shader: ShadowMaskGen flags: 0x0 mdvFlags: 0x0 from GLOBAL cache Shaders/Cache/x360/ShadowMaskGen.fxb
[2014-07-15T12:54:07:512+00] [231.9 MB] [CShaderSerialize] Import Shader: HDRPostProcess flags: 0x1 mdvFlags: 0x0 from GLOBAL cache Shaders/Cache/x360/HDRPostProcess.fxb
[2014-07-15T12:54:07:513+00] [231.9 MB] [CShaderSerialize] Import Shader: Hud3D flags: 0x0 mdvFlags: 0x0 from GLOBAL cache Shaders/Cache/x360/Hud3D.fxb
[2014-07-15T12:54:07:514+00] [231.9 MB] [CShaderSerialize] Import Shader: PostEffects flags: 0x1 mdvFlags: 0x0 from GLOBAL cache Shaders/Cache/x360/PostEffects.fxb
[2014-07-15T12:54:07:515+00] [231.9 MB] [CShaderSerialize] Import Shader: AmbientOcclusion flags: 0x0 mdvFlags: 0x0 from GLOBAL cache Shaders/Cache/x360/AmbientOcclusion.fxb
[2014-07-15T12:54:07:517+00] [232.0 MB] [CShaderSerialize] Import Shader: Common flags: 0x0 mdvFlags: 0x0 from GLOBAL cache Shaders/Cache/x360/Common.fxb
[2014-07-15T12:54:07:518+00] [232.0 MB] [CShaderSerialize] Import Shader: Debug flags: 0x0 mdvFlags: 0x0 from GLOBAL cache Shaders/Cache/x360/Debug.fxb
[2014-07-15T12:54:07:519+00] [232.0 MB] [CShaderSerialize] Import Shader: DeferredCaustics flags: 0x1 mdvFlags: 0x0 from GLOBAL cache Shaders/Cache/x360/DeferredCaustics.fxb
[2014-07-15T12:54:07:520+00] [232.0 MB] [CShaderSerialize] Import Shader: DeferredRain flags: 0x0 mdvFlags: 0x0 from GLOBAL cache Shaders/Cache/x360/DeferredRain.fxb
[2014-07-15T12:54:07:521+00] [232.0 MB] [CShaderSerialize] Import Shader: DeferredShading flags: 0x1 mdvFlags: 0x0 from GLOBAL cache Shaders/Cache/x360/DeferredShading.fxb
[2014-07-15T12:54:07:522+00] [232.0 MB] [CShaderSerialize] Import Shader: DepthOfField flags: 0x1 mdvFlags: 0x0 from GLOBAL cache Shaders/Cache/x360/DepthOfField.fxb
[2014-07-15T12:54:07:523+00] [232.0 MB] [CShaderSerialize] Import Shader: DXTCompress flags: 0x0 mdvFlags: 0x0 from GLOBAL cache Shaders/Cache/x360/DXTCompress.fxb
[2014-07-15T12:54:07:524+00] [232.0 MB] [CShaderSerialize] Import Shader: FarTreeSprites flags: 0x0 mdvFlags: 0x0 from GLOBAL cache Shaders/Cache/x360/FarTreeSprites.fxb
[2014-07-15T12:54:07:525+00] [232.0 MB] [CShaderSerialize] Import Shader: LightFlares flags: 0x0 mdvFlags: 0x0 from GLOBAL cache Shaders/Cache/x360/LightFlares.fxb
[2014-07-15T12:54:07:527+00] [232.0 MB] [CShaderSerialize] Import Shader: MotionBlur flags: 0x1 mdvFlags: 0x0 from GLOBAL cache Shaders/Cache/x360/MotionBlur.fxb
[2014-07-15T12:54:07:528+00] [232.0 MB] [CShaderSerialize] Import Shader: OcclusionTest flags: 0x0 mdvFlags: 0x0 from GLOBAL cache Shaders/Cache/x360/OcclusionTest.fxb
[2014-07-15T12:54:07:528+00] [232.0 MB] [CShaderSerialize] Import Shader: PostEffectsGame flags: 0x0 mdvFlags: 0x0 from GLOBAL cache Shaders/Cache/x360/PostEffectsGame.fxb
[2014-07-15T12:54:07:529+00] [232.0 MB] [CShaderSerialize] Import Shader: PostEffectsRenderModes flags: 0x0 mdvFlags: 0x0 from GLOBAL cache Shaders/Cache/x360/PostEffectsRenderModes.fxb
[2014-07-15T12:54:07:530+00] [232.0 MB] [CShaderSerialize] Import Shader: PostAA flags: 0x0 mdvFlags: 0x0 from GLOBAL cache Shaders/Cache/x360/PostAA.fxb
[2014-07-15T12:54:07:531+00] [232.0 MB] [CShaderSerialize] Import Shader: ScreenSpaceGI flags: 0x0 mdvFlags: 0x0 from GLOBAL cache Shaders/Cache/x360/ScreenSpaceGI.fxb
[2014-07-15T12:54:07:532+00] [232.1 MB] [CShaderSerialize] Import Shader: ShadowBlur flags: 0x0 mdvFlags: 0x0 from GLOBAL cache Shaders/Cache/x360/ShadowBlur.fxb
[2014-07-15T12:54:07:533+00] [232.1 MB] [CShaderSerialize] Import Shader: Sunshafts flags: 0x0 mdvFlags: 0x0 from GLOBAL cache Shaders/Cache/x360/Sunshafts.fxb
[2014-07-15T12:54:07:534+00] [232.1 MB] [CShaderSerialize] Import Shader: CriMw flags: 0x0 mdvFlags: 0x0 from GLOBAL cache Shaders/Cache/x360/CriMw.fxb
[2014-07-15T12:54:07:536+00] [267.0 MB] CFlash::Preload cached libs/ui/controls/savespinner.gfx bootstrapper 40A13D98
[2014-07-15T12:54:07:538+00] [248.2 MB] [net ] CNetwork::UpdateTick() stall detected, socket manager poll waitTime=67, actionsTime=0
[2014-07-15T12:54:07:539+00] [248.2 MB] [net ] CNetwork::UpdateTick() stall detected, socket manager poll waitTime=68, actionsTime=0
[2014-07-15T12:54:07:539+00] [248.2 MB] [net ] CNetwork::UpdateTick() stall detected, socket manager poll waitTime=65, actionsTime=0
[2014-07-15T12:54:07:540+00] [248.2 MB] [net ] CNetwork::UpdateTick() stall detected, socket manager poll waitTime=75, actionsTime=0
[2014-07-15T12:54:07:541+00] [248.2 MB] [net ] CNetwork::UpdateTick() stall detected, socket manager poll waitTime=65, actionsTime=0
[2014-07-15T12:54:07:542+00] [248.2 MB] [net ] CNetwork::UpdateTick() stall detected, socket manager poll waitTime=65, actionsTime=0
[2014-07-15T12:54:07:543+00] [248.2 MB] [net ] CNetwork::UpdateTick() stall detected, socket manager poll waitTime=65, actionsTime=0
[2014-07-15T12:54:07:545+00] [248.2 MB] [net ] CNetwork::UpdateTick() stall detected, socket manager poll waitTime=65, actionsTime=0
[2014-07-15T12:54:07:545+00] [248.2 MB] [net ] CNetwork::UpdateTick() stall detected, socket manager poll waitTime=74, actionsTime=0
[2014-07-15T12:54:07:546+00] [248.2 MB] [net ] CNetwork::UpdateTick() stall detected, socket manager poll waitTime=71, actionsTime=0
[2014-07-15T12:54:07:547+00] [248.2 MB] [net ] CNetwork::UpdateTick() stall detected, socket manager poll waitTime=66, actionsTime=0
[2014-07-15T12:54:07:548+00] [248.2 MB] [net ] CNetwork::UpdateTick() stall detected, socket manager poll waitTime=64, actionsTime=0
[2014-07-15T12:54:07:549+00] [248.2 MB] [net ] CNetwork::UpdateTick() stall detected, socket manager poll waitTime=66, actionsTime=0
[2014-07-15T12:54:07:552+00] [248.2 MB] [net ] CNetwork::UpdateTick() stall detected, socket manager poll waitTime=67, actionsTime=0
[2014-07-15T12:54:07:552+00] [248.2 MB] [net ] CNetwork::UpdateTick() stall detected, socket manager poll waitTime=64, actionsTime=0
[2014-07-15T12:54:07:553+00] [248.2 MB] [net ] CNetwork::UpdateTick() stall detected, socket manager poll waitTime=68, actionsTime=0
[2014-07-15T12:54:07:554+00] [248.2 MB] [net ] CNetwork::UpdateTick() stall detected, socket manager poll waitTime=69, actionsTime=0
[2014-07-15T12:54:07:556+00] [248.2 MB] [net ] CNetwork::UpdateTick() stall detected, socket manager poll waitTime=65, actionsTime=0
[2014-07-15T12:54:07:557+00] [248.2 MB] [net ] CNetwork::UpdateTick() stall detected, socket manager poll waitTime=65, actionsTime=0
[2014-07-15T12:54:07:558+00] [248.2 MB] [net ] CNetwork::UpdateTick() stall detected, socket manager poll waitTime=65, actionsTime=0
[2014-07-15T12:54:07:558+00] [248.2 MB] [net ] CNetwork::UpdateTick() stall detected, socket manager poll waitTime=65, actionsTime=0
[2014-07-15T12:54:07:559+00] [248.2 MB] [net ] CNetwork::UpdateTick() stall detected, socket manager poll waitTime=65, actionsTime=0
[2014-07-15T12:54:07:560+00] [248.2 MB] [net ] CNetwork::UpdateTick() stall detected, socket manager poll waitTime=65, actionsTime=0
[2014-07-15T12:54:07:562+00] [248.2 MB] [net ] CNetwork::UpdateTick() stall detected, socket manager poll waitTime=66, actionsTime=0
[2014-07-15T12:54:07:563+00] [248.2 MB] [net ] CNetwork::UpdateTick() stall detected, socket manager poll waitTime=65, actionsTime=0
[2014-07-15T12:54:07:564+00] [248.2 MB] [net ] CNetwork::UpdateTick() stall detected, socket manager poll waitTime=65, actionsTime=0
[2014-07-15T12:54:07:565+00] [248.2 MB] [net ] CNetwork::UpdateTick() stall detected, socket manager poll waitTime=65, actionsTime=0
[2014-07-15T12:54:07:567+00] [248.2 MB] [net ] CNetwork::UpdateTick() stall detected, socket manager poll waitTime=65, actionsTime=0
[2014-07-15T12:54:07:568+00] [248.2 MB] [net ] CNetwork::UpdateTick() stall detected, socket manager poll waitTime=65, actionsTime=0
[2014-07-15T12:54:07:568+00] [248.2 MB] [net ] CNetwork::UpdateTick() stall detected, socket manager poll waitTime=65, actionsTime=0
[2014-07-15T12:54:07:569+00] [248.2 MB] [net ] CNetwork::UpdateTick() stall detected, socket manager poll waitTime=65, actionsTime=0
[2014-07-15T12:54:07:570+00] [248.2 MB] [net ] CNetwork::UpdateTick() stall detected, socket manager poll waitTime=65, actionsTime=0
[2014-07-15T12:54:07:571+00] [248.2 MB] [net ] CNetwork::UpdateTick() stall detected, socket manager poll waitTime=65, actionsTime=0
[2014-07-15T12:54:07:573+00] [248.2 MB] [net ] CNetwork::UpdateTick() stall detected, socket manager poll waitTime=65, actionsTime=0
[2014-07-15T12:54:07:574+00] [248.2 MB] [net ] CNetwork::UpdateTick() stall detected, socket manager poll waitTime=65, actionsTime=0
[2014-07-15T12:54:07:575+00] [248.2 MB] [net ] CNetwork::UpdateTick() stall detected, socket manager poll waitTime=65, actionsTime=0
[2014-07-15T12:54:07:576+00] [248.2 MB] [net ] CNetwork::UpdateTick() stall detected, socket manager poll waitTime=65, actionsTime=0
[2014-07-15T12:54:07:578+00] [248.2 MB] [net ] CNetwork::UpdateTick() stall detected, socket manager poll waitTime=65, actionsTime=0
[2014-07-15T12:54:07:579+00] [248.2 MB] [net ] CNetwork::UpdateTick() stall detected, socket manager poll waitTime=65, actionsTime=0
[2014-07-15T12:54:07:580+00] [248.2 MB] [net ] CNetwork::UpdateTick() stall detected, socket manager poll waitTime=65, actionsTime=0
[2014-07-15T12:54:07:581+00] [248.2 MB] [net ] CNetwork::UpdateTick() stall detected, socket manager poll waitTime=65, actionsTime=0
[2014-07-15T12:54:07:581+00] [248.2 MB] [net ] CNetwork::UpdateTick() stall detected, socket manager poll waitTime=65, actionsTime=0
[2014-07-15T12:54:07:583+00] [248.2 MB] [net ] CNetwork::UpdateTick() stall detected, socket manager poll waitTime=65, actionsTime=0
[2014-07-15T12:54:07:584+00] [248.2 MB] [net ] CNetwork::UpdateTick() stall detected, socket manager poll waitTime=65, actionsTime=0
[2014-07-15T12:54:07:586+00] [248.2 MB] [net ] CNetwork::UpdateTick() stall detected, socket manager poll waitTime=65, actionsTime=0
[2014-07-15T12:54:07:587+00] [248.2 MB] [net ] CNetwork::UpdateTick() stall detected, socket manager poll waitTime=65, actionsTime=0
[2014-07-15T12:54:07:588+00] [248.2 MB] [net ] CNetwork::UpdateTick() stall detected, socket manager poll waitTime=65, actionsTime=0
[2014-07-15T12:54:07:589+00] [248.2 MB] [net ] CNetwork::UpdateTick() stall detected, socket manager poll waitTime=65, actionsTime=0
[2014-07-15T12:54:07:590+00] [248.2 MB] [net ] CNetwork::UpdateTick() stall detected, socket manager poll waitTime=66, actionsTime=0
[2014-07-15T12:54:07:591+00] [248.2 MB] [net ] CNetwork::UpdateTick() stall detected, socket manager poll waitTime=66, actionsTime=0
[2014-07-15T12:54:07:592+00] [248.2 MB] [net ] CNetwork::UpdateTick() stall detected, socket manager poll waitTime=66, actionsTime=0
[2014-07-15T12:54:07:593+00] [248.2 MB] [net ] CNetwork::UpdateTick() stall detected, socket manager poll waitTime=66, actionsTime=0
[2014-07-15T12:54:07:594+00] [248.2 MB] [net ] CNetwork::UpdateTick() stall detected, socket manager poll waitTime=65, actionsTime=0
[2014-07-15T12:54:07:595+00] [248.2 MB] [net ] CNetwork::UpdateTick() stall detected, socket manager poll waitTime=65, actionsTime=0
[2014-07-15T12:54:07:596+00] [248.2 MB] [net ] CNetwork::UpdateTick() stall detected, socket manager poll waitTime=65, actionsTime=0
[2014-07-15T12:54:07:597+00] [248.2 MB] [net ] CNetwork::UpdateTick() stall detected, socket manager poll waitTime=65, actionsTime=0
[2014-07-15T12:54:07:598+00] [248.2 MB] [net ] CNetwork::UpdateTick() stall detected, socket manager poll waitTime=65, actionsTime=0
[2014-07-15T12:54:07:600+00] [248.2 MB] [net ] CNetwork::UpdateTick() stall detected, socket manager poll waitTime=65, actionsTime=0
[2014-07-15T12:54:07:601+00] [248.2 MB] [net ] CNetwork::UpdateTick() stall detected, socket manager poll waitTime=65, actionsTime=0
[2014-07-15T12:54:07:602+00] [248.2 MB] [net ] CNetwork::UpdateTick() stall detected, socket manager poll waitTime=65, actionsTime=0
[2014-07-15T12:54:07:603+00] [248.2 MB] [net ] CNetwork::UpdateTick() stall detected, socket manager poll waitTime=65, actionsTime=0
[2014-07-15T12:54:07:604+00] [248.2 MB] [net ] CNetwork::UpdateTick() stall detected, socket manager poll waitTime=65, actionsTime=0
[2014-07-15T12:54:07:605+00] [248.2 MB] [net ] CNetwork::UpdateTick() stall detected, socket manager poll waitTime=65, actionsTime=0
[2014-07-15T12:54:07:606+00] [248.2 MB] [net ] CNetwork::UpdateTick() stall detected, socket manager poll waitTime=65, actionsTime=0
[2014-07-15T12:54:07:607+00] [248.2 MB] [net ] CNetwork::UpdateTick() stall detected, socket manager poll waitTime=65, actionsTime=0
[2014-07-15T12:54:07:609+00] [248.2 MB] [net ] CNetwork::UpdateTick() stall detected, socket manager poll waitTime=65, actionsTime=0
[2014-07-15T12:54:07:610+00] [248.2 MB] [net ] CNetwork::UpdateTick() stall detected, socket manager poll waitTime=65, actionsTime=0
[2014-07-15T12:54:07:611+00] [248.2 MB] [net ] CNetwork::UpdateTick() stall detected, socket manager poll waitTime=66, actionsTime=0
[2014-07-15T12:54:07:612+00] [248.2 MB] [net ] CNetwork::UpdateTick() stall detected, socket manager poll waitTime=69, actionsTime=0
[2014-07-15T12:54:07:613+00] [248.2 MB] [net ] CNetwork::UpdateTick() stall detected, socket manager poll waitTime=66, actionsTime=0
[2014-07-15T12:54:07:614+00] [248.2 MB] [net ] CNetwork::UpdateTick() stall detected, socket manager poll waitTime=65, actionsTime=0
[2014-07-15T12:54:07:615+00] [248.2 MB] [net ] CNetwork::UpdateTick() stall detected, socket manager poll waitTime=65, actionsTime=0
[2014-07-15T12:54:07:616+00] [248.2 MB] [net ] CNetwork::UpdateTick() stall detected, socket manager poll waitTime=65, actionsTime=0
[2014-07-15T12:54:07:617+00] [248.2 MB] [net ] CNetwork::UpdateTick() stall detected, socket manager poll waitTime=65, actionsTime=0
[2014-07-15T12:54:07:618+00] [248.2 MB] [net ] CNetwork::UpdateTick() stall detected, socket manager poll waitTime=65, actionsTime=0
[2014-07-15T12:54:07:620+00] [248.2 MB] [net ] CNetwork::UpdateTick() stall detected, socket manager poll waitTime=65, actionsTime=0
[2014-07-15T12:54:07:621+00] [248.2 MB] [net ] CNetwork::UpdateTick() stall detected, socket manager poll waitTime=65, actionsTime=0
[2014-07-15T12:54:07:622+00] [248.2 MB] [net ] CNetwork::UpdateTick() stall detected, socket manager poll waitTime=65, actionsTime=0
[2014-07-15T12:54:07:623+00] [248.2 MB] [net ] CNetwork::UpdateTick() stall detected, socket manager poll waitTime=65, actionsTime=0
[2014-07-15T12:54:07:624+00] [248.2 MB] [net ] CNetwork::UpdateTick() stall detected, socket manager poll waitTime=65, actionsTime=0
[2014-07-15T12:54:07:625+00] [248.2 MB] [net ] CNetwork::UpdateTick() stall detected, socket manager poll waitTime=65, actionsTime=0
[2014-07-15T12:54:07:626+00] [248.2 MB] [net ] CNetwork::UpdateTick() stall detected, socket manager poll waitTime=65, actionsTime=0
[2014-07-15T12:54:07:628+00] [248.2 MB] [net ] CNetwork::UpdateTick() stall detected, socket manager poll waitTime=65, actionsTime=0
[2014-07-15T12:54:07:629+00] [248.2 MB] [net ] CNetwork::UpdateTick() stall detected, socket manager poll waitTime=65, actionsTime=0
[2014-07-15T12:54:07:630+00] [248.2 MB] [net ] CNetwork::UpdateTick() stall detected, socket manager poll waitTime=65, actionsTime=0
[2014-07-15T12:54:07:631+00] [248.2 MB] [net ] CNetwork::UpdateTick() stall detected, socket manager poll waitTime=66, actionsTime=0
[2014-07-15T12:54:07:632+00] [248.2 MB] [net ] CNetwork::UpdateTick() stall detected, socket manager poll waitTime=65, actionsTime=0
[2014-07-15T12:54:07:634+00] [248.2 MB] [net ] CNetwork::UpdateTick() stall detected, socket manager poll waitTime=66, actionsTime=0
[2014-07-15T12:54:07:635+00] [248.2 MB] [net ] CNetwork::UpdateTick() stall detected, socket manager poll waitTime=64, actionsTime=0
[2014-07-15T12:54:07:636+00] [248.2 MB] [net ] CNetwork::UpdateTick() stall detected, socket manager poll waitTime=67, actionsTime=0
[2014-07-15T12:54:07:637+00] [248.2 MB] [net ] CNetwork::UpdateTick() stall detected, socket manager poll waitTime=66, actionsTime=0
[2014-07-15T12:54:07:638+00] [248.2 MB] [net ] CNetwork::UpdateTick() stall detected, socket manager poll waitTime=70, actionsTime=0
[2014-07-15T12:54:07:639+00] [248.2 MB] [net ] CNetwork::UpdateTick() stall detected, socket manager poll waitTime=65, actionsTime=0
[2014-07-15T12:54:07:640+00] [248.2 MB] [net ] CNetwork::UpdateTick() stall detected, socket manager poll waitTime=65, actionsTime=0
[2014-07-15T12:54:07:641+00] [248.2 MB] [net ] CNetwork::UpdateTick() stall detected, socket manager poll waitTime=65, actionsTime=0
[2014-07-15T12:54:07:642+00] [248.2 MB] [net ] CNetwork::UpdateTick() stall detected, socket manager poll waitTime=66, actionsTime=0
[2014-07-15T12:54:07:644+00] [248.2 MB] [net ] CNetwork::UpdateTick() stall detected, socket manager poll waitTime=66, actionsTime=0
[2014-07-15T12:54:07:645+00] [248.2 MB] [net ] CNetwork::UpdateTick() stall detected, socket manager poll waitTime=67, actionsTime=0
[2014-07-15T12:54:07:646+00] [248.2 MB] [net ] CNetwork::UpdateTick() stall detected, socket manager poll waitTime=65, actionsTime=0
[2014-07-15T12:54:07:647+00] [248.2 MB] [net ] CNetwork::UpdateTick() stall detected, socket manager poll waitTime=65, actionsTime=0
[2014-07-15T12:54:07:648+00] [248.2 MB] [net ] CNetwork::UpdateTick() stall detected, socket manager poll waitTime=65, actionsTime=0
[2014-07-15T12:54:07:649+00] [248.2 MB] [net ] CNetwork::UpdateTick() stall detected, socket manager poll waitTime=65, actionsTime=0
[2014-07-15T12:54:07:650+00] [248.2 MB] [net ] CNetwork::UpdateTick() stall detected, socket manager poll waitTime=65, actionsTime=0
[2014-07-15T12:54:07:651+00] [248.2 MB] [net ] CNetwork::UpdateTick() stall detected, socket manager poll waitTime=66, actionsTime=0
[2014-07-15T12:54:07:652+00] [248.2 MB] [net ] CNetwork::UpdateTick() stall detected, socket manager poll waitTime=65, actionsTime=0
[2014-07-15T12:54:07:653+00] [248.2 MB] [net ] CNetwork::UpdateTick() stall detected, socket manager poll waitTime=65, actionsTime=0
[2014-07-15T12:54:07:654+00] [248.2 MB] [net ] CNetwork::UpdateTick() stall detected, socket manager poll waitTime=65, actionsTime=0
[2014-07-15T12:54:07:655+00] [248.2 MB] [net ] CNetwork::UpdateTick() stall detected, socket manager poll waitTime=65, actionsTime=0
[2014-07-15T12:54:07:657+00] [248.2 MB] [net ] CNetwork::UpdateTick() stall detected, socket manager poll waitTime=65, actionsTime=0
[2014-07-15T12:54:07:658+00] [248.2 MB] [net ] [Lobby] Creating socket on port 1000
[2014-07-15T12:54:07:659+00] [248.2 MB] [net ] [Lobby] Created socket on port 1000
[2014-07-15T12:54:07:660+00] [248.2 MB] [net ] CNetwork::UpdateTick() stall detected, socket manager poll waitTime=65, actionsTime=0
[2014-07-15T12:54:07:661+00] [248.2 MB] [net ] CNetwork::UpdateTick() stall detected, socket manager poll waitTime=65, actionsTime=0
[2014-07-15T12:54:07:661+00] [248.2 MB] [net ] CNetwork::UpdateTick() stall detected, socket manager poll waitTime=65, actionsTime=0
[2014-07-15T12:54:07:662+00] [248.2 MB] [net ] CNetwork::UpdateTick() stall detected, socket manager poll waitTime=65, actionsTime=0
[2014-07-15T12:54:07:663+00] [248.2 MB] [net ] CNetwork::UpdateTick() stall detected, socket manager poll waitTime=65, actionsTime=0
[2014-07-15T12:54:07:664+00] [248.2 MB] [net ] CNetwork::UpdateTick() stall detected, socket manager poll waitTime=65, actionsTime=0
[2014-07-15T12:54:07:665+00] [248.2 MB] [net ] CNetwork::UpdateTick() stall detected, socket manager poll waitTime=65, actionsTime=0
[2014-07-15T12:54:07:667+00] [248.2 MB] [net ] CNetwork::UpdateTick() stall detected, socket manager poll waitTime=65, actionsTime=0
[2014-07-15T12:54:07:668+00] [248.2 MB] [net ] CNetwork::UpdateTick() stall detected, socket manager poll waitTime=65, actionsTime=0
[2014-07-15T12:54:07:668+00] [248.2 MB] [net ] CNetwork::UpdateTick() stall detected, socket manager poll waitTime=65, actionsTime=0
[2014-07-15T12:54:07:669+00] [248.2 MB] [net ] CNetwork::UpdateTick() stall detected, socket manager poll waitTime=65, actionsTime=0
[2014-07-15T12:54:07:670+00] [248.2 MB] [net ] CNetwork::UpdateTick() stall detected, socket manager poll waitTime=65, actionsTime=0
[2014-07-15T12:54:07:672+00] [248.2 MB] [net ] CNetwork::UpdateTick() stall detected, socket manager poll waitTime=65, actionsTime=0
[2014-07-15T12:54:07:673+00] [248.2 MB] [net ] CNetwork::UpdateTick() stall detected, socket manager poll waitTime=65, actionsTime=0
[2014-07-15T12:54:07:674+00] [248.2 MB] [net ] CNetwork::UpdateTick() stall detected, socket manager poll waitTime=65, actionsTime=0
[2014-07-15T12:54:07:675+00] [248.2 MB] [net ] CNetwork::UpdateTick() stall detected, socket manager poll waitTime=65, actionsTime=0
[2014-07-15T12:54:07:677+00] [248.2 MB] [net ] CNetwork::UpdateTick() stall detected, socket manager poll waitTime=66, actionsTime=0
[2014-07-15T12:54:07:679+00] [248.2 MB] [net ] CNetwork::UpdateTick() stall detected, socket manager poll waitTime=67, actionsTime=0
[2014-07-15T12:54:07:680+00] [248.2 MB] [net ] CNetwork::UpdateTick() stall detected, socket manager poll waitTime=65, actionsTime=0
[2014-07-15T12:54:07:681+00] [248.2 MB] [net ] CNetwork::UpdateTick() stall detected, socket manager poll waitTime=65, actionsTime=0
[2014-07-15T12:54:07:681+00] [248.2 MB] [net ] CNetwork::UpdateTick() stall detected, socket manager poll waitTime=65, actionsTime=0
[2014-07-15T12:54:07:682+00] [248.2 MB] [net ] CNetwork::UpdateTick() stall detected, socket manager poll waitTime=65, actionsTime=0
[2014-07-15T12:54:07:683+00] [248.2 MB] [net ] CNetwork::UpdateTick() stall detected, socket manager poll waitTime=75, actionsTime=0
[2014-07-15T12:54:07:684+00] [248.2 MB] [net ] CNetwork::UpdateTick() stall detected, socket manager poll waitTime=65, actionsTime=0
[2014-07-15T12:54:07:685+00] [248.2 MB] [net ] CNetwork::UpdateTick() stall detected, socket manager poll waitTime=65, actionsTime=0
[2014-07-15T12:54:07:687+00] [248.2 MB] [net ] CNetwork::UpdateTick() stall detected, socket manager poll waitTime=65, actionsTime=0
[2014-07-15T12:54:07:687+00] [248.2 MB] [net ] CNetwork::UpdateTick() stall detected, socket manager poll waitTime=65, actionsTime=0
[2014-07-15T12:54:07:688+00] [248.2 MB] [net ] CNetwork::UpdateTick() stall detected, socket manager poll waitTime=65, actionsTime=0
[2014-07-15T12:54:07:690+00] [248.2 MB] [net ] CNetwork::UpdateTick() stall detected, socket manager poll waitTime=67, actionsTime=0
[2014-07-15T12:54:07:691+00] [248.2 MB] [net ] CNetwork::UpdateTick() stall detected, socket manager poll waitTime=65, actionsTime=0
[2014-07-15T12:54:07:692+00] [248.2 MB] [net ] CNetwork::UpdateTick() stall detected, socket manager poll waitTime=65, actionsTime=0
[2014-07-15T12:54:07:693+00] [248.2 MB] [net ] CNetwork::UpdateTick() stall detected, socket manager poll waitTime=65, actionsTime=0
[2014-07-15T12:54:07:694+00] [248.2 MB] [net ] CNetwork::UpdateTick() stall detected, socket manager poll waitTime=65, actionsTime=0
[2014-07-15T12:54:07:695+00] [248.2 MB] [net ] CNetwork::UpdateTick() stall detected, socket manager poll waitTime=65, actionsTime=0
[2014-07-15T12:54:07:696+00] [248.2 MB] [net ] CNetwork::UpdateTick() stall detected, socket manager poll waitTime=65, actionsTime=0
[2014-07-15T12:54:07:697+00] [248.2 MB] [net ] CNetwork::UpdateTick() stall detected, socket manager poll waitTime=65, actionsTime=0
[2014-07-15T12:54:07:698+00] [248.2 MB] [net ] CNetwork::UpdateTick() stall detected, socket manager poll waitTime=65, actionsTime=0
[2014-07-15T12:54:07:699+00] [248.2 MB] [net ] CNetwork::UpdateTick() stall detected, socket manager poll waitTime=65, actionsTime=0
[2014-07-15T12:54:07:700+00] [248.2 MB] [net ] CNetwork::UpdateTick() stall detected, socket manager poll waitTime=65, actionsTime=0
[2014-07-15T12:54:07:701+00] [248.2 MB] [net ] CNetwork::UpdateTick() stall detected, socket manager poll waitTime=72, actionsTime=0
[2014-07-15T12:54:07:702+00] [248.2 MB] [net ] CNetwork::UpdateTick() stall detected, socket manager poll waitTime=65, actionsTime=0
[2014-07-15T12:54:07:703+00] [248.2 MB] [net ] CNetwork::UpdateTick() stall detected, socket manager poll waitTime=65, actionsTime=0
[2014-07-15T12:54:07:704+00] [248.2 MB] [net ] CNetwork::UpdateTick() stall detected, socket manager poll waitTime=65, actionsTime=0
[2014-07-15T12:54:07:706+00] [248.2 MB] [net ] CNetwork::UpdateTick() stall detected, socket manager poll waitTime=69, actionsTime=0
[2014-07-15T12:54:07:707+00] [248.2 MB] [net ] CNetwork::UpdateTick() stall detected, socket manager poll waitTime=65, actionsTime=0
[2014-07-15T12:54:07:708+00] [248.2 MB] [net ] CNetwork::UpdateTick() stall detected, socket manager poll waitTime=65, actionsTime=0
[2014-07-15T12:54:07:709+00] [248.2 MB] [net ] CNetwork::UpdateTick() stall detected, socket manager poll waitTime=66, actionsTime=0
[2014-07-15T12:54:07:710+00] [248.2 MB] [net ] CNetwork::UpdateTick() stall detected, socket manager poll waitTime=65, actionsTime=0
[2014-07-15T12:54:07:711+00] [248.2 MB] [net ] CNetwork::UpdateTick() stall detected, socket manager poll waitTime=65, actionsTime=0
[2014-07-15T12:54:07:712+00] [248.2 MB] [net ] CNetwork::UpdateTick() stall detected, socket manager poll waitTime=65, actionsTime=0
[2014-07-15T12:54:07:713+00] [248.2 MB] [net ] CNetwork::UpdateTick() stall detected, socket manager poll waitTime=65, actionsTime=0
[2014-07-15T12:54:07:714+00] [248.2 MB] [net ] CNetwork::UpdateTick() stall detected, socket manager poll waitTime=65, actionsTime=0
[2014-07-15T12:54:07:715+00] [248.2 MB] [net ] CNetwork::UpdateTick() stall detected, socket manager poll waitTime=65, actionsTime=0
[2014-07-15T12:54:07:717+00] [248.2 MB] [net ] CNetwork::UpdateTick() stall detected, socket manager poll waitTime=65, actionsTime=0
[2014-07-15T12:54:07:718+00] [248.2 MB] [net ] CNetwork::UpdateTick() stall detected, socket manager poll waitTime=65, actionsTime=0
[2014-07-15T12:54:07:719+00] [248.2 MB] [net ] CNetwork::UpdateTick() stall detected, socket manager poll waitTime=66, actionsTime=0
[2014-07-15T12:54:07:720+00] [248.2 MB] [net ] CNetwork::UpdateTick() stall detected, socket manager poll waitTime=65, actionsTime=0
[2014-07-15T12:54:07:721+00] [248.2 MB] [net ] CNetwork::UpdateTick() stall detected, socket manager poll waitTime=65, actionsTime=0
[2014-07-15T12:54:07:722+00] [248.2 MB] [net ] CNetwork::UpdateTick() stall detected, socket manager poll waitTime=65, actionsTime=0
[2014-07-15T12:54:07:723+00] [248.2 MB] [net ] CNetwork::UpdateTick() stall detected, socket manager poll waitTime=68, actionsTime=0
[2014-07-15T12:54:07:724+00] [248.2 MB] [net ] CNetwork::UpdateTick() stall detected, socket manager poll waitTime=66, actionsTime=0
[2014-07-15T12:54:07:725+00] [248.2 MB] [net ] CNetwork::UpdateTick() stall detected, socket manager poll waitTime=69, actionsTime=0
[2014-07-15T12:54:07:726+00] [248.2 MB] [net ] CNetwork::UpdateTick() stall detected, socket manager poll waitTime=65, actionsTime=0
[2014-07-15T12:54:07:728+00] [248.2 MB] [net ] CNetwork::UpdateTick() stall detected, socket manager poll waitTime=65, actionsTime=0
[2014-07-15T12:54:07:729+00] [248.2 MB] [net ] CNetwork::UpdateTick() stall detected, socket manager poll waitTime=65, actionsTime=0
[2014-07-15T12:54:07:730+00] [248.2 MB] [net ] CNetwork::UpdateTick() stall detected, socket manager poll waitTime=65, actionsTime=0
[2014-07-15T12:54:07:731+00] [248.2 MB] [net ] CNetwork::UpdateTick() stall detected, socket manager poll waitTime=65, actionsTime=0
[2014-07-15T12:54:07:732+00] [248.2 MB] [net ] CNetwork::UpdateTick() stall detected, socket manager poll waitTime=66, actionsTime=0
[2014-07-15T12:54:07:733+00] [248.2 MB] [net ] CNetwork::UpdateTick() stall detected, socket manager poll waitTime=65, actionsTime=0
[2014-07-15T12:54:07:734+00] [248.2 MB] [net ] CNetwork::UpdateTick() stall detected, socket manager poll waitTime=67, actionsTime=0
[2014-07-15T12:54:07:735+00] [248.2 MB] [net ] CNetwork::UpdateTick() stall detected, socket manager poll waitTime=66, actionsTime=0
[2014-07-15T12:54:07:736+00] [248.2 MB] [net ] CNetwork::UpdateTick() stall detected, socket manager poll waitTime=65, actionsTime=0
[2014-07-15T12:54:07:737+00] [248.2 MB] [net ] CNetwork::UpdateTick() stall detected, socket manager poll waitTime=65, actionsTime=0
[2014-07-15T12:54:07:739+00] [248.2 MB] [net ] CNetwork::UpdateTick() stall detected, socket manager poll waitTime=65, actionsTime=0
[2014-07-15T12:54:07:740+00] [248.2 MB] [net ] CNetwork::UpdateTick() stall detected, socket manager poll waitTime=65, actionsTime=0
[2014-07-15T12:54:07:741+00] [248.2 MB] [net ] CNetwork::UpdateTick() stall detected, socket manager poll waitTime=65, actionsTime=0
[2014-07-15T12:54:07:742+00] [248.2 MB] [net ] CNetwork::UpdateTick() stall detected, socket manager poll waitTime=65, actionsTime=0
[2014-07-15T12:54:07:743+00] [248.2 MB] [net ] CNetwork::UpdateTick() stall detected, socket manager poll waitTime=65, actionsTime=0
[2014-07-15T12:54:07:744+00] [248.2 MB] [net ] CNetwork::UpdateTick() stall detected, socket manager poll waitTime=65, actionsTime=0
[2014-07-15T12:54:07:745+00] [248.2 MB] [net ] CNetwork::UpdateTick() stall detected, socket manager poll waitTime=65, actionsTime=0
[2014-07-15T12:54:07:746+00] [248.2 MB] [net ] CNetwork::UpdateTick() stall detected, socket manager poll waitTime=65, actionsTime=0
[2014-07-15T12:54:07:747+00] [248.2 MB] [net ] CNetwork::UpdateTick() stall detected, socket manager poll waitTime=65, actionsTime=0
[2014-07-15T12:54:07:748+00] [248.2 MB] [net ] CNetwork::UpdateTick() stall detected, socket manager poll waitTime=65, actionsTime=0
[2014-07-15T12:54:07:750+00] [248.2 MB] [net ] CNetwork::UpdateTick() stall detected, socket manager poll waitTime=65, actionsTime=0
[2014-07-15T12:54:07:751+00] [248.2 MB] [net ] CNetwork::UpdateTick() stall detected, socket manager poll waitTime=65, actionsTime=0
[2014-07-15T12:54:07:752+00] [248.2 MB] [net ] CNetwork::UpdateTick() stall detected, socket manager poll waitTime=65, actionsTime=0
[2014-07-15T12:54:07:753+00] [248.2 MB] [net ] CNetwork::UpdateTick() stall detected, socket manager poll waitTime=65, actionsTime=0
[2014-07-15T12:54:07:755+00] [248.2 MB] [net ] CNetwork::UpdateTick() stall detected, socket manager poll waitTime=65, actionsTime=0
[2014-07-15T12:54:07:756+00] [248.2 MB] [net ] CNetwork::UpdateTick() stall detected, socket manager poll waitTime=65, actionsTime=0
[2014-07-15T12:54:07:757+00] [248.2 MB] [net ] CNetwork::UpdateTick() stall detected, socket manager poll waitTime=65, actionsTime=0
[2014-07-15T12:54:07:758+00] [248.2 MB] [net ] CNetwork::UpdateTick() stall detected, socket manager poll waitTime=65, actionsTime=0
[2014-07-15T12:54:07:759+00] [248.2 MB] CLobbySystem::PartyMembersCallback numMembers 0
[2014-07-15T12:54:07:760+00] [248.2 MB] [net ] [Lobby] Stats EndTask 0 (0) Result 0
[2014-07-15T12:54:07:761+00] [248.2 MB] [net ] CNetwork::SyncWithGame() took a long time [222], lock=[0], normal=[220], lobby=[2], gotLobbyLock=true
[2014-07-15T12:54:07:775+00] [248.7 MB] [net ] CNetwork::UpdateTick() stall detected, socket manager poll waitTime=65, actionsTime=0
[2014-07-15T12:54:07:777+00] [248.7 MB] Start playing Video: /Localized/Video/Rating.usm
[2014-07-15T12:54:07:797+00] [249.0 MB] *** Init system render resources ***
[2014-07-15T12:54:07:864+00] [273.3 MB] [net ] CNetwork::UpdateTick() stall detected, socket manager poll waitTime=65, actionsTime=0
[2014-07-15T12:54:08:004+00] [273.5 MB] Stop playing video: /Localized/Video/Rating.usm
[2014-07-15T12:54:08:007+00] [273.4 MB] [SOUND] 402CF8A0->Blocking/CMusicSystem::GetTheme()
[2014-07-15T12:54:08:021+00] [275.6 MB] CUIPreloader::Preload() area: 1
[2014-07-15T12:54:08:025+00] [275.6 MB] [Error] Assertion failed in game code 'm_preloadedTextures.size() == iNumPreloadGroups' HUD\FlashPreloader.cpp:112
[2014-07-15T12:54:08:038+00] [275.6 MB]                	931206E0
[2014-07-15T12:54:08:041+00] [275.6 MB]                	962B454C
[2014-07-15T12:54:08:045+00] [275.6 MB]                	960E2F78
[2014-07-15T12:54:08:063+00] [275.6 MB]                	960E30B0
[2014-07-15T12:54:08:067+00] [275.6 MB]                	961155E4
[2014-07-15T12:54:08:071+00] [275.6 MB]                	961163D4
[2014-07-15T12:54:08:075+00] [275.6 MB]                	964BC10C
[2014-07-15T12:54:08:079+00] [275.6 MB]                	964C4098
[2014-07-15T12:54:08:083+00] [275.6 MB]                	964C42CC
[2014-07-15T12:54:08:087+00] [275.6 MB]                	964C46E0
[2014-07-15T12:54:08:091+00] [275.6 MB]                	964E5CF0
[2014-07-15T12:54:08:094+00] [275.6 MB]                	964E6048
[2014-07-15T12:54:08:099+00] [275.6 MB]                	964E6324
[2014-07-15T12:54:08:103+00] [275.6 MB]                	964C4638
[2014-07-15T12:54:08:107+00] [275.6 MB]                	964BB39C
[2014-07-15T12:54:08:110+00] [275.6 MB]                	843327CC
[2014-07-15T12:54:08:114+00] [275.6 MB]                	962BEF14
[2014-07-15T12:54:08:116+00] [275.6 MB]                	965EA9DC
[2014-07-15T12:54:08:117+00] [275.6 MB]                	965EAC00
[2014-07-15T12:54:08:119+00] [275.6 MB]                	820124A4
[2014-07-15T12:54:08:120+00] [275.6 MB]                	82012578
[2014-07-15T12:54:08:121+00] [275.6 MB]                	82013408
[2014-07-15T12:54:08:122+00] [275.6 MB]                	800A1924
[2014-07-15T12:54:08:123+00] [275.6 MB]                	8009BA1C
[2014-07-15T12:54:08:139+00] [275.6 MB] Preload FlashTex libs/icons/360/buttons_a.tif
[2014-07-15T12:54:08:148+00] [275.6 MB] Preload FlashTex libs/icons/360/buttons_b.tif
[2014-07-15T12:54:08:149+00] [275.6 MB] Preload FlashTex libs/icons/360/buttons_x.tif
[2014-07-15T12:54:08:151+00] [275.6 MB] Preload FlashTex libs/icons/360/buttons_y.tif
[2014-07-15T12:54:08:153+00] [275.6 MB] Preload FlashTex libs/icons/360/buttons_rb.tif
[2014-07-15T12:54:08:156+00] [275.6 MB] Preload FlashTex libs/icons/360/buttons_lb.tif
[2014-07-15T12:54:08:158+00] [275.6 MB] Preload FlashTex libs/icons/360/buttons_rt.tif
[2014-07-15T12:54:08:159+00] [275.6 MB] Preload FlashTex libs/icons/360/buttons_lt.tif
[2014-07-15T12:54:08:161+00] [275.6 MB] Preload FlashTex libs/icons/360/buttons_dpad_up.tif
[2014-07-15T12:54:08:163+00] [275.6 MB] Preload FlashTex libs/icons/360/buttons_dpad_left.tif
[2014-07-15T12:54:08:165+00] [275.6 MB] Preload FlashTex libs/icons/360/buttons_ls.tif
[2014-07-15T12:54:08:167+00] [275.6 MB] Preload FlashTex libs/icons/360/buttons_rs.tif
[2014-07-15T12:54:08:169+00] [275.6 MB] Preload FlashTex libs/icons/360/buttons_l_left_right.tif
[2014-07-15T12:54:08:170+00] [275.6 MB] Preload FlashTex libs/icons/360/buttons_l_up_down.tif
[2014-07-15T12:54:08:172+00] [275.6 MB] Preload FlashTex libs/icons/360/buttons_r_left_right.tif
[2014-07-15T12:54:08:174+00] [275.6 MB] Preload FlashTex libs/icons/360/buttons_r_up_down.tif
[2014-07-15T12:54:08:176+00] [275.6 MB] Preload FlashTex libs/icons/360/buttons_l.tif
[2014-07-15T12:54:08:178+00] [275.6 MB] Preload FlashTex libs/icons/360/buttons_r.tif
[2014-07-15T12:54:08:180+00] [275.6 MB] Preload FlashTex libs/icons/360/buttons_start.tif
[2014-07-15T12:54:08:181+00] [275.6 MB] Preload FlashTex libs/icons/360/buttons_back.tif
[2014-07-15T12:54:08:183+00] [275.6 MB] Preload GFX Libs/UI/Controls/tooltip.gfx
[2014-07-15T12:54:08:184+00] [275.6 MB] Preload GFX Libs/UI/Controls/container.gfx
[2014-07-15T12:54:08:189+00] [275.6 MB] Preload GFX Libs/UI/Controls/buttonLabel.gfx
[2014-07-15T12:54:08:190+00] [275.6 MB] Preload GFX Libs/UI/Controls/buttonLabelLabel.gfx
[2014-07-15T12:54:08:191+00] [275.6 MB] Preload GFX Libs/UI/Controls/buttonLabelTypes.gfx
[2014-07-15T12:54:08:192+00] [275.6 MB] Preload GFX Libs/UI/Controls/asynchroneFeedback.gfx
[2014-07-15T12:54:08:193+00] [275.6 MB] Preload GFX Libs/UI/Controls/LabelDescriptionHUD.gfx
[2014-07-15T12:54:08:194+00] [275.6 MB] Preload GFX Libs/UI/LargeContainer.gfx
[2014-07-15T12:54:08:195+00] [275.6 MB] Preload GFX Libs/UI/Buttons.gfx
[2014-07-15T12:54:08:206+00] [275.6 MB] Preload GFX Libs/UI/Controls/GameLogoAnimated.gfx
[2014-07-15T12:54:08:207+00] [275.6 MB] Preload GFX Libs/UI/Controls/ButtonImage_NaviBar_a.gfx
[2014-07-15T12:54:08:209+00] [275.6 MB] Preload GFX Libs/UI/Controls/ButtonImage_NaviBar_b.gfx
[2014-07-15T12:54:08:211+00] [275.6 MB] Preload GFX Libs/UI/Controls/ButtonImage_NaviBar_c.gfx
[2014-07-15T12:54:08:211+00] [275.6 MB] Preload GFX Libs/UI/Controls/ChatArea.gfx
[2014-07-15T12:54:08:212+00] [275.6 MB] Preload GFX Libs/UI/Controls/LabelDescription.gfx
[2014-07-15T12:54:08:213+00] [275.6 MB] Preload GFX Libs/UI/Controls/ButtonImage_Text_a.gfx
[2014-07-15T12:54:08:214+00] [275.6 MB] Preload GFX Libs/UI/Controls/ButtonImage_Text_b.gfx
[2014-07-15T12:54:08:215+00] [275.6 MB] Preload GFX Libs/UI/Controls/ButtonImage_Text_c.gfx
[2014-07-15T12:54:08:216+00] [275.6 MB] Preload GFX Libs/UI/Controls/ButtonBitmap.gfx
[2014-07-15T12:54:08:814+00] [278.8 MB] [Warning] Localized string for Label <@message_please_wait> not found
[2014-07-15T12:54:08:826+00] [278.8 MB] CScreenManager::ResetCursorPosition() Calling OnResetCursor() on AsyncOperationMessage
[2014-07-15T12:54:08:828+00] [278.8 MB] [ScreenManager] [12:54:08] Open screen: 'async_operation_message' opened in 348 ms time, frame 6
[2014-07-15T12:54:08:838+00] [279.2 MB] CScreenManager::ResetCursorPosition() Calling OnResetCursor() on demo_overlay
[2014-07-15T12:54:08:839+00] [279.2 MB] [ScreenManager] [12:54:08] Open screen: 'demo_overlay' opened in 9 ms time, frame 6
[2014-07-15T12:54:08:896+00] [279.6 MB] Loading Localization File Languages/text_360_minimal.xml
[2014-07-15T12:54:08:902+00] [279.7 MB] CLobbySystem::Reset()
[2014-07-15T12:54:08:903+00] [279.7 MB] [Warning] CGameOptions::LoadControllerLayoutFile: Failed to find preloaded controller layout for key: buttonlayout_default
[2014-07-15T12:54:08:904+00] [279.7 MB] [Warning] CGameOptions::SetControllerLayouts: Failed to load controller layout: buttonlayout_default
[2014-07-15T12:54:08:905+00] [279.7 MB] [FrontendTelemetry] SetXLSPConnectionStatus 0 -> 0
[2014-07-15T12:54:08:985+00] [280.9 MB] [Error] <Flash> Error: Can't find method '_level0.set_size' to invoke. [libs/ui/controls/savespinner.gfx]
[2014-07-15T12:54:08:986+00] [280.9 MB] [Error] <Flash> Error: Can't find method '_level0.set_font_scale' to invoke. [libs/ui/controls/savespinner.gfx]
[2014-07-15T12:54:08:987+00] [280.9 MB] [Error] <Flash> Error: Can't find method '_level0.enable' to invoke. [libs/ui/controls/savespinner.gfx]
[2014-07-15T12:54:09:047+00] [281.5 MB] [Error] <Flash> Error: Can't find method '_level0.set_size' to invoke. [libs/ui/controls/savespinner.gfx]
[2014-07-15T12:54:09:057+00] [281.5 MB] CScreenManager::ResetCursorPosition() Calling OnResetCursor() on start_screen
[2014-07-15T12:54:09:058+00] [281.5 MB] [ScreenManager] [12:54:09] Open screen: 'start_screen' opened in 151 ms time, frame 6
[2014-07-15T12:54:09:060+00] [275.6 MB] CFlash::Preload cached libs/ui/controls/tooltip.gfx bootstrapper 40BB7A70
[2014-07-15T12:54:09:061+00] [275.6 MB] CFlash::Preload cached libs/ui/controls/container.gfx bootstrapper 40BB79C8
[2014-07-15T12:54:09:063+00] [276.2 MB] CFlash::Preload cached libs/ui/controls/buttonlabel.gfx bootstrapper 40BB7968
[2014-07-15T12:54:09:065+00] [276.2 MB] [Error] <Flash> Error: GFxLoader failed to open 'libs/ui/controls/buttonlabellabel.gfx' [libs/ui/controls/buttonlabellabel.gfx]
[2014-07-15T12:54:09:066+00] [276.2 MB] [Error] <Flash> GFxLoader failed to open "libs/ui/controls/buttonlabellabel.gfx" [libs/ui/controls/buttonlabellabel.gfx]
[2014-07-15T12:54:09:067+00] [276.2 MB] CFlash::Preload cached libs/ui/controls/buttonlabellabel.gfx bootstrapper 40BB8CB0
[2014-07-15T12:54:09:068+00] [276.2 MB] [Error] <Flash> Error: GFxLoader failed to open 'libs/ui/controls/buttonlabeltypes.gfx' [libs/ui/controls/buttonlabeltypes.gfx]
[2014-07-15T12:54:09:070+00] [276.2 MB] [Error] <Flash> GFxLoader failed to open "libs/ui/controls/buttonlabeltypes.gfx" [libs/ui/controls/buttonlabeltypes.gfx]
[2014-07-15T12:54:09:071+00] [276.2 MB] CFlash::Preload cached libs/ui/controls/buttonlabeltypes.gfx bootstrapper 40BB8C50
[2014-07-15T12:54:09:072+00] [276.2 MB] CFlash::Preload cached libs/ui/controls/asynchronefeedback.gfx bootstrapper 40BB8C68
[2014-07-15T12:54:09:073+00] [276.3 MB] CFlash::Preload cached libs/ui/controls/labeldescriptionhud.gfx bootstrapper 40BB8CC8
[2014-07-15T12:54:09:074+00] [276.3 MB] CFlash::Preload cached libs/ui/largecontainer.gfx bootstrapper 40BB8E00
[2014-07-15T12:54:09:075+00] [276.7 MB] CFlash::Preload cached libs/ui/buttons.gfx bootstrapper 40BB8EA8
[2014-07-15T12:54:09:076+00] [276.7 MB] CFlash::Preload cached libs/ui/controls/gamelogoanimated.gfx bootstrapper 40BB8F08
[2014-07-15T12:54:09:077+00] [276.7 MB] CFlash::Preload cached libs/ui/controls/buttonimage_navibar_a.gfx bootstrapper 40BD1FF8
[2014-07-15T12:54:09:079+00] [276.8 MB] CFlash::Preload cached libs/ui/controls/buttonimage_navibar_b.gfx bootstrapper 40BD1FE0
[2014-07-15T12:54:09:080+00] [276.8 MB] CFlash::Preload cached libs/ui/controls/buttonimage_navibar_c.gfx bootstrapper 40BD1FC8
[2014-07-15T12:54:09:081+00] [276.9 MB] CFlash::Preload cached libs/ui/controls/chatarea.gfx bootstrapper 40BD1FB0
[2014-07-15T12:54:09:083+00] [276.9 MB] CFlash::Preload cached libs/ui/controls/labeldescription.gfx bootstrapper 40BD1F98
[2014-07-15T12:54:09:084+00] [277.0 MB] CFlash::Preload cached libs/ui/controls/buttonimage_text_a.gfx bootstrapper 40BD1F80
[2014-07-15T12:54:09:085+00] [277.2 MB] CFlash::Preload cached libs/ui/controls/buttonimage_text_b.gfx bootstrapper 40BD1F68
[2014-07-15T12:54:09:086+00] [277.2 MB] CFlash::Preload cached libs/ui/controls/buttonimage_text_c.gfx bootstrapper 40BD1F50
[2014-07-15T12:54:09:087+00] [277.3 MB] CFlash::Preload cached libs/ui/controls/buttonbitmap.gfx bootstrapper 40BD1F38
[2014-07-15T12:54:09:088+00] [277.4 MB] CFlash::Preload cached libs/ui/360/controls/labeldescription.gfx bootstrapper 40BD1F20
[2014-07-15T12:54:09:089+00] [277.4 MB] CFlash::Preload cached libs/ui/controls/button_label_simple.gfx bootstrapper 40BD1F08
[2014-07-15T12:54:09:091+00] [277.5 MB] CFlash::Preload cached libs/ui/controls/messageboxbackground.gfx bootstrapper 40BD1EF0
[2014-07-15T12:54:09:092+00] [277.5 MB] CFlash::Preload cached libs/ui/controls/savespinner.gfx bootstrapper 40BD1ED8
[2014-07-15T12:54:09:093+00] [277.5 MB] CFlash::Preload cached libs/ui/360/controls/asynchronefeedback.gfx bootstrapper 40BD1EC0
[2014-07-15T12:54:09:094+00] [277.5 MB] CFlash::Preload cached libs/ui/controls/image.gfx bootstrapper 40BD1EA8
[2014-07-15T12:54:09:096+00] [277.5 MB] CFlash::Preload cached libs/ui/360/controls/languageselect.gfx bootstrapper 40BD1E90
[2014-07-15T12:54:09:097+00] [277.9 MB] CFlash::Preload cached libs/ui/360/controls/buttonlabel.gfx bootstrapper 40BD1E78
[2014-07-15T12:54:09:099+00] [277.9 MB] CFlash::Preload cached libs/ui/360/controls/buttonlabel_b.gfx bootstrapper 40BD1E60
[2014-07-15T12:54:09:099+00] [278.0 MB] CFlash::Preload cached libs/ui/360/controls/checkbox.gfx bootstrapper 40BD1E48
[2014-07-15T12:54:09:100+00] [278.2 MB] CFlash::Preload cached libs/ui/360/controls/labelhtml.gfx bootstrapper 40BD1E30
[2014-07-15T12:54:09:101+00] [278.2 MB] CFlash::Preload cached libs/ui/controls/label_simple.gfx bootstrapper 40BD1E18
[2014-07-15T12:54:09:102+00] [278.3 MB] CFlash::Preload cached libs/ui/360/controls/progressbarclassicdownload.gfx bootstrapper 40BD1E00
[2014-07-15T12:54:09:103+00] [278.3 MB] CFlash::Preload cached libs/ui/360/controls/labelhtmlcondensed.gfx bootstrapper 40BD1DE8
[2014-07-15T12:54:09:104+00] [278.4 MB] CFlash::Preload cached libs/ui/360/controls/datagridrealmselect.gfx bootstrapper 40BD1DD0
[2014-07-15T12:54:09:105+00] [278.4 MB] CFlash::Preload cached libs/ui/360/controls/demooverlay.gfx bootstrapper 40BD1DB8
[2014-07-15T12:54:09:106+00] [278.5 MB] CFlash::Preload cached libs/ui/controls/loadingspinner.gfx bootstrapper 40BD1DA0
[2014-07-15T12:54:09:107+00] [278.5 MB] CFlash::Preload cached libs/ui/controls/labeldescsimple.gfx bootstrapper 40BD1D88
[2014-07-15T12:54:09:109+00] [278.7 MB] CFlash::Preload cached libs/ui/controls/progressbarclassic.gfx bootstrapper 40BD1D70
[2014-07-15T12:54:09:111+00] [281.6 MB] [net ] CNetwork::UpdateTick() stall detected, socket manager poll waitTime=64, actionsTime=0
[2014-07-15T12:54:09:112+00] [281.6 MB] [net ] CNetwork::UpdateTick() stall detected, socket manager poll waitTime=65, actionsTime=0
[2014-07-15T12:54:09:113+00] [281.6 MB] [net ] CNetwork::UpdateTick() stall detected, socket manager poll waitTime=65, actionsTime=0
[2014-07-15T12:54:09:114+00] [281.6 MB] [net ] CNetwork::UpdateTick() stall detected, socket manager poll waitTime=65, actionsTime=0
[2014-07-15T12:54:09:115+00] [281.6 MB] [net ] CNetwork::UpdateTick() stall detected, socket manager poll waitTime=65, actionsTime=0
[2014-07-15T12:54:09:116+00] [281.6 MB] [net ] CNetwork::UpdateTick() stall detected, socket manager poll waitTime=65, actionsTime=0
[2014-07-15T12:54:09:117+00] [281.6 MB] [net ] CNetwork::UpdateTick() stall detected, socket manager poll waitTime=65, actionsTime=0
[2014-07-15T12:54:09:118+00] [281.6 MB] [net ] CNetwork::UpdateTick() stall detected, socket manager poll waitTime=65, actionsTime=0
[2014-07-15T12:54:09:119+00] [281.6 MB] [net ] CNetwork::UpdateTick() stall detected, socket manager poll waitTime=65, actionsTime=0
[2014-07-15T12:54:09:120+00] [281.6 MB] [net ] CNetwork::UpdateTick() stall detected, socket manager poll waitTime=66, actionsTime=0
[2014-07-15T12:54:09:121+00] [281.6 MB] [net ] CNetwork::UpdateTick() stall detected, socket manager poll waitTime=65, actionsTime=0
[2014-07-15T12:54:09:122+00] [281.6 MB] [net ] CNetwork::UpdateTick() stall detected, socket manager poll waitTime=65, actionsTime=0
[2014-07-15T12:54:09:124+00] [281.6 MB] [net ] CNetwork::UpdateTick() stall detected, socket manager poll waitTime=65, actionsTime=0
[2014-07-15T12:54:09:125+00] [281.6 MB] [net ] CNetwork::UpdateTick() stall detected, socket manager poll waitTime=65, actionsTime=0
[2014-07-15T12:54:09:126+00] [281.6 MB] [net ] CNetwork::UpdateTick() stall detected, socket manager poll waitTime=65, actionsTime=0
[2014-07-15T12:54:09:127+00] [281.6 MB] [net ] CNetwork::UpdateTick() stall detected, socket manager poll waitTime=65, actionsTime=0
[2014-07-15T12:54:09:129+00] [281.6 MB] [net ] CNetwork::UpdateTick() stall detected, socket manager poll waitTime=65, actionsTime=0
[2014-07-15T12:54:09:167+00] [281.7 MB] <Sound> Sound-FmodEx-AudioDevice Thread created: FMOD file thread (-134216372) 
[2014-07-15T12:54:13:648+00] [283.0 MB] [net ] [Lobby] Live Initialise error 0
[2014-07-15T12:54:13:649+00] [283.0 MB] [Lobby] Initialise service 1 error 0
[2014-07-15T12:54:13:650+00] [283.0 MB] CLobbySystem::SetState() state changing 0 -> 1
[2014-07-15T12:54:13:651+00] [283.0 MB] CLobbySystem::SetState() state changing 1 -> 3
[2014-07-15T12:54:13:676+00] [283.0 MB] CLobbySystem::SetState() state changing 3 -> 4
[2014-07-15T12:54:13:797+00] [283.0 MB] CLobbySystem::SetState() state changing 4 -> 5
[2014-07-15T12:54:13:912+00] [283.0 MB] [IMemoryFileSystem] Dumping files - FindFirst
[2014-07-15T12:54:14:014+00] [283.0 MB] [CXenonFile] "~~xenon~filemap~~" (cry0:\~~xenon~filemap~~) opened for read
[2014-07-15T12:54:14:029+00] [283.0 MB] [CPlatformOS_Xenon] Mounted new save on DeviceID 1
[2014-07-15T12:54:14:030+00] [283.0 MB] [CSaveWriter_Memory:0] Formatted
[2014-07-15T12:54:14:031+00] [283.0 MB] [IMemoryFileSystem] Dumping files - FindFirst
[2014-07-15T12:54:14:080+00] [283.0 MB] [CXenonFile] "%USER%\Profiles\profile.xml" (cry0:\profile.xml) opened for read
[2014-07-15T12:54:14:082+00] [283.0 MB] [IMemoryFileSystem] Dumping files - before save
[2014-07-15T12:54:14:082+00] [283.1 MB] [CSaveWriter_Memory:0] "%USER%\Profiles\profile.xml" opened for write
[2014-07-15T12:54:14:083+00] [283.1 MB] [IMemoryFileSystem] Dumping files - after save
[2014-07-15T12:54:14:084+00] [283.1 MB] [0] %USER%/Profiles/profile.xml, Dirty
[2014-07-15T12:54:14:086+00] [283.1 MB] [CXenonFile] "%USER%\Profiles\QueryCache\items.xml" (cry0:\items.xml) opened for read
[2014-07-15T12:54:14:087+00] [283.1 MB] [IMemoryFileSystem] Dumping files - before save
[2014-07-15T12:54:14:088+00] [283.1 MB] [0] %USER%/Profiles/profile.xml, Dirty
[2014-07-15T12:54:14:089+00] [283.1 MB] [CSaveWriter_Memory:0] "%USER%\Profiles\QueryCache\items.xml" opened for write
[2014-07-15T12:54:14:090+00] [283.1 MB] [IMemoryFileSystem] Dumping files - after save
[2014-07-15T12:54:14:091+00] [283.1 MB] [0] %USER%/Profiles/profile.xml, Dirty
[2014-07-15T12:54:14:092+00] [283.1 MB] [0] %USER%/Profiles/QueryCache/items.xml, Dirty
[2014-07-15T12:54:14:097+00] [283.1 MB] [CXenonFile] "%USER%\Profiles\QueryCache\persistent_settings_get.xml" (cry0:\persistent_settings_get.xml) opened for read
[2014-07-15T12:54:14:098+00] [283.1 MB] [IMemoryFileSystem] Dumping files - before save
[2014-07-15T12:54:14:099+00] [283.1 MB] [0] %USER%/Profiles/profile.xml, Dirty
[2014-07-15T12:54:14:100+00] [283.1 MB] [0] %USER%/Profiles/QueryCache/items.xml, Dirty
[2014-07-15T12:54:14:101+00] [283.2 MB] [CSaveWriter_Memory:0] "%USER%\Profiles\QueryCache\persistent_settings_get.xml" opened for write
[2014-07-15T12:54:14:102+00] [283.2 MB] [IMemoryFileSystem] Dumping files - after save
[2014-07-15T12:54:14:104+00] [283.2 MB] [0] %USER%/Profiles/profile.xml, Dirty
[2014-07-15T12:54:14:105+00] [283.2 MB] [0] %USER%/Profiles/QueryCache/items.xml, Dirty
[2014-07-15T12:54:14:107+00] [283.2 MB] [0] %USER%/Profiles/QueryCache/persistent_settings_get.xml, Dirty
[2014-07-15T12:54:14:108+00] [283.2 MB] [CXenonFile] "%USER%\Profiles\QueryCache\shop_get_offers.xml" (cry0:\shop_get_offers.xml) opened for read
[2014-07-15T12:54:14:109+00] [283.2 MB] [IMemoryFileSystem] Dumping files - before save
[2014-07-15T12:54:14:110+00] [283.2 MB] [0] %USER%/Profiles/profile.xml, Dirty
[2014-07-15T12:54:14:111+00] [283.2 MB] [0] %USER%/Profiles/QueryCache/items.xml, Dirty
[2014-07-15T12:54:14:112+00] [283.2 MB] [0] %USER%/Profiles/QueryCache/persistent_settings_get.xml, Dirty
[2014-07-15T12:54:14:113+00] [283.3 MB] [CSaveWriter_Memory:0] "%USER%\Profiles\QueryCache\shop_get_offers.xml" opened for write
[2014-07-15T12:54:14:114+00] [283.3 MB] [IMemoryFileSystem] Dumping files - after save
[2014-07-15T12:54:14:116+00] [283.3 MB] [0] %USER%/Profiles/profile.xml, Dirty
[2014-07-15T12:54:14:118+00] [283.3 MB] [0] %USER%/Profiles/QueryCache/items.xml, Dirty
[2014-07-15T12:54:14:118+00] [283.3 MB] [0] %USER%/Profiles/QueryCache/persistent_settings_get.xml, Dirty
[2014-07-15T12:54:14:119+00] [283.3 MB] [0] %USER%/Profiles/QueryCache/shop_get_offers.xml, Dirty
[2014-07-15T12:54:14:129+00] [283.3 MB] [CPlatformOS_Xenon::DirtyAllFiles] Cleaning all files for user 0
[2014-07-15T12:54:14:130+00] [283.3 MB] [CPlatformOS_Xenon::NotifyMountedStorage] Mounted file system for user 0
[2014-07-15T12:54:14:131+00] [283.3 MB] [Warning] [PlayerProfiles] Logout of user '' failed [was not logged in]
[2014-07-15T12:54:14:132+00] [283.3 MB] LoginUser::UserIsSignedIn 1
[2014-07-15T12:54:14:133+00] [283.3 MB] [PlayerProfiles] Login of user 'Xeae853fc6IDIGQ' successful.
[2014-07-15T12:54:14:134+00] [283.3 MB] [PlayerProfiles] Found 1 profiles.
[2014-07-15T12:54:14:135+00] [283.3 MB]    Profile 0 : 'Xeae853fc6IDIGQ'
[2014-07-15T12:54:14:136+00] [283.3 MB] [CSaveReader_Memory:0] "%USER%/Profiles/profile.xml" opened for read
[2014-07-15T12:54:14:138+00] [283.3 MB] [GameProfiles]: Successfully activated profile 'Xeae853fc6IDIGQ' for user 'Xeae853fc6IDIGQ'
[2014-07-15T12:54:14:166+00] [283.3 MB] username Xeae853fc6IDIGQ signedIn 1 userIndex 0
[2014-07-15T12:54:14:167+00] [283.3 MB] ActivateProfile profileName Xeae853fc6IDIGQ
[2014-07-15T12:54:14:169+00] [283.3 MB] [Warning] CGameOptions::LoadControllerLayoutFile: Failed to find preloaded controller layout for key: buttonlayout_default
[2014-07-15T12:54:14:170+00] [283.3 MB] [Warning] CGameOptions::SetControllerLayouts: Failed to load controller layout: buttonlayout_default
[2014-07-15T12:54:14:179+00] [283.3 MB] [CPlatformOS_Xenon::NotifyMountedStorage] Mounted file system for user 0
[2014-07-15T12:54:14:180+00] [283.3 MB] LoginUser::UserIsSignedIn 1
[2014-07-15T12:54:14:181+00] [283.3 MB] [PlayerProfiles] Login of user 'Xeae853fc6IDIGQ' successful.
[2014-07-15T12:54:14:182+00] [283.3 MB] [PlayerProfiles] Found 1 profiles.
[2014-07-15T12:54:14:183+00] [283.3 MB]    Profile 0 : 'Xeae853fc6IDIGQ'
[2014-07-15T12:54:14:184+00] [283.3 MB] [CSaveReader_Memory:0] "%USER%/Profiles/profile.xml" opened for read
[2014-07-15T12:54:14:186+00] [283.3 MB] [GameProfiles]: Successfully activated profile 'Xeae853fc6IDIGQ' for user 'Xeae853fc6IDIGQ'
[2014-07-15T12:54:14:187+00] [283.3 MB] username Xeae853fc6IDIGQ signedIn 1 userIndex 0
[2014-07-15T12:54:14:188+00] [283.3 MB] ActivateProfile profileName Xeae853fc6IDIGQ
[2014-07-15T12:54:14:189+00] [283.3 MB] [Warning] CGameOptions::LoadControllerLayoutFile: Failed to find preloaded controller layout for key: buttonlayout_default
[2014-07-15T12:54:14:190+00] [283.3 MB] [Warning] CGameOptions::SetControllerLayouts: Failed to load controller layout: buttonlayout_default
[2014-07-15T12:54:14:191+00] [283.3 MB] CLobbySystem::SetState() state changing 5 -> 6
[2014-07-15T12:54:14:194+00] [283.3 MB] [net ] CNetwork::UpdateTick() stall detected, socket manager poll waitTime=66, actionsTime=0
[2014-07-15T12:54:14:196+00] [283.3 MB] [net ] CNetwork::UpdateTick() stall detected, socket manager poll waitTime=65, actionsTime=0
[2014-07-15T12:54:14:197+00] [283.3 MB] [net ] CNetwork::UpdateTick() stall detected, socket manager poll waitTime=65, actionsTime=0
[2014-07-15T12:54:14:198+00] [283.3 MB] [net ] CNetwork::UpdateTick() stall detected, socket manager poll waitTime=66, actionsTime=0
[2014-07-15T12:54:14:199+00] [283.3 MB] [net ] CNetwork::UpdateTick() stall detected, socket manager poll waitTime=65, actionsTime=0
[2014-07-15T12:54:14:201+00] [283.3 MB] [net ] CNetwork::UpdateTick() stall detected, socket manager poll waitTime=65, actionsTime=0
[2014-07-15T12:54:14:202+00] [283.3 MB] CLobbySystem::SetState() state changing 6 -> 7
[2014-07-15T12:54:14:204+00] [283.3 MB] CLobbySystem::SetState() state changing 7 -> 8
[2014-07-15T12:54:15:421+00] [283.3 MB] CLobbySystem::SetState() state changing 8 -> 9
[2014-07-15T12:54:15:422+00] [283.3 MB] CLobbySystem::SetState() state changing 9 -> 10
[2014-07-15T12:54:16:064+00] [283.3 MB] CLobbySystem::SetState() state changing 10 -> 11
[2014-07-15T12:54:16:065+00] [283.3 MB] CLobbySystem::SetState() state changing 11 -> 13
[2014-07-15T12:54:16:097+00] [283.3 MB] [ScreenManager] [12:54:16] Close screen: 'start_screen', frame 215
[2014-07-15T12:54:16:099+00] [283.3 MB] [ScreenManager] Destroy screen: 'start_screen', frame 215
[2014-07-15T12:54:16:140+00] [282.1 MB] [Error] <Flash> Error: Can't find method '_level0.set_size' to invoke. [libs/ui/controls/savespinner.gfx]
[2014-07-15T12:54:16:141+00] [282.1 MB] [Error] <Flash> Error: Can't find method '_level0.set_font_scale' to invoke. [libs/ui/controls/savespinner.gfx]
[2014-07-15T12:54:16:142+00] [282.1 MB] [Error] <Flash> Error: Can't find method '_level0.enable' to invoke. [libs/ui/controls/savespinner.gfx]
[2014-07-15T12:54:16:220+00] [284.1 MB] [Error] <Flash> Error: Can't find method '_level0.set_size' to invoke. [libs/ui/controls/savespinner.gfx]
[2014-07-15T12:54:16:226+00] [284.1 MB] CScreenManager::ResetCursorPosition() Calling OnResetCursor() on downloading_patch
[2014-07-15T12:54:16:227+00] [284.1 MB] [ScreenManager] [12:54:16] Open screen: 'downloading_patch' opened in 128 ms time, frame 215
[2014-07-15T12:54:16:228+00] [284.1 MB] CLobbySystem::SetState() state changing 13 -> 15
[2014-07-15T12:54:16:231+00] [284.1 MB] [net ] CNetwork::UpdateTick() stall detected, socket manager poll waitTime=66, actionsTime=0
[2014-07-15T12:54:16:232+00] [284.1 MB] [net ] CNetwork::UpdateTick() stall detected, socket manager poll waitTime=65, actionsTime=0
[2014-07-15T12:54:16:234+00] [284.1 MB] CLobbySystem::SetState() state changing 15 -> 16
[2014-07-15T12:54:16:235+00] [284.1 MB] [GSPATCH/Data] Sent
[2014-07-15T12:54:16:236+00] [284.1 MB] [REALMS/Data] Sent
[2014-07-15T12:54:16:237+00] [284.1 MB] [TOS/Date] Sent
[2014-07-15T12:54:16:238+00] [284.1 MB] [OFFERS/Data] Sent
[2014-07-15T12:54:16:240+00] [284.1 MB] [TELEMETRY/Gateway] Sent
[2014-07-15T12:54:19:648+00] [285.3 MB] [GSPATCH/Data] Downloaded!
[2014-07-15T12:54:19:649+00] [285.2 MB] [TELEMETRY/Gateway] Downloaded!
[2014-07-15T12:54:19:670+00] [285.2 MB] [FrontendTelemetry] OnCanisDataDownloaded
[2014-07-15T12:54:19:671+00] [285.2 MB] [FrontendTelemetry] SetXLSPConnectionStatus 0 -> 1
[2014-07-15T12:54:19:680+00] [285.2 MB] [XLSP] XEnumerate : 0x000003E5
[2014-07-15T12:54:19:682+00] [285.2 MB] [FrontendTelemetry] SetXLSPConnectionStatus 1 -> 2
[2014-07-15T12:54:19:777+00] [285.8 MB] [TOS/Date] Downloaded!
[2014-07-15T12:54:19:905+00] [285.7 MB] [OFFERS/Data] Downloaded!
[2014-07-15T12:54:20:033+00] [285.6 MB] [REALMS/Data] Downloaded!
[2014-07-15T12:54:20:036+00] [285.0 MB] CLobbySystem::SelectRealm() selected server 'ukwf360realm11' (ukwf360realm11.intern.crytek.de) on port 8000
[2014-07-15T12:54:20:037+00] [285.0 MB] CLobbySystem::FinishOnlineInitialisation() result:0
[2014-07-15T12:54:20:038+00] [285.0 MB] CLobbySystem::SetState() state changing 16 -> 27
[2014-07-15T12:54:20:066+00] [285.0 MB] CLobbySystem::PartyMembersCallback numMembers 0
[2014-07-15T12:54:20:098+00] [285.0 MB] [XLSP] XEnumerate(Overlapped) : 0x00000000
[2014-07-15T12:54:20:130+00] [285.0 MB] [XLSP] XLSP Server Enumerate : WF-AMS-1 ? WF-Cry-1
[2014-07-15T12:54:20:131+00] [285.0 MB] [XLSP] XLSP Server Enumerate : WF-AMS-2 ? WF-Cry-1
[2014-07-15T12:54:20:133+00] [285.0 MB] [XLSP] XLSP Server Enumerate : WF-Cry-1 ? WF-Cry-1
[2014-07-15T12:54:20:134+00] [285.0 MB] [XLSP] XLSP Server Enumerate : WF-RTW-1 ? WF-Cry-1
[2014-07-15T12:54:20:135+00] [285.0 MB] [XLSP] XLSP Server Enumerate : WF-XX ? WF-Cry-1
[2014-07-15T12:54:20:136+00] [285.0 MB] [XLSP] XLSP Server (1 of 1) : WF-Cry-1 ? WF-Cry-1
[2014-07-15T12:54:20:137+00] [285.0 MB] [XLSP] Secure Address Allocated : 001D2900
[2014-07-15T12:54:20:168+00] [285.0 MB] [XLSP] Connected to secure address : 001D2900
[2014-07-15T12:54:20:169+00] [285.0 MB] [FrontendTelemetry] SetXLSPConnectionStatus 2 -> 3
[2014-07-15T12:54:20:682+00] [285.0 MB] [XLSP]  :V - 001D2900:001D2900
[2014-07-15T12:54:20:684+00] [285.0 MB] [XLSP] secure address still in use
[2014-07-15T12:54:21:197+00] [285.0 MB] [XLSP]  :V - 001D2900:001D2900
[2014-07-15T12:54:21:198+00] [285.0 MB] [XLSP] secure address still in use
[2014-07-15T12:54:21:262+00] [285.0 MB] [ScreenManager] [12:54:21] Close screen: 'downloading_patch', frame 373
[2014-07-15T12:54:21:265+00] [285.0 MB] [ScreenManager] Destroy screen: 'downloading_patch', frame 373
[2014-07-15T12:54:21:398+00] [284.0 MB] [ScreenManager] [12:54:21] Open screen: 'realm_select' opened in 132 ms time, frame 373
[2014-07-15T12:54:21:399+00] [284.0 MB] [net ] CNetwork::UpdateTick() stall detected, socket manager poll waitTime=66, actionsTime=0
[2014-07-15T12:54:21:400+00] [284.0 MB] [net ] CNetwork::UpdateTick() stall detected, socket manager poll waitTime=66, actionsTime=0
[2014-07-15T12:54:21:692+00] [284.3 MB] [XLSP]  :V - 001D2900:001D2900
[2014-07-15T12:54:21:693+00] [284.3 MB] [XLSP] secure address still in use
[2014-07-15T12:54:22:206+00] [284.3 MB] [XLSP]  :V - 001D2900:001D2900
[2014-07-15T12:54:22:207+00] [284.3 MB] [XLSP] secure address still in use
[2014-07-15T12:54:23:592+00] [284.3 MB] CLobbySystem::SelectRealm() selected server 'ukwf360realm11' (ukwf360realm11.intern.crytek.de) on port 8000
[2014-07-15T12:54:23:594+00] [284.3 MB] [ScreenManager] [12:54:23] Close screen: 'realm_select', frame 442
[2014-07-15T12:54:23:621+00] [285.0 MB] [Error] <Flash> Error: Can't find method '_level0.set_size' to invoke. [libs/ui/controls/savespinner.gfx]
[2014-07-15T12:54:23:622+00] [285.0 MB] [Error] <Flash> Error: Can't find method '_level0.set_font_scale' to invoke. [libs/ui/controls/savespinner.gfx]
[2014-07-15T12:54:23:625+00] [285.0 MB] [Error] <Flash> Error: Can't find method '_level0.enable' to invoke. [libs/ui/controls/savespinner.gfx]
[2014-07-15T12:54:23:724+00] [287.1 MB] [Error] <Flash> Error: Can't find method '_level0.set_size' to invoke. [libs/ui/controls/savespinner.gfx]
[2014-07-15T12:54:23:732+00] [287.1 MB] CScreenManager::ResetCursorPosition() Calling OnResetCursor() on downloading_patch
[2014-07-15T12:54:23:733+00] [287.1 MB] [ScreenManager] [12:54:23] Open screen: 'downloading_patch' opened in 138 ms time, frame 442
[2014-07-15T12:54:23:734+00] [287.1 MB] [ScreenManager] Destroy screen: 'realm_select', frame 442
[2014-07-15T12:54:23:753+00] [285.0 MB] [net ] CNetwork::UpdateTick() stall detected, socket manager poll waitTime=65, actionsTime=0
[2014-07-15T12:54:23:754+00] [285.0 MB] [net ] CNetwork::UpdateTick() stall detected, socket manager poll waitTime=65, actionsTime=0
[2014-07-15T12:54:25:172+00] [290.7 MB] [ScreenManager] [12:54:25] Close screen: 'downloading_patch', frame 472
[2014-07-15T12:54:25:173+00] [290.7 MB] [CStatusScreen] SetState 0 -> 1
[2014-07-15T12:54:25:196+00] [290.7 MB] [ScreenManager] Destroy screen: 'downloading_patch', frame 472
[2014-07-15T12:54:25:241+00] [288.2 MB] CScreenManager::ResetCursorPosition() Calling OnResetCursor() on status
[2014-07-15T12:54:25:252+00] [288.2 MB] [ScreenManager] [12:54:25] Open screen: 'status' opened in 55 ms time, frame 472
[2014-07-15T12:54:25:257+00] [288.2 MB] [RSS/DataFeed] Sent
[2014-07-15T12:54:25:263+00] [288.2 MB] [net ] CNetwork::UpdateTick() stall detected, socket manager poll waitTime=70, actionsTime=0
[2014-07-15T12:54:25:269+00] [288.2 MB] [net ] CNetwork::UpdateTick() stall detected, socket manager poll waitTime=65, actionsTime=0
[2014-07-15T12:54:25:285+00] [288.2 MB] [net ] CNetwork::UpdateTick() stall detected, socket manager poll waitTime=65, actionsTime=0
[2014-07-15T12:54:25:291+00] [288.2 MB] [net ] CNetwork::UpdateTick() stall detected, socket manager poll waitTime=65, actionsTime=0
[2014-07-15T12:54:25:297+00] [288.2 MB] [net ] CNetwork::UpdateTick() stall detected, socket manager poll waitTime=65, actionsTime=0
[2014-07-15T12:54:25:303+00] [288.2 MB] [net ] CNetwork::UpdateTick() stall detected, socket manager poll waitTime=69, actionsTime=0
[2014-07-15T12:54:25:307+00] [288.2 MB] [net ] CNetwork::UpdateTick() stall detected, socket manager poll waitTime=65, actionsTime=0
[2014-07-15T12:54:25:310+00] [288.2 MB] [net ] CNetwork::UpdateTick() stall detected, socket manager poll waitTime=65, actionsTime=0
[2014-07-15T12:54:25:311+00] [288.2 MB] [net ] CNetwork::UpdateTick() stall detected, socket manager poll waitTime=65, actionsTime=0
[2014-07-15T12:54:25:314+00] [288.2 MB] [CStatusScreen] SetState 1 -> 2
[2014-07-15T12:54:25:318+00] [288.2 MB] [net ] CNetwork::UpdateTick() stall detected, socket manager poll waitTime=65, actionsTime=0
[2014-07-15T12:54:25:321+00] [288.2 MB] [CStatusScreen] SetState 2 -> 3
[2014-07-15T12:54:25:328+00] [288.2 MB] SendQuery IsOpen
[2014-07-15T12:54:25:330+00] [288.2 MB] [SendQuery]: Querying server...
[2014-07-15T12:54:25:333+00] [288.2 MB] [CStatusScreen] SetState 3 -> 4
[2014-07-15T12:54:25:779+00] [288.7 MB] [XLSP]  :V - 001D2900:001D2900
[2014-07-15T12:54:25:780+00] [288.7 MB] [XLSP] secure address still in use
[2014-07-15T12:54:25:783+00] [288.7 MB] [CStatusScreen] SetState 4 -> 5
[2014-07-15T12:54:25:787+00] [288.7 MB] [XLSP]  :V - 001D2900:001D2900
[2014-07-15T12:54:25:791+00] [288.7 MB] [XLSP] secure address still in use
[2014-07-15T12:54:25:795+00] [288.7 MB] [CStatusScreen] SetState 5 -> 12
[2014-07-15T12:54:25:812+00] [288.7 MB] [XLSP]  :V - 001D2900:001D2900
[2014-07-15T12:54:25:846+00] [288.7 MB] [XLSP] secure address still in use
[2014-07-15T12:54:25:851+00] [288.7 MB] [ScreenManager] [12:54:25] Close screen: 'status', frame 489
[2014-07-15T12:54:25:890+00] [288.7 MB] [SOUND] 402CF8A0->Blocking/CMusicSystem::GetTheme()
[2014-07-15T12:54:25:896+00] [288.7 MB] [SOUND] 402CF8A0->Blocking/CMusicSystem::GetMood()
[2014-07-15T12:54:25:902+00] [289.1 MB] [ScreenManager] Destroy screen: 'status', frame 489
[2014-07-15T12:54:25:933+00] [289.1 MB] CScreenManager::ResetCursorPosition() Calling OnResetCursor() on login
[2014-07-15T12:54:25:939+00] [289.1 MB] [ScreenManager] [12:54:25] Open screen: 'login' opened in 36 ms time, frame 489
[2014-07-15T12:54:25:945+00] [289.1 MB] [net ] CNetwork::UpdateTick() stall detected, socket manager poll waitTime=65, actionsTime=0
[2014-07-15T12:54:25:950+00] [289.1 MB] [net ] CNetwork::UpdateTick() stall detected, socket manager poll waitTime=65, actionsTime=0
[2014-07-15T12:54:25:981+00] [289.1 MB] SendQuery GetQueuePos
[2014-07-15T12:54:25:985+00] [289.1 MB] [SendQuery]: Querying server...
[2014-07-15T12:54:26:528+00] [289.1 MB] HandleError -1
[2014-07-15T12:54:26:559+00] [289.1 MB] [LoginQueue]: Transaction response qpos -1, eta 100s, rerequest 1.000, version [1165152]
[2014-07-15T12:54:26:560+00] [289.1 MB] [XLSP]  :V - 001D2900:001D2900
[2014-07-15T12:54:26:563+00] [289.1 MB] [XLSP] secure address still in use
[2014-07-15T12:54:27:557+00] [289.1 MB] SendQuery GetQueuePos
[2014-07-15T12:54:27:574+00] [289.1 MB] [SendQuery]: Querying server...
[2014-07-15T12:54:28:073+00] [289.1 MB] HandleError 0
[2014-07-15T12:54:28:145+00] [289.1 MB] [LoginQueue]: Transaction response qpos 0, eta 100s, rerequest 0.200, version [1165152]
[2014-07-15T12:54:28:150+00] [289.1 MB] [XLSP]  :V - 001D2900:001D2900
[2014-07-15T12:54:28:156+00] [289.1 MB] [XLSP] secure address still in use
[2014-07-15T12:54:28:162+00] [289.1 MB] [net ] CNetwork::UpdateTick() stall detected, socket manager poll waitTime=65, actionsTime=0
[2014-07-15T12:54:28:169+00] [289.1 MB] [XLSP]  :V - 001D2900:001D2900
[2014-07-15T12:54:28:174+00] [289.1 MB] [XLSP] secure address still in use
[2014-07-15T12:54:28:184+00] [289.4 MB] []: [OnlineAccount] Creating XMPP connection to ukwf360realm11.intern.crytek.de:-1 with '2535285332412694@warface/GameClient' (no TLS)
[2014-07-15T12:54:28:188+00] [289.4 MB] []: [CryOnline] Notice: gloox does not support SRV records on this platform. Using A records instead.
[2014-07-15T12:54:28:194+00] [289.4 MB] []: [CryOnline] Notice: no SRV record found for ukwf360realm11.intern.crytek.de, using default port.
[2014-07-15T12:54:28:222+00] [289.4 MB] []: [OnlineAccount] Created XMPP connection
[2014-07-15T12:54:28:358+00] [289.5 MB] []: [OnlineAccount] XMPP connection established
[2014-07-15T12:54:28:380+00] [289.5 MB] [LoggedInHeartbeat]: Querying server... (idle time 4)
[2014-07-15T12:54:28:407+00] [289.7 MB] []: [OnlineAccount] Account received: user_id=2535285332412694, token=$WF_2535285332412694_20140715135340_b47TynNjeUgIQKGk
[2014-07-15T12:54:28:434+00] [289.7 MB] [COnlineChannel] Setting MasterServer main_pve_2 (pve) as current
[2014-07-15T12:54:28:779+00] [289.7 MB] [LoggedInHeartbeat]: rerequest 200.000
[2014-07-15T12:54:28:818+00] [289.7 MB] [XLSP]  :V - 001D2900:001D2900
[2014-07-15T12:54:28:820+00] [289.7 MB] [XLSP] secure address still in use
[2014-07-15T12:54:28:893+00] [289.7 MB] [RSS/DataFeed] Downloaded!
[2014-07-15T12:54:28:896+00] [289.1 MB] [warfaces_k6.pak] Sent
[2014-07-15T12:54:28:985+00] [289.1 MB] [COnlineChannel] Confirmed switch to MasterServer main_pve_2 (pve)
[2014-07-15T12:54:28:994+00] [289.1 MB] [Online profile] Loading profile 606
[2014-07-15T12:54:29:000+00] [289.1 MB] [CSaveReader_Memory:0] "%USER%/Profiles/QueryCache/items.xml" opened for read
[2014-07-15T12:54:29:052+00] [289.6 MB] [Warning] Texture for decal Decal001 does not exist
[2014-07-15T12:54:29:054+00] [289.6 MB] [Warning] [CEquipmentSystem]: Server item Decal001 failed to validate
[2014-07-15T12:54:29:057+00] [289.6 MB] [Warning] Texture for decal Decal010 does not exist
[2014-07-15T12:54:29:060+00] [289.6 MB] [Warning] [CEquipmentSystem]: Server item Decal010 failed to validate
[2014-07-15T12:54:29:064+00] [289.6 MB] [Warning] Texture for decal Decal006 does not exist
[2014-07-15T12:54:29:068+00] [289.6 MB] [Warning] [CEquipmentSystem]: Server item Decal006 failed to validate
[2014-07-15T12:54:29:070+00] [289.6 MB] [Warning] Texture for decal Decal009 does not exist
[2014-07-15T12:54:29:073+00] [289.6 MB] [Warning] [CEquipmentSystem]: Server item Decal009 failed to validate
[2014-07-15T12:54:29:076+00] [289.6 MB] [Warning] Texture for decal Decal007 does not exist
[2014-07-15T12:54:29:082+00] [289.6 MB] [Warning] [CEquipmentSystem]: Server item Decal007 failed to validate
[2014-07-15T12:54:29:085+00] [289.6 MB] [Warning] Texture for decal Decal003 does not exist
[2014-07-15T12:54:29:090+00] [289.6 MB] [Warning] [CEquipmentSystem]: Server item Decal003 failed to validate
[2014-07-15T12:54:29:093+00] [289.6 MB] [Warning] Texture for decal Decal008 does not exist
[2014-07-15T12:54:29:097+00] [289.6 MB] [Warning] [CEquipmentSystem]: Server item Decal008 failed to validate
[2014-07-15T12:54:29:101+00] [289.6 MB] [Warning] Texture for decal Decal004 does not exist
[2014-07-15T12:54:29:104+00] [289.6 MB] [Warning] [CEquipmentSystem]: Server item Decal004 failed to validate
[2014-07-15T12:54:29:108+00] [289.6 MB] [Warning] Texture for decal Decal005 does not exist
[2014-07-15T12:54:29:111+00] [289.6 MB] [Warning] [CEquipmentSystem]: Server item Decal005 failed to validate
[2014-07-15T12:54:29:115+00] [289.6 MB] [Warning] Texture for decal Decal002 does not exist
[2014-07-15T12:54:29:118+00] [289.6 MB] [Warning] [CEquipmentSystem]: Server item Decal002 failed to validate
[2014-07-15T12:54:29:122+00] [289.6 MB] [Warning] [CEquipmentSystem]: Content item ss02_camo02 not found for compound item sr14_camo02_shop
[2014-07-15T12:54:29:125+00] [289.6 MB] [Warning] [CEquipmentSystem]: Content item rds05_camo02 not found for compound item shg03_camo02_shop
[2014-07-15T12:54:29:130+00] [289.6 MB] [Warning] [CEquipmentSystem]: Content item ss02_camo02 not found for compound item sr08_camo02_shop
[2014-07-15T12:54:29:133+00] [289.6 MB] [Warning] [CEquipmentSystem]: Content item rds05_camo02 not found for compound item shg10_camo02_shop
[2014-07-15T12:54:29:620+00] [289.6 MB] [Online profile] download items finished
[2014-07-15T12:54:29:626+00] [289.6 MB] [net ] CNetwork::UpdateTick() stall detected, socket manager poll waitTime=66, actionsTime=0
[2014-07-15T12:54:29:630+00] [289.6 MB] [net ] CNetwork::UpdateTick() stall detected, socket manager poll waitTime=66, actionsTime=0
[2014-07-15T12:54:29:636+00] [289.6 MB] [net ] CNetwork::UpdateTick() stall detected, socket manager poll waitTime=65, actionsTime=0
[2014-07-15T12:54:29:645+00] [289.6 MB] [net ] CNetwork::UpdateTick() stall detected, socket manager poll waitTime=65, actionsTime=0
[2014-07-15T12:54:29:651+00] [289.6 MB] [net ] CNetwork::UpdateTick() stall detected, socket manager poll waitTime=65, actionsTime=0
[2014-07-15T12:54:29:656+00] [289.6 MB] [net ] CNetwork::UpdateTick() stall detected, socket manager poll waitTime=65, actionsTime=0
[2014-07-15T12:54:29:662+00] [289.6 MB] [net ] CNetwork::UpdateTick() stall detected, socket manager poll waitTime=65, actionsTime=0
[2014-07-15T12:54:29:668+00] [289.6 MB] [net ] CNetwork::UpdateTick() stall detected, socket manager poll waitTime=65, actionsTime=0
[2014-07-15T12:54:29:675+00] [289.6 MB] [net ] CNetwork::UpdateTick() stall detected, socket manager poll waitTime=65, actionsTime=0
[2014-07-15T12:54:29:828+00] [289.8 MB] [COnlineChannel] Confirmed switch to MasterServer main_pve_2 (pve)
[2014-07-15T12:54:29:953+00] [289.8 MB] [Online profile] Profile data successfully loaded
[2014-07-15T12:54:29:955+00] [289.8 MB] [CNotificationConsoleClient] Pending notifications updated succesfully
[2014-07-15T12:54:29:957+00] [289.8 MB] [CSaveReader_Memory:0] "%USER%/Profiles/QueryCache/persistent_settings_get.xml" opened for read
[2014-07-15T12:54:29:963+00] [289.8 MB] [net ] CNetwork::UpdateTick() stall detected, socket manager poll waitTime=64, actionsTime=0
[2014-07-15T12:54:29:965+00] [289.8 MB] [net ] CNetwork::UpdateTick() stall detected, socket manager poll waitTime=65, actionsTime=0
[2014-07-15T12:54:29:988+00] [289.8 MB] [IMemoryFileSystem] Dumping files - before save
[2014-07-15T12:54:29:989+00] [289.8 MB] [0] %USER%/Profiles/profile.xml, Clean
[2014-07-15T12:54:29:991+00] [289.8 MB] [0] %USER%/Profiles/QueryCache/items.xml, Clean
[2014-07-15T12:54:29:994+00] [289.8 MB] [0] %USER%/Profiles/QueryCache/persistent_settings_get.xml, Clean
[2014-07-15T12:54:29:997+00] [289.8 MB] [0] %USER%/Profiles/QueryCache/shop_get_offers.xml, Clean
[2014-07-15T12:54:30:001+00] [289.8 MB] [CSaveWriter_Memory:0] "%USER%/Profiles/QueryCache/persistent_settings_get.xml" opened for write
[2014-07-15T12:54:30:066+00] [289.8 MB] [IMemoryFileSystem] Dumping files - after save
[2014-07-15T12:54:30:072+00] [289.8 MB] [0] %USER%/Profiles/profile.xml, Clean
[2014-07-15T12:54:30:078+00] [289.8 MB] [0] %USER%/Profiles/QueryCache/items.xml, Clean
[2014-07-15T12:54:30:084+00] [289.8 MB] [0] %USER%/Profiles/QueryCache/persistent_settings_get.xml, Clean
[2014-07-15T12:54:30:090+00] [289.8 MB] [0] %USER%/Profiles/QueryCache/shop_get_offers.xml, Clean
[2014-07-15T12:54:30:121+00] [289.8 MB] [CSaveReader_Memory:0] "%USER%/Profiles/QueryCache/shop_get_offers.xml" opened for read
[2014-07-15T12:54:30:143+00] [289.8 MB] [net ] CNetwork::UpdateTick() stall detected, socket manager poll waitTime=66, actionsTime=0
[2014-07-15T12:54:30:185+00] [289.8 MB] [net ] CNetwork::UpdateTick() stall detected, socket manager poll waitTime=65, actionsTime=0
[2014-07-15T12:54:30:219+00] [289.8 MB] [net ] CNetwork::SyncWithGame() took a long time [75], lock=[0], normal=[75], lobby=[0], gotLobbyLock=true
[2014-07-15T12:54:30:226+00] [289.8 MB] [net ] CNetwork::UpdateTick() stall detected, socket manager poll waitTime=65, actionsTime=0
[2014-07-15T12:54:30:284+00] [289.8 MB] [net ] CNetwork::SyncWithGame() took a long time [58], lock=[1], normal=[57], lobby=[0], gotLobbyLock=true
[2014-07-15T12:54:30:290+00] [289.8 MB] [CPlatformOS_Xenon::SaveDirtyFiles] Saving dirty files for user 0
[2014-07-15T12:54:30:295+00] [289.8 MB] [CXenonFile] "%USER%/Profiles/QueryCache/persistent_settings_get.xml" (cry0:\persistent_settings_get.xml) opened for write
[2014-07-15T12:54:30:302+00] [289.8 MB] [CXenonFile] "~~xenon~filemap~~" (cry0:\~~xenon~filemap~~) opened for write
[2014-07-15T12:54:30:322+00] [289.8 MB] [IMemoryFileSystem] Dumping files - FindFirst
[2014-07-15T12:54:30:339+00] [289.8 MB] [0] %USER%/Profiles/profile.xml, Clean
[2014-07-15T12:54:30:344+00] [289.8 MB] [0] %USER%/Profiles/QueryCache/items.xml, Clean
[2014-07-15T12:54:30:347+00] [289.8 MB] [0] %USER%/Profiles/QueryCache/persistent_settings_get.xml, Clean
[2014-07-15T12:54:30:351+00] [289.8 MB] [0] %USER%/Profiles/QueryCache/shop_get_offers.xml, Clean
[2014-07-15T12:54:30:359+00] [289.8 MB] [net ] CNetwork::UpdateTick() stall detected, socket manager poll waitTime=65, actionsTime=0
[2014-07-15T12:54:30:812+00] [289.9 MB] [CSaveReader_Memory:0] "%USER%/Profiles/QueryCache/shop_get_offers.xml" opened for read
[2014-07-15T12:54:30:854+00] [289.8 MB] [Invite] OnMasterServerLoginSucceeded
[2014-07-15T12:54:30:908+00] [289.8 MB] [net ] CNetwork::UpdateTick() stall detected, socket manager poll waitTime=66, actionsTime=0
[2014-07-15T12:54:31:204+00] [289.8 MB] [net ] CNetwork::UpdateTick() stall detected, socket manager poll waitTime=65, actionsTime=0
[2014-07-15T12:54:31:223+00] [289.8 MB] [net ] CNetwork::UpdateTick() stall detected, socket manager poll waitTime=65, actionsTime=0
[2014-07-15T12:54:31:229+00] [289.8 MB] [net ] CNetwork::UpdateTick() stall detected, socket manager poll waitTime=65, actionsTime=0
[2014-07-15T12:54:31:235+00] [289.8 MB] [net ] CNetwork::UpdateTick() stall detected, socket manager poll waitTime=65, actionsTime=0
[2014-07-15T12:54:31:479+00] [289.8 MB] [XLSP]  :V - 001D2900:001D2900
[2014-07-15T12:54:31:482+00] [289.8 MB] [XLSP] secure address still in use
[2014-07-15T12:54:31:486+00] [289.8 MB] [net ] CNetwork::UpdateTick() stall detected, socket manager poll waitTime=65, actionsTime=0
[2014-07-15T12:54:31:490+00] [289.8 MB] [net ] CNetwork::UpdateTick() stall detected, socket manager poll waitTime=64, actionsTime=0
[2014-07-15T12:54:31:493+00] [289.8 MB] [net ] CNetwork::UpdateTick() stall detected, socket manager poll waitTime=65, actionsTime=0
[2014-07-15T12:54:31:496+00] [289.8 MB] [net ] Overlapped Task ID 0 returned XError 0x80070012, CryError 80
[2014-07-15T12:54:31:703+00] [289.9 MB] [warfaces_k6.pak] Downloaded!
[2014-07-15T12:54:31:960+00] [289.3 MB] [XLSP]  :V - 001D2900:001D2900
[2014-07-15T12:54:31:966+00] [289.3 MB] [XLSP] secure address still in use
[2014-07-15T12:54:31:993+00] [289.3 MB] CFlowchartManager::StartLobby
[2014-07-15T12:54:32:025+00] [289.3 MB] CFlowchartManager::StartLobbyDeffered
[2014-07-15T12:54:32:028+00] [289.3 MB] [CFlowchartManager] Leaving state 'login'
[2014-07-15T12:54:32:046+00] [289.3 MB] [ScreenManager] [12:54:32] Close screen: 'login', frame 2890
[2014-07-15T12:54:32:121+00] [289.6 MB] Loading Localization File Languages/text_360_version.xml
[2014-07-15T12:54:32:122+00]     [289.6 MB] [Warning] [LocError] Localized String 'ui_button_profile' Already Loaded for Language english
[2014-07-15T12:54:32:135+00]     [289.6 MB] [Warning] [LocError] Localized String 'hud_resurect_no_medic' Already Loaded for Language english
[2014-07-15T12:54:32:162+00]     [289.6 MB] [Warning] [LocError] Localized String 'hud_resurect_medic' Already Loaded for Language english
[2014-07-15T12:54:32:342+00] [290.5 MB] Loading Localization File Languages/text_gear_unbranded.xml
[2014-07-15T12:54:32:352+00]     [290.5 MB] [Warning] [LocError] Localized String 'pt01_crown_shop_name' Already Loaded for Language english
[2014-07-15T12:54:32:354+00]     [290.5 MB] [Warning] [LocError] Localized String 'pt07_crown_shop_name' Already Loaded for Language english
[2014-07-15T12:54:32:358+00]     [290.5 MB] [Warning] [LocError] Localized String 'ar20_crown_shop_name' Already Loaded for Language english
[2014-07-15T12:54:32:361+00]     [290.5 MB] [Warning] [LocError] Localized String 'smg03_crown_shop_name' Already Loaded for Language english
[2014-07-15T12:54:32:364+00]     [290.5 MB] [Warning] [LocError] Localized String 'smg12_crown_shop_name' Already Loaded for Language english
[2014-07-15T12:54:32:368+00]     [290.5 MB] [Warning] [LocError] Localized String 'sr04_crown_shop_name' Already Loaded for Language english
[2014-07-15T12:54:32:371+00]     [290.5 MB] [Warning] [LocError] Localized String 'mg01_crown_shop_name' Already Loaded for Language english
[2014-07-15T12:54:32:372+00]     [290.5 MB] [Warning] [LocError] Localized String 'ar06_hlw01_shop_name' Already Loaded for Language english
[2014-07-15T12:54:32:380+00]     [290.5 MB] [Warning] [LocError] Localized String 'pt10_hlw01_shop_name' Already Loaded for Language english
[2014-07-15T12:54:32:383+00]     [290.5 MB] [Warning] [LocError] Localized String 'shg06_hlw01_shop_name' Already Loaded for Language english
[2014-07-15T12:54:32:386+00]     [290.5 MB] [Warning] [LocError] Localized String 'smg07_hlw01_shop_name' Already Loaded for Language english
[2014-07-15T12:54:32:391+00]     [290.5 MB] [Warning] [LocError] Localized String 'ui_weapons_kn42_ww2' Already Loaded for Language english
[2014-07-15T12:54:32:394+00]     [290.5 MB] [Warning] [LocError] Localized String 'pt21_camo01_shop_name' Already Loaded for Language english
[2014-07-15T12:54:32:400+00]     [290.6 MB] [Warning] [LocError] Localized String 'ar20_crown_shop_name' Already Loaded for Language english
[2014-07-15T12:54:32:402+00]     [290.6 MB] [Warning] [LocError] Localized String 'ui_weapons_ar20_crown' Already Loaded for Language english
[2014-07-15T12:54:32:405+00]     [290.6 MB] [Warning] [LocError] Localized String 'ar02_camo02_shop_name' Already Loaded for Language english
[2014-07-15T12:54:32:406+00]     [290.6 MB] [Warning] [LocError] Localized String 'ui_weapons_ar02_camo02' Already Loaded for Language english
[2014-07-15T12:54:32:410+00]     [290.6 MB] [Warning] [LocError] Localized String 'ar06_hlw01_shop_name' Already Loaded for Language english
[2014-07-15T12:54:32:435+00]     [290.6 MB] [Warning] [LocError] Localized String 'ui_weapons_ar06_hlw01' Already Loaded for Language english
[2014-07-15T12:54:32:464+00]     [290.6 MB] [Warning] [LocError] Localized String 'ui_armor_f_soldier_fbs_02' Already Loaded for Language english
[2014-07-15T12:54:32:514+00]     [290.6 MB] [Warning] [LocError] Localized String 'random_box_05_shop_name' Already Loaded for Language english
[2014-07-15T12:54:32:538+00]     [290.6 MB] [Warning] [LocError] Localized String 'smg03Kill_desc' Already Loaded for Language english
[2014-07-15T12:54:32:545+00]     [290.6 MB] [Warning] [LocError] Localized String 'smg21Kill' Already Loaded for Language english
[2014-07-15T12:54:32:590+00]     [290.6 MB] [Warning] [LocError] Localized String 'smg21Kill_desc' Already Loaded for Language english
[2014-07-15T12:54:32:750+00] [289.6 MB] Loading Localization File Languages/ai_dialog_recording_list.xml
[2014-07-15T12:54:32:925+00] [289.7 MB] Loading Localization File Languages/game_controls.xml
[2014-07-15T12:54:32:931+00]     [289.7 MB] [Warning] [LocError] Localized String 'cc_xi_a' Already Loaded for Language english
[2014-07-15T12:54:32:937+00]     [289.7 MB] [Warning] [LocError] Localized String 'cc_xi_b' Already Loaded for Language english
[2014-07-15T12:54:32:942+00]     [289.7 MB] [Warning] [LocError] Localized String 'cc_xi_dpad_up' Already Loaded for Language english
[2014-07-15T12:54:32:948+00]     [289.7 MB] [Warning] [LocError] Localized String 'cc_xi_dpad_down' Already Loaded for Language english
[2014-07-15T12:54:32:954+00]     [289.7 MB] [Warning] [LocError] Localized String 'cc_xi_shoulderl' Already Loaded for Language english
[2014-07-15T12:54:32:960+00]     [289.7 MB] [Warning] [LocError] Localized String 'cc_xi_shoulderr' Already Loaded for Language english
[2014-07-15T12:54:32:966+00]     [289.7 MB] [Warning] [LocError] Localized String 'cc_xi_thumbr' Already Loaded for Language english
[2014-07-15T12:54:32:971+00]     [289.7 MB] [Warning] [LocError] Localized String 'cc_xi_thumbl' Already Loaded for Language english
[2014-07-15T12:54:32:972+00]     [289.7 MB] [Warning] [LocError] Localized String 'cc_xi_triggerl_btn' Already Loaded for Language english
[2014-07-15T12:54:32:973+00]     [289.7 MB] [Warning] [LocError] Localized String 'cc_xi_triggerr_btn' Already Loaded for Language english
[2014-07-15T12:54:32:975+00]     [289.7 MB] [Warning] [LocError] Localized String 'cc_xi_x' Already Loaded for Language english
[2014-07-15T12:54:32:977+00]     [289.7 MB] [Warning] [LocError] Localized String 'cc_xi_y' Already Loaded for Language english
[2014-07-15T12:54:32:979+00]     [289.7 MB] [Warning] [LocError] Localized String 'cc_xi_dpad_left' Already Loaded for Language english
[2014-07-15T12:54:32:983+00]     [289.7 MB] [Warning] [LocError] Localized String 'cc_xi_dpad_right' Already Loaded for Language english
[2014-07-15T12:54:32:986+00]     [289.7 MB] [Warning] [LocError] Localized String 'cc_xi_start' Already Loaded for Language english
[2014-07-15T12:54:32:989+00]     [289.7 MB] [Warning] [LocError] Localized String 'cc_xi_back' Already Loaded for Language english
[2014-07-15T12:54:32:991+00]     [289.7 MB] [Warning] [LocError] Localized String 'cc_xi_thumblx' Already Loaded for Language english
[2014-07-15T12:54:32:994+00]     [289.7 MB] [Warning] [LocError] Localized String 'cc_xi_thumbly' Already Loaded for Language english
[2014-07-15T12:54:32:997+00]     [289.7 MB] [Warning] [LocError] Localized String 'cc_xi_thumbrx' Already Loaded for Language english
[2014-07-15T12:54:33:000+00]     [289.7 MB] [Warning] [LocError] Localized String 'cc_xi_thumbry' Already Loaded for Language english
[2014-07-15T12:54:33:020+00] [290.3 MB] Loading Localization File Languages/dialog_announcer.xml
[2014-07-15T12:54:33:069+00] [289.8 MB] Loading Localization File Languages/text_contracts.xml
[2014-07-15T12:54:33:073+00]     [289.8 MB] [Warning] [LocError] Localized String 'ui_contract_descr_16e' Already Loaded for Language english
[2014-07-15T12:54:33:076+00]     [289.8 MB] [Warning] [LocError] Localized String 'ui_contract_descr_20h' Already Loaded for Language english
[2014-07-15T12:54:33:080+00]     [289.8 MB] [Warning] [LocError] Localized String 'ui_contract_descr_29n' Already Loaded for Language english
[2014-07-15T12:54:33:137+00] [289.8 MB] Loading Localization File Languages/text_achievements.xml
[2014-07-15T12:54:33:181+00]     [289.9 MB] [Warning] [LocError] Localized String 'assister1_desc' Already Loaded for Language english
[2014-07-15T12:54:33:184+00]     [289.9 MB] [Warning] [LocError] Localized String 'assister2_desc' Already Loaded for Language english
[2014-07-15T12:54:33:194+00] [289.9 MB] Loading Localization File Languages/text_armors.xml
[2014-07-15T12:54:33:205+00] [290.0 MB] Loading Localization File Languages/text_attachments.xml
[2014-07-15T12:54:33:212+00]     [290.1 MB] [Warning] [LocError] Localized String 'ui_gpp01_ingame' Already Loaded for Language english
[2014-07-15T12:54:33:216+00]     [290.1 MB] [Warning] [LocError] Localized String 'ui_accessories_sc01_camo02' Already Loaded for Language english
[2014-07-15T12:54:33:218+00]     [290.1 MB] [Warning] [LocError] Localized String 'ui_accessories_sc03_camo02' Already Loaded for Language english
[2014-07-15T12:54:33:221+00]     [290.1 MB] [Warning] [LocError] Localized String 'ui_accessories_sc04_camo02' Already Loaded for Language english
[2014-07-15T12:54:33:222+00]     [290.1 MB] [Warning] [LocError] Localized String 'ui_accessories_sc05_camo02' Already Loaded for Language english
[2014-07-15T12:54:33:226+00]     [290.1 MB] [Warning] [LocError] Localized String 'ui_accessories_sc06_camo02' Already Loaded for Language english
[2014-07-15T12:54:33:230+00]     [290.1 MB] [Warning] [LocError] Localized String 'as04_camo02_shop_name' Already Loaded for Language english
[2014-07-15T12:54:33:442+00]     [290.1 MB] [Warning] [LocError] Localized String 'as06_camo02_shop_name' Already Loaded for Language english
[2014-07-15T12:54:33:533+00]     [290.1 MB] [Warning] [LocError] Localized String 'ui_accessories_as04_camo02' Already Loaded for Language english
[2014-07-15T12:54:33:539+00]     [290.1 MB] [Warning] [LocError] Localized String 'ui_accessories_as06_camo02' Already Loaded for Language english
[2014-07-15T12:54:33:545+00]     [290.1 MB] [Warning] [LocError] Localized String 'ui_as04_camo02_ingame' Already Loaded for Language english
[2014-07-15T12:54:33:550+00]     [290.1 MB] [Warning] [LocError] Localized String 'ui_as06_camo02_ingame' Already Loaded for Language english
[2014-07-15T12:54:33:559+00]     [290.1 MB] [Warning] [LocError] Localized String 'rds02_camo02_shop_name' Already Loaded for Language english
[2014-07-15T12:54:33:565+00]     [290.1 MB] [Warning] [LocError] Localized String 'rds05_camo02_shop_name' Already Loaded for Language english
[2014-07-15T12:54:33:570+00]     [290.1 MB] [Warning] [LocError] Localized String 'ui_accessories_rds02_camo02' Already Loaded for Language english
[2014-07-15T12:54:33:576+00]     [290.1 MB] [Warning] [LocError] Localized String 'ui_accessories_rds05_camo02' Already Loaded for Language english
[2014-07-15T12:54:33:582+00]     [290.1 MB] [Warning] [LocError] Localized String 'ui_rds02_camo02_ingame' Already Loaded for Language english
[2014-07-15T12:54:33:588+00]     [290.1 MB] [Warning] [LocError] Localized String 'ui_rds05_camo02_ingame' Already Loaded for Language english
[2014-07-15T12:54:33:610+00] [290.0 MB] Loading Localization File Languages/text_boosters.xml
[2014-07-15T12:54:33:618+00] [290.0 MB] Loading Localization File Languages/text_combat_ui.xml
[2014-07-15T12:54:33:624+00]     [290.0 MB] [Warning] [LocError] Localized String 'messagebox_yes' Already Loaded for Language english
[2014-07-15T12:54:33:628+00]     [290.0 MB] [Warning] [LocError] Localized String 'messagebox_no' Already Loaded for Language english
[2014-07-15T12:54:33:646+00]     [290.0 MB] [Warning] [LocError] Localized String 'messagebox_ok' Already Loaded for Language english
[2014-07-15T12:54:33:652+00]     [290.0 MB] [Warning] [LocError] Localized String 'messagebox_cancel' Already Loaded for Language english
[2014-07-15T12:54:33:659+00]     [290.0 MB] [Warning] [LocError] Localized String 'ka52_name' Already Loaded for Language english
[2014-07-15T12:54:33:666+00] [290.0 MB] Loading Localization File Languages/text_decals.xml
[2014-07-15T12:54:33:669+00]     [290.0 MB] [Warning] [LocError] Localized String 'ui_scoreboard_totalscore' Already Loaded for Language english
[2014-07-15T12:54:33:671+00]     [290.0 MB] [Warning] [LocError] Localized String 'ui_scoreboard_headshots' Already Loaded for Language english
[2014-07-15T12:54:33:672+00]     [290.0 MB] [Warning] [LocError] Localized String 'ui_scoreboard_melee' Already Loaded for Language english
[2014-07-15T12:54:33:674+00]     [290.0 MB] [Warning] [LocError] Localized String 'ui_scoreboard_explosions' Already Loaded for Language english
[2014-07-15T12:54:33:676+00]     [290.0 MB] [Warning] [LocError] Localized String 'ui_scoreboard_mult' Already Loaded for Language english
[2014-07-15T12:54:33:689+00] [290.3 MB] Loading Localization File Languages/text_front_end_ui.xml
[2014-07-15T12:54:33:694+00]     [290.3 MB] [Warning] [LocError] Localized String 'ui_lobby_follow_friend_fall' Already Loaded for Language english
[2014-07-15T12:54:33:697+00]     [290.3 MB] [Warning] [LocError] Localized String 'ui_lobby_follow_banned' Already Loaded for Language english
[2014-07-15T12:54:33:701+00]     [290.3 MB] [Warning] [LocError] Localized String 'ui_lobby_follow_rank' Already Loaded for Language english
[2014-07-15T12:54:33:704+00]     [290.3 MB] [Warning] [LocError] Localized String 'ui_lobby_follow_mission' Already Loaded for Language english
[2014-07-15T12:54:33:705+00]     [290.3 MB] [Warning] [LocError] Localized String 'ui_lobby_follow_private' Already Loaded for Language english
[2014-07-15T12:54:33:708+00]     [290.3 MB] [Warning] [LocError] Localized String 'ui_lobby_follow_room_close' Already Loaded for Language english
[2014-07-15T12:54:33:721+00]     [290.4 MB] [Warning] [LocError] Localized String 'label_create_character' Already Loaded for Language english
[2014-07-15T12:54:33:723+00]     [290.4 MB] [Warning] [LocError] Localized String 'ui_cryonline_no_connection' Already Loaded for Language english
[2014-07-15T12:54:33:726+00]     [290.4 MB] [Warning] [LocError] Localized String 'ui_cryonline_auth_failed' Already Loaded for Language english
[2014-07-15T12:54:33:729+00]     [290.4 MB] [Warning] [LocError] Localized String 'ui_cryonline_load_profile_failed' Already Loaded for Language english
[2014-07-15T12:54:33:733+00]     [290.4 MB] [Warning] [LocError] Localized String 'ui_cryonline_profile_not_exist' Already Loaded for Language english
[2014-07-15T12:54:33:737+00]     [290.4 MB] [Warning] [LocError] Localized String 'ui_cryonline_no_masterserver' Already Loaded for Language english
[2014-07-15T12:54:33:740+00]     [290.4 MB] [Warning] [LocError] Localized String 'ui_cryonline_masterserver_version_error' Already Loaded for Language english
[2014-07-15T12:54:33:742+00]     [290.4 MB] [Warning] [LocError] Localized String 'ui_cryonline_connection_lost' Already Loaded for Language english
[2014-07-15T12:54:33:746+00]     [290.4 MB] [Warning] [LocError] Localized String 'ui_lobby_label_refresh_list_failed' Already Loaded for Language english
[2014-07-15T12:54:33:748+00]     [290.4 MB] [Warning] [LocError] Localized String 'ui_lobby_label_create_room_failed' Already Loaded for Language english
[2014-07-15T12:54:33:751+00]     [290.4 MB] [Warning] [LocError] Localized String 'ui_lobby_label_join_room_failed' Already Loaded for Language english
[2014-07-15T12:54:33:755+00]     [290.4 MB] [Warning] [LocError] Localized String 'ui_lobby_label_join_fullroom' Already Loaded for Language english
[2014-07-15T12:54:33:756+00]     [290.4 MB] [Warning] [LocError] Localized String 'ui_lobby_label_join_privateroom' Already Loaded for Language english
[2014-07-15T12:54:33:760+00]     [290.4 MB] [Warning] [LocError] Localized String 'ui_lobby_join_close' Already Loaded for Language english
[2014-07-15T12:54:33:764+00]     [290.4 MB] [Warning] [LocError] Localized String 'easymission' Already Loaded for Language english
[2014-07-15T12:54:33:767+00]     [290.4 MB] [Warning] [LocError] Localized String 'normalmission' Already Loaded for Language english
[2014-07-15T12:54:33:772+00]     [290.4 MB] [Warning] [LocError] Localized String 'hardmission' Already Loaded for Language english
[2014-07-15T12:54:33:776+00]     [290.4 MB] [Warning] [LocError] Localized String 'trainingmission' Already Loaded for Language english
[2014-07-15T12:54:33:781+00]     [290.4 MB] [Warning] [LocError] Localized String 'survivalmission' Already Loaded for Language english
[2014-07-15T12:54:33:787+00]     [290.5 MB] [Warning] [LocError] Localized String 'league_score' Already Loaded for Language english
[2014-07-15T12:54:33:792+00]     [290.5 MB] [Warning] [LocError] Localized String 'message_done' Already Loaded for Language english
[2014-07-15T12:54:33:796+00]     [290.5 MB] [Warning] [LocError] Localized String 'message_please_wait' Already Loaded for Language english
[2014-07-15T12:54:33:800+00]     [290.5 MB] [Warning] [LocError] Localized String 'cwroom' Already Loaded for Language english
[2014-07-15T12:54:33:806+00]     [290.5 MB] [Warning] [LocError] Localized String 'ui_cryonline_qos_limit_reached' Already Loaded for Language english
[2014-07-15T12:54:33:807+00]     [290.5 MB] [Warning] [LocError] Localized String 'ui_cryonline_user_banned' Already Loaded for Language english
[2014-07-15T12:54:33:811+00]     [290.5 MB] [Warning] [LocError] Localized String 'ui_cryonline_max_online_reached' Already Loaded for Language english
[2014-07-15T12:54:33:814+00]     [290.5 MB] [Warning] [LocError] Localized String 'rg_kills' Already Loaded for Language english
[2014-07-15T12:54:33:817+00]     [290.5 MB] [Warning] [LocError] Localized String 'rg_deaths' Already Loaded for Language english
[2014-07-15T12:54:33:899+00]     [290.5 MB] [Warning] [LocError] Localized String 'rg_accuracy' Already Loaded for Language english
[2014-07-15T12:54:34:097+00] [290.3 MB] Loading Localization File Languages/text_game_mode_descriptions.xml
[2014-07-15T12:54:34:131+00] [290.3 MB] Loading Localization File Languages/text_missions_info.xml
[2014-07-15T12:54:34:151+00] [290.5 MB] Loading Localization File Languages/text_pvp_missions_info.xml
[2014-07-15T12:54:34:169+00] [290.4 MB] Loading Localization File Languages/text_ranks.xml
[2014-07-15T12:54:34:182+00] [290.3 MB] Loading Localization File Languages/text_tips_of_the_day.xml
[2014-07-15T12:54:34:196+00] [290.3 MB] Loading Localization File Languages/text_instant_awards.xml
[2014-07-15T12:54:34:204+00] [290.3 MB] Loading Localization File Languages/text_main.xml
[2014-07-15T12:54:34:212+00] [290.3 MB] Loading Localization File Languages/text_misc.xml
[2014-07-15T12:54:34:216+00]     [290.3 MB] [Warning] [LocError] Localized String 'default_clan_war_room_name' Already Loaded for Language english
[2014-07-15T12:54:34:226+00] [290.5 MB] Loading Localization File Languages/text_objectives.xml
[2014-07-15T12:54:34:236+00] [290.3 MB] Loading Localization File Languages/text_pvp.xml
[2014-07-15T12:54:34:244+00] [290.4 MB] Loading Localization File Languages/text_secondary_objectives.xml
[2014-07-15T12:54:34:250+00] [290.5 MB] Loading Localization File Languages/text_weapons.xml
[2014-07-15T12:54:34:255+00]     [290.5 MB] [Warning] [LocError] Localized String 'kn10_shop_name' Already Loaded for Language english
[2014-07-15T12:54:34:257+00]     [290.5 MB] [Warning] [LocError] Localized String 'ui_weapons_kn10' Already Loaded for Language english
[2014-07-15T12:54:34:263+00] [290.4 MB] Loading Localization File Languages/text_credits.xml
[2014-07-15T12:54:34:284+00] [290.4 MB] Loading image XML file 'Libs/Config/UI/images.xml'
[2014-07-15T12:54:34:293+00] [290.4 MB] Loading image XML file 'Libs/Config/UI/CombatLogIcons.xml'
[2014-07-15T12:54:34:317+00] [290.4 MB] Loading image XML file 'Libs/Config/UI/HUDIcons.xml'
[2014-07-15T12:54:34:334+00] [290.4 MB] Loading image XML file 'Libs/Config/UI/classIcons.xml'
[2014-07-15T12:54:34:348+00] [290.4 MB] Loading image XML file 'Libs/Config/UI/stance_icons.xml'
[2014-07-15T12:54:34:352+00] [290.4 MB] Loading image XML file 'Libs/Config/UI/360/stance_icons.xml'
[2014-07-15T12:54:34:354+00] [290.4 MB] [ImageManager] Duplicated image with name 'male_stand' at line 0
[2014-07-15T12:54:34:357+00] [290.4 MB] [ImageManager] Duplicated image with name 'male_walk' at line 0
[2014-07-15T12:54:34:363+00] [290.4 MB] [ImageManager] Duplicated image with name 'male_run' at line 0
[2014-07-15T12:54:34:367+00] [290.4 MB] [ImageManager] Duplicated image with name 'male_haste' at line 0
[2014-07-15T12:54:34:370+00] [290.4 MB] [ImageManager] Duplicated image with name 'male_crouch' at line 0
[2014-07-15T12:54:34:372+00] [290.4 MB] [ImageManager] Duplicated image with name 'male_prone' at line 0
[2014-07-15T12:54:34:375+00] [290.4 MB] [ImageManager] Duplicated image with name 'male_slide' at line 0
[2014-07-15T12:54:34:654+00] [290.4 MB] Loading image XML file 'Libs/Config/UI/banners.xml'
[2014-07-15T12:54:34:689+00] [290.4 MB] Loading image XML file 'Libs/Config/UI/weaponsItemsIcons.xml'
[2014-07-15T12:54:34:759+00] [290.4 MB] Loading image XML file 'Libs/Config/UI/attachmentsItemsIcons.xml'
[2014-07-15T12:54:34:775+00] [290.4 MB] Loading image XML file 'Libs/Config/UI/assetsItemsIcons.xml'
[2014-07-15T12:54:34:798+00] [290.4 MB] Loading image XML file 'Libs/Config/UI/materialsIcons.xml'
[2014-07-15T12:54:34:808+00] [290.4 MB] Loading image XML file 'Libs/Config/UI/mapImagesPVP.xml'
[2014-07-15T12:54:34:823+00] [290.4 MB] Loading image XML file 'Libs/Config/UI/mapImagesPVE.xml'
[2014-07-15T12:54:34:847+00] [290.4 MB] Loading image XML file 'Libs/Config/UI/instantAwards.xml'
[2014-07-15T12:54:34:857+00] [290.5 MB] Loading image XML file 'Libs/Config/UI/challengesIcons.xml'
[2014-07-15T12:54:34:928+00] [290.4 MB] Loading image XML file 'Libs/Config/UI/randomBoxesIcons.xml'
[2014-07-15T12:54:34:983+00] [290.4 MB] [ThemeManager::GetPath] Not found path='Textures/Defaults/' file='replaceme.dds'
[2014-07-15T12:54:35:098+00] [290.4 MB] Loading image XML file 'Libs/Config/UI/360/images.xml'
[2014-07-15T12:54:35:101+00] [290.4 MB] [ImageManager] Duplicated image with name 'crown_money_icon' at line 0
[2014-07-15T12:54:35:105+00] [290.4 MB] [ImageManager] Duplicated image with name 'cry_money_icon' at line 0
[2014-07-15T12:54:35:106+00] [290.4 MB] [ImageManager] Duplicated image with name 'game_money_icon' at line 0
[2014-07-15T12:54:35:110+00] [290.4 MB] [ImageManager] Duplicated image with name 'ButtonItemCell_up' at line 0
[2014-07-15T12:54:35:113+00] [290.4 MB] [ImageManager] Duplicated image with name 'ButtonItemCell_over' at line 0
[2014-07-15T12:54:35:116+00] [290.4 MB] [ImageManager] Duplicated image with name 'ButtonItemCell_down' at line 0
[2014-07-15T12:54:35:137+00] [290.4 MB] [ImageManager] Duplicated image with name 'ButtonItemCell_disable' at line 0
[2014-07-15T12:54:35:143+00] [290.4 MB] [ImageManager] Duplicated image with name 'Btn_ItemCell_Inventory_up' at line 0
[2014-07-15T12:54:35:149+00] [290.4 MB] [ImageManager] Duplicated image with name 'Btn_ItemCell_Inventory_over' at line 0
[2014-07-15T12:54:35:155+00] [290.4 MB] [ImageManager] Duplicated image with name 'Btn_ItemCell_Inventory_down' at line 0
[2014-07-15T12:54:35:161+00] [290.4 MB] [ImageManager] Duplicated image with name 'Btn_ItemCell_Inventory_disable' at line 0
[2014-07-15T12:54:35:167+00] [290.4 MB] [ImageManager] Duplicated image with name 'Nb_Shop_down' at line 0
[2014-07-15T12:54:35:172+00] [290.4 MB] [ImageManager] Duplicated image with name 'Nb_Storage_down' at line 0
[2014-07-15T12:54:35:178+00] [290.4 MB] [ImageManager] Duplicated image with name 'Nb_Statistic_down' at line 0
[2014-07-15T12:54:35:184+00] [290.4 MB] [ImageManager] Duplicated image with name 'Nb_Clans_down' at line 0
[2014-07-15T12:54:35:189+00] [290.4 MB] [ImageManager] Duplicated image with name 'Nb_Contracts_down' at line 0
[2014-07-15T12:54:35:195+00] [290.4 MB] [ImageManager] Duplicated image with name 'Nb_Shop_over' at line 0
[2014-07-15T12:54:35:201+00] [290.4 MB] [ImageManager] Duplicated image with name 'Nb_Storage_over' at line 0
[2014-07-15T12:54:35:206+00] [290.4 MB] [ImageManager] Duplicated image with name 'Nb_Statistic_over' at line 0
[2014-07-15T12:54:35:212+00] [290.4 MB] [ImageManager] Duplicated image with name 'Nb_Clans_over' at line 0
[2014-07-15T12:54:35:218+00] [290.4 MB] [ImageManager] Duplicated image with name 'Nb_Contracts_over' at line 0
[2014-07-15T12:54:35:224+00] [290.4 MB] [ImageManager] Duplicated image with name 'Nb_Shop_up' at line 0
[2014-07-15T12:54:35:230+00] [290.4 MB] [ImageManager] Duplicated image with name 'Nb_Storage_up' at line 0
[2014-07-15T12:54:35:235+00] [290.4 MB] [ImageManager] Duplicated image with name 'Nb_Statistic_up' at line 0
[2014-07-15T12:54:35:241+00] [290.4 MB] [ImageManager] Duplicated image with name 'Nb_Clans_up' at line 0
[2014-07-15T12:54:35:247+00] [290.4 MB] [ImageManager] Duplicated image with name 'Nb_Contracts_up' at line 0
[2014-07-15T12:54:35:250+00] [290.4 MB] [ImageManager] Duplicated image with name 'Nb_Shop_disable' at line 0
[2014-07-15T12:54:35:252+00] [290.4 MB] [ImageManager] Duplicated image with name 'Nb_Storage_disable' at line 0
[2014-07-15T12:54:35:254+00] [290.4 MB] [ImageManager] Duplicated image with name 'Nb_Statistic_disable' at line 0
[2014-07-15T12:54:35:255+00] [290.4 MB] [ImageManager] Duplicated image with name 'Nb_Clans_disable' at line 0
[2014-07-15T12:54:35:257+00] [290.4 MB] [ImageManager] Duplicated image with name 'Nb_Contracts_disable' at line 0
[2014-07-15T12:54:35:261+00] [290.4 MB] [ImageManager] Duplicated image with name 'LoadingTutorMEDIC_BG' at line 0
[2014-07-15T12:54:35:264+00] [290.4 MB] [ImageManager] Duplicated image with name 'LoadingTutorENGINEER_BG' at line 0
[2014-07-15T12:54:35:267+00] [290.4 MB] [ImageManager] Duplicated image with name 'LoadingTutorBASIC_BG' at line 0
[2014-07-15T12:54:35:273+00] [290.4 MB] [ImageManager] Duplicated image with name 'Cryteklogo' at line 0
[2014-07-15T12:54:35:282+00] [290.4 MB] [ImageManager] Duplicated image with name 'IconBoostMoney' at line 0
[2014-07-15T12:54:35:285+00] [290.4 MB] [ImageManager] Duplicated image with name 'IconBoostXP' at line 0
[2014-07-15T12:54:35:287+00] [290.4 MB] [ImageManager] Duplicated image with name 'IconBoostVP' at line 0
[2014-07-15T12:54:35:290+00] [290.4 MB] [ImageManager] Duplicated image with name 'IconBoostIGR' at line 0
[2014-07-15T12:54:35:294+00] [290.4 MB] [ImageManager] Duplicated image with name 'ItemBoosterMoney' at line 0
[2014-07-15T12:54:35:299+00] [290.4 MB] [ImageManager] Duplicated image with name 'ItemBoosterXP' at line 0
[2014-07-15T12:54:35:302+00] [290.4 MB] [ImageManager] Duplicated image with name 'ItemBoosterVP' at line 0
[2014-07-15T12:54:35:305+00] [290.4 MB] [ImageManager] Duplicated image with name 'ItemBoosterVIP' at line 0
[2014-07-15T12:54:35:317+00] [290.4 MB] [CFlowchartManager] Entering state 'loading_lobby'
[2014-07-15T12:54:35:320+00] [290.4 MB] [SOUND] 402CF8A0->Blocking/CMusicSystem::GetTheme()
[2014-07-15T12:54:35:324+00] [290.4 MB] [SOUND] 402CF8A0->Blocking/CMusicSystem::GetMood()
[2014-07-15T12:54:35:329+00] [290.4 MB] [ScreenManager] Destroy screen: 'login', frame 2890
[2014-07-15T12:54:35:373+00] [291.0 MB] [Error] <Flash> Error: Can't find method '_level0.set_size' to invoke. [libs/ui/controls/loadingspinner.gfx]
[2014-07-15T12:54:35:563+00] [291.0 MB] [Error] <Flash> Error: Can't find method '_level0.set_font_scale' to invoke. [libs/ui/controls/loadingspinner.gfx]
[2014-07-15T12:54:35:567+00] [291.0 MB] [Error] <Flash> Error: Can't find method '_level0.enable' to invoke. [libs/ui/controls/loadingspinner.gfx]
[2014-07-15T12:54:35:710+00] [292.4 MB] [Error] <Flash> Error: Can't find method '_level0.set_size' to invoke. [libs/ui/controls/loadingspinner.gfx]
[2014-07-15T12:54:35:722+00] [292.6 MB] CScreenManager::ResetCursorPosition() Calling OnResetCursor() on loading
[2014-07-15T12:54:35:724+00] [292.6 MB] [ScreenManager] [12:54:35] Open screen: 'loading' opened in 394 ms time, frame 2890
[2014-07-15T12:54:35:802+00] [292.7 MB] [net ] CNetwork::UpdateTick() stall detected, socket manager poll waitTime=65, actionsTime=0
[2014-07-15T12:54:35:807+00] [292.7 MB] [net ] CNetwork::UpdateTick() stall detected, socket manager poll waitTime=65, actionsTime=0
[2014-07-15T12:54:35:813+00] [292.7 MB] [net ] CNetwork::UpdateTick() stall detected, socket manager poll waitTime=65, actionsTime=0
[2014-07-15T12:54:35:818+00] [292.7 MB] [net ] CNetwork::UpdateTick() stall detected, socket manager poll waitTime=65, actionsTime=0
[2014-07-15T12:54:35:825+00] [292.7 MB] [net ] CNetwork::UpdateTick() stall detected, socket manager poll waitTime=66, actionsTime=0
[2014-07-15T12:54:35:830+00] [292.7 MB] [net ] CNetwork::UpdateTick() stall detected, socket manager poll waitTime=65, actionsTime=0
[2014-07-15T12:54:35:836+00] [292.7 MB] [net ] CNetwork::UpdateTick() stall detected, socket manager poll waitTime=65, actionsTime=0
[2014-07-15T12:54:35:842+00] [292.7 MB] [net ] CNetwork::UpdateTick() stall detected, socket manager poll waitTime=65, actionsTime=0
[2014-07-15T12:54:35:848+00] [292.7 MB] [net ] CNetwork::UpdateTick() stall detected, socket manager poll waitTime=65, actionsTime=0
[2014-07-15T12:54:35:854+00] [292.7 MB] [net ] CNetwork::UpdateTick() stall detected, socket manager poll waitTime=65, actionsTime=0
[2014-07-15T12:54:35:860+00] [292.7 MB] [net ] CNetwork::UpdateTick() stall detected, socket manager poll waitTime=65, actionsTime=0
[2014-07-15T12:54:35:865+00] [292.7 MB] [net ] CNetwork::UpdateTick() stall detected, socket manager poll waitTime=65, actionsTime=0
[2014-07-15T12:54:35:872+00] [292.7 MB] [net ] CNetwork::UpdateTick() stall detected, socket manager poll waitTime=65, actionsTime=0
[2014-07-15T12:54:35:877+00] [292.7 MB] [net ] CNetwork::UpdateTick() stall detected, socket manager poll waitTime=65, actionsTime=0
[2014-07-15T12:54:35:883+00] [292.7 MB] [net ] CNetwork::UpdateTick() stall detected, socket manager poll waitTime=65, actionsTime=0
[2014-07-15T12:54:35:889+00] [292.7 MB] [net ] CNetwork::UpdateTick() stall detected, socket manager poll waitTime=65, actionsTime=0
[2014-07-15T12:54:35:895+00] [292.7 MB] [net ] CNetwork::UpdateTick() stall detected, socket manager poll waitTime=65, actionsTime=0
[2014-07-15T12:54:35:901+00] [292.7 MB] [net ] CNetwork::UpdateTick() stall detected, socket manager poll waitTime=65, actionsTime=0
[2014-07-15T12:54:35:904+00] [292.7 MB] [net ] CNetwork::UpdateTick() stall detected, socket manager poll waitTime=65, actionsTime=0
[2014-07-15T12:54:35:906+00] [292.7 MB] [net ] CNetwork::UpdateTick() stall detected, socket manager poll waitTime=65, actionsTime=0
[2014-07-15T12:54:35:908+00] [292.7 MB] [net ] CNetwork::UpdateTick() stall detected, socket manager poll waitTime=65, actionsTime=0
[2014-07-15T12:54:35:910+00] [292.7 MB] [net ] CNetwork::UpdateTick() stall detected, socket manager poll waitTime=65, actionsTime=0
[2014-07-15T12:54:35:912+00] [292.7 MB] [net ] CNetwork::UpdateTick() stall detected, socket manager poll waitTime=65, actionsTime=0
[2014-07-15T12:54:35:915+00] [292.7 MB] [net ] CNetwork::UpdateTick() stall detected, socket manager poll waitTime=65, actionsTime=0
[2014-07-15T12:54:35:918+00] [292.7 MB] [net ] CNetwork::UpdateTick() stall detected, socket manager poll waitTime=65, actionsTime=0
[2014-07-15T12:54:35:921+00] [292.7 MB] [net ] CNetwork::UpdateTick() stall detected, socket manager poll waitTime=65, actionsTime=0
[2014-07-15T12:54:35:922+00] [292.7 MB] [net ] CNetwork::UpdateTick() stall detected, socket manager poll waitTime=65, actionsTime=0
[2014-07-15T12:54:35:925+00] [292.7 MB] [net ] CNetwork::UpdateTick() stall detected, socket manager poll waitTime=65, actionsTime=0
[2014-07-15T12:54:35:929+00] [292.7 MB] [net ] CNetwork::UpdateTick() stall detected, socket manager poll waitTime=65, actionsTime=0
[2014-07-15T12:54:35:930+00] [292.7 MB] [net ] CNetwork::UpdateTick() stall detected, socket manager poll waitTime=66, actionsTime=0
[2014-07-15T12:54:35:933+00] [292.7 MB] [net ] CNetwork::UpdateTick() stall detected, socket manager poll waitTime=65, actionsTime=0
[2014-07-15T12:54:35:938+00] [292.7 MB] [net ] CNetwork::UpdateTick() stall detected, socket manager poll waitTime=65, actionsTime=0
[2014-07-15T12:54:35:939+00] [292.7 MB] [net ] CNetwork::UpdateTick() stall detected, socket manager poll waitTime=65, actionsTime=0
[2014-07-15T12:54:35:942+00] [292.7 MB] [net ] CNetwork::UpdateTick() stall detected, socket manager poll waitTime=65, actionsTime=0
[2014-07-15T12:54:35:949+00] [292.7 MB] [net ] CNetwork::UpdateTick() stall detected, socket manager poll waitTime=66, actionsTime=0
[2014-07-15T12:54:35:952+00] [292.7 MB] [net ] CNetwork::UpdateTick() stall detected, socket manager poll waitTime=65, actionsTime=0
[2014-07-15T12:54:35:954+00] [292.7 MB] [net ] CNetwork::UpdateTick() stall detected, socket manager poll waitTime=65, actionsTime=0
[2014-07-15T12:54:35:957+00] [292.7 MB] [net ] CNetwork::UpdateTick() stall detected, socket manager poll waitTime=65, actionsTime=0
[2014-07-15T12:54:35:960+00] [292.7 MB] [net ] CNetwork::UpdateTick() stall detected, socket manager poll waitTime=65, actionsTime=0
[2014-07-15T12:54:35:964+00] [292.7 MB] [net ] CNetwork::UpdateTick() stall detected, socket manager poll waitTime=65, actionsTime=0
[2014-07-15T12:54:35:967+00] [292.7 MB] [net ] CNetwork::UpdateTick() stall detected, socket manager poll waitTime=65, actionsTime=0
[2014-07-15T12:54:35:971+00] [292.7 MB] [net ] CNetwork::UpdateTick() stall detected, socket manager poll waitTime=65, actionsTime=0
[2014-07-15T12:54:35:972+00] [292.7 MB] [net ] CNetwork::UpdateTick() stall detected, socket manager poll waitTime=66, actionsTime=0
[2014-07-15T12:54:35:976+00] [292.7 MB] [net ] CNetwork::UpdateTick() stall detected, socket manager poll waitTime=65, actionsTime=0
[2014-07-15T12:54:35:979+00] [292.7 MB] [net ] CNetwork::UpdateTick() stall detected, socket manager poll waitTime=65, actionsTime=0
[2014-07-15T12:54:35:982+00] [292.7 MB] [net ] CNetwork::UpdateTick() stall detected, socket manager poll waitTime=65, actionsTime=0
[2014-07-15T12:54:35:986+00] [292.7 MB] [net ] CNetwork::UpdateTick() stall detected, socket manager poll waitTime=65, actionsTime=0
[2014-07-15T12:54:35:989+00] [292.7 MB] [net ] CNetwork::UpdateTick() stall detected, socket manager poll waitTime=65, actionsTime=0
[2014-07-15T12:54:35:990+00] [292.7 MB] [net ] CNetwork::UpdateTick() stall detected, socket manager poll waitTime=65, actionsTime=0
[2014-07-15T12:54:35:993+00] [292.7 MB] [net ] CNetwork::UpdateTick() stall detected, socket manager poll waitTime=65, actionsTime=0
[2014-07-15T12:54:35:998+00] [292.7 MB] [net ] CNetwork::UpdateTick() stall detected, socket manager poll waitTime=65, actionsTime=0
[2014-07-15T12:54:36:001+00] [292.7 MB] [net ] CNetwork::UpdateTick() stall detected, socket manager poll waitTime=65, actionsTime=0
[2014-07-15T12:54:36:006+00] [292.7 MB] [net ] CNetwork::UpdateTick() stall detected, socket manager poll waitTime=65, actionsTime=0
[2014-07-15T12:54:36:009+00] [292.7 MB] [net ] CNetwork::UpdateTick() stall detected, socket manager poll waitTime=65, actionsTime=0
[2014-07-15T12:54:36:012+00] [292.7 MB] [net ] CNetwork::UpdateTick() stall detected, socket manager poll waitTime=65, actionsTime=0
[2014-07-15T12:54:36:018+00] [292.7 MB] [net ] CNetwork::UpdateTick() stall detected, socket manager poll waitTime=65, actionsTime=0
[2014-07-15T12:54:36:019+00] [292.7 MB] [net ] CNetwork::UpdateTick() stall detected, socket manager poll waitTime=65, actionsTime=0
[2014-07-15T12:54:36:026+00] [292.7 MB] [net ] CNetwork::SyncWithGame() took a long time [223], lock=[0], normal=[223], lobby=[0], gotLobbyLock=true
[2014-07-15T12:54:36:030+00] [292.7 MB] [net ] CNetwork::UpdateTick() stall detected, socket manager poll waitTime=66, actionsTime=0
[2014-07-15T12:54:36:035+00] [292.7 MB] [CONSOLE] Executing console command 'map lobby_evening nonblocking'
[2014-07-15T12:54:36:038+00]     [292.7 MB] ============================ Loading level lobby_evening ============================
[2014-07-15T12:54:36:497+00]     [295.7 MB] [Warning] [Lua Error] Failed to compile code [0]: (null) [File=[intentionally broken]]
[2014-07-15T12:54:36:500+00]     [295.7 MB] [SOUND] 402F8880->Blocking/CSoundSystem::OnSystemEvent()
[2014-07-15T12:54:36:559+00]     [295.7 MB] [Warning] Cannot open Pak file d:\game\levels\lobby_evening\level.pak
[2014-07-15T12:54:36:704+00]     [298.1 MB] [net ] connection requested to: <local>:64090
[2014-07-15T12:54:36:705+00]     [298.1 MB] [net ] resolved as: <local>:64090
[2014-07-15T12:54:36:706+00]     [298.1 MB] [net ] CNetwork::UpdateTick() stall detected, socket manager poll waitTime=65, actionsTime=0
[2014-07-15T12:54:36:707+00]     [298.1 MB] [net ] CNetwork::UpdateTick() stall detected, socket manager poll waitTime=65, actionsTime=0
[2014-07-15T12:54:36:708+00]     [298.1 MB] [net ] CNetwork::UpdateTick() stall detected, socket manager poll waitTime=65, actionsTime=0
[2014-07-15T12:54:36:709+00]     [298.1 MB] [net ] CNetwork::UpdateTick() stall detected, socket manager poll waitTime=65, actionsTime=0
[2014-07-15T12:54:36:710+00]     [298.1 MB] [net ] CNetwork::UpdateTick() stall detected, socket manager poll waitTime=65, actionsTime=0
[2014-07-15T12:54:36:711+00]     [298.1 MB] [net ] CNetwork::UpdateTick() stall detected, socket manager poll waitTime=65, actionsTime=0
[2014-07-15T12:54:36:712+00]     [298.1 MB] [net ] CNetwork::UpdateTick() stall detected, socket manager poll waitTime=65, actionsTime=0
[2014-07-15T12:54:36:713+00]     [298.1 MB] [net ] CNetwork::UpdateTick() stall detected, socket manager poll waitTime=65, actionsTime=0
[2014-07-15T12:54:36:714+00]     [298.1 MB] [net ] CNetwork::UpdateTick() stall detected, socket manager poll waitTime=65, actionsTime=0
[2014-07-15T12:54:36:715+00]     [298.1 MB] [net ] CNetwork::UpdateTick() stall detected, socket manager poll waitTime=65, actionsTime=0
[2014-07-15T12:54:36:727+00]     [298.3 MB] BlockingConnect: It's taken 0.02 seconds to achieve condition have connection
[2014-07-15T12:54:36:728+00] [297.5 MB] [Warning] Not enough space to load in memory layer pak _levelcache/lobby_evening/streamcache.pak (Current: 9726760 Required: 5347346)
[2014-07-15T12:54:36:797+00] [298.5 MB] CMaterialEffects::Reset
[2014-07-15T12:54:36:877+00] [299.0 MB] Initializing default materials...
[2014-07-15T12:54:37:251+00] [303.7 MB] [SOUND] 402F8880->Blocking/CSoundSystem::OnSystemEvent()
[2014-07-15T12:54:37:268+00] [323.7 MB] [SOUND] 84DE0154->Blocking/CSystemEventListner_Sound::OnSystemEvent()
[2014-07-15T12:54:37:383+00] [324.1 MB] Loading ammo XML definitions from 'items'!
[2014-07-15T12:54:37:421+00] [324.1 MB] Loading CGF Objects\Default.cgf
[2014-07-15T12:54:37:439+00] [324.1 MB] Loading CGF Objects\props\missile\stinger.cgf
[2014-07-15T12:54:37:456+00] [324.1 MB] Loading CGF Objects/Weapons/Shells/shell_scargrenade/scar_gl_grenade.cgf
[2014-07-15T12:54:37:465+00] [324.1 MB] Loading CGF objects/Weapons/Grenades/fg01/fg01_tp.cgf
[2014-07-15T12:54:37:473+00] [324.1 MB] Loading CGF objects/Weapons/Grenades/sg01/sg01_tp.cgf
[2014-07-15T12:54:37:494+00] [324.2 MB] Loading CGF Objects/Weapons/cm01/cm01_tp_ammo.cgf
[2014-07-15T12:54:37:499+00] [324.2 MB] Loading CGF Objects/Weapons/cm02/cm02_tp_ammo.cgf
[2014-07-15T12:54:37:527+00] [324.2 MB] Loading CGF objects/Weapons/Grenades/fg01/fg01_exp.cgf
[2014-07-15T12:54:37:531+00] [324.2 MB] Loading CGF objects/Weapons/Grenades/fg02/fg02_exp.cgf
[2014-07-15T12:54:37:546+00] [324.2 MB] Loading CGF objects/Weapons/Grenades/fg_baseball/fg_baseball_exp.cgf
[2014-07-15T12:54:37:571+00] [324.2 MB] [Warning] Particle effect not found: 'x_dragon.explosion.explosion_b'
[2014-07-15T12:54:37:576+00] [324.2 MB] Loading CGF objects/Weapons/Grenades/fg01_xmas/fg01_xmas_exp.cgf
[2014-07-15T12:54:37:581+00] [324.2 MB] Loading CGF objects/Weapons/Grenades/fg05_zong/fg05_zong_exp.cgf
[2014-07-15T12:54:37:585+00] [324.3 MB] Loading CGF objects/Weapons/Grenades/fl01/fl01_exp.cgf
[2014-07-15T12:54:37:632+00] [324.9 MB] Loading CGF objects/Weapons/Grenades/fl02/fl02_exp.cgf
[2014-07-15T12:54:37:637+00] [324.9 MB] Loading CGF objects/Weapons/Grenades/fl03/fl03_tp.cgf
[2014-07-15T12:54:37:642+00] [324.9 MB] Loading CGF objects/weapons/Grenades/hg01/hg01_tp.cgf
[2014-07-15T12:54:37:646+00] [325.0 MB] Loading CGF objects/Weapons/Grenades/kng01/kng01_tp.cgf
[2014-07-15T12:54:37:651+00] [325.0 MB] Loading CGF objects/Weapons/Grenades/kng02/kng02_tp.cgf
[2014-07-15T12:54:37:660+00] [325.0 MB] Loading CGF Objects/Weapons/cm01/cm01.cgf
[2014-07-15T12:54:37:663+00] [325.0 MB] Loading CGF objects/Weapons/Grenades/sg01/sg01_exp.cgf
[2014-07-15T12:54:37:667+00] [325.0 MB] Loading CGF objects/Weapons/Grenades/sg01_md/sg01_md_exp.cgf
[2014-07-15T12:54:37:671+00] [325.0 MB] Loading CGF objects/Weapons/Grenades/sg02/sg02_exp.cgf
[2014-07-15T12:54:37:676+00] [325.0 MB] Loading CGF objects/Weapons/Grenades/sg03/sg03_exp.cgf
[2014-07-15T12:54:37:681+00] [325.1 MB] Loading CGF objects/Weapons/Grenades/sg04/sg04_exp.cgf
[2014-07-15T12:54:37:686+00] [325.1 MB] Loading CGF objects/Weapons/Grenades/sg01_bra01/sg01_bra01_exp.cgf
[2014-07-15T12:54:37:988+00] [325.2 MB] Finished loading ammo XML definitions from 'items'!
[2014-07-15T12:54:37:999+00] [325.3 MB] Loading CGF objects/effects/weapons/shg02/mf_sgh02_front_tp.cgf
[2014-07-15T12:54:38:009+00] [325.5 MB] Loading CGF objects/weapons/shells/shell_5,56mm/shell_5,56.cgf
[2014-07-15T12:54:38:023+00] [325.5 MB] Loading CGF objects/effects/weapons/mg06/mf_mg06_a_tp.cgf
[2014-07-15T12:54:38:112+00] [325.6 MB] Loading CGF objects/effects/weapons/shared/mf_flame_side_tp_a.cgf
[2014-07-15T12:54:38:174+00] [325.7 MB] Loading CGF objects/effects/weapons/ar02/mf_ar02_tp.cgf
[2014-07-15T12:54:38:245+00] [325.8 MB] Loading CGF objects/effects/weapons/ar03/mf_ar03_fp_a.cgf
[2014-07-15T12:54:38:247+00] [325.8 MB] Loading CGF objects/effects/weapons/ar03/mf_ar03_fp_b.cgf
[2014-07-15T12:54:38:250+00] [325.8 MB] Loading CGF objects/effects/weapons/ar03/mf_ar03_tp.cgf
[2014-07-15T12:54:38:251+00] [325.8 MB] Loading CGF objects/effects/weapons/ar03/mf_ar03_tp_a.cgf
[2014-07-15T12:54:38:328+00] [325.8 MB] Loading CGF objects/effects/weapons/mg06/mf_mg06_b_tp.cgf
[2014-07-15T12:54:38:330+00] [325.8 MB] Loading CGF objects/effects/weapons/mg06/mf_mg06_c_tp.cgf
[2014-07-15T12:54:38:332+00] [325.8 MB] Loading CGF objects/weapons/shells/shell_7,62x39/shell_7,62x39.cgf
[2014-07-15T12:54:38:417+00] [325.9 MB] Loading CGF objects/effects/weapons/shared/mf_8point_fp_a.cgf
[2014-07-15T12:54:38:420+00] [325.9 MB] Loading CGF objects/effects/weapons/shared/mf_8point_fp_c.cgf
[2014-07-15T12:54:38:421+00] [325.9 MB] Loading CGF objects/effects/weapons/shared/mf_8point_fp_d.cgf
[2014-07-15T12:54:38:426+00] [325.9 MB] Loading CGF objects/effects/weapons/shared/mf_4point_tp_a.cgf
[2014-07-15T12:54:38:427+00] [325.9 MB] Loading CGF objects/effects/weapons/shared/mf_4point_tp_b.cgf
[2014-07-15T12:54:38:429+00] [325.9 MB] Loading CGF objects/effects/weapons/shared/mf_4point_tp_c.cgf
[2014-07-15T12:54:38:450+00] [325.9 MB] Loading CGF objects/effects/weapons/shared/mf_flame_tp_e.cgf
[2014-07-15T12:54:38:494+00] [326.0 MB] Loading CGF objects/effects/weapons/mg01_m240/mf_mg01_m240_tp_b.cgf
[2014-07-15T12:54:38:496+00] [326.0 MB] Loading CGF objects/weapons/shells/shell_9mm/shell_9mm.cgf
[2014-07-15T12:54:38:527+00] [326.0 MB] Loading CGF objects/effects/weapons/smg09/mf_smg09_fp_a.cgf
[2014-07-15T12:54:38:528+00] [326.0 MB] Loading CGF objects/effects/weapons/smg09/mf_smg09_fp_b.cgf
[2014-07-15T12:54:38:531+00] [326.0 MB] Loading CGF objects/effects/weapons/smg09/mf_smg09_tp_a.cgf
[2014-07-15T12:54:38:548+00] [326.0 MB] Loading CGF objects/effects/weapons/ar09/mf_ar09_tp_a.cgf
[2014-07-15T12:54:38:549+00] [326.0 MB] Loading CGF objects/effects/weapons/ar09/mf_ar09_tp_b.cgf
[2014-07-15T12:54:38:569+00] [326.1 MB] Loading CGF objects/effects/weapons/shared/mf_flame_circle_tp_a.cgf
[2014-07-15T12:54:38:570+00] [326.1 MB] Loading CGF objects/effects/weapons/shared/mf_flame_circle_tp_b.cgf
[2014-07-15T12:54:38:572+00] [326.1 MB] Loading CGF objects/effects/weapons/shared/mf_flame_circle_tp_c.cgf
[2014-07-15T12:54:38:589+00] [326.1 MB] Loading CGF objects/effects/weapons/shared/mf_flame_fp_c_5.cgf
[2014-07-15T12:54:38:592+00] [326.1 MB] Loading CGF objects/effects/weapons/ar20/mf_ar20_a_tp.cgf
[2014-07-15T12:54:38:594+00] [326.1 MB] Loading CGF objects/effects/weapons/shared/mf_flame_tp_c_5.cgf
[2014-07-15T12:54:38:596+00] [326.1 MB] Loading CGF objects/weapons/shells/shell_7,62x51/shell_7,62x51.cgf
[2014-07-15T12:54:38:630+00] [326.1 MB] Loading CGF objects/effects/weapons/shared/mf_8point_tp_a.cgf
[2014-07-15T12:54:38:632+00] [326.1 MB] Loading CGF objects/effects/weapons/shared/mf_8point_tp_b.cgf
[2014-07-15T12:54:38:633+00] [326.1 MB] Loading CGF objects/effects/weapons/shared/mf_8point_tp_c.cgf
[2014-07-15T12:54:38:651+00] [326.1 MB] Loading CGF objects/effects/weapons/shared/mf_flame_tp_d_b.cgf
[2014-07-15T12:54:38:654+00] [326.1 MB] Loading CGF objects/effects/weapons/shared/mf_flame_tp_d_c.cgf
[2014-07-15T12:54:38:805+00] [326.3 MB] Loading CGF objects/effects/weapons/ar20/mf_ar20_b_tp.cgf
[2014-07-15T12:54:38:806+00] [326.3 MB] Loading CGF objects/effects/weapons/ar20/mf_ar20_c_tp.cgf
[2014-07-15T12:54:38:876+00] [326.4 MB] Loading CGF objects/effects/weapons/shared/mf_ar22_fp_a.cgf
[2014-07-15T12:54:38:877+00] [326.4 MB] Loading CGF objects/effects/weapons/shared/mf_ar22_fp_b.cgf
[2014-07-15T12:54:38:883+00] [326.4 MB] Loading CGF objects/effects/weapons/shared/mf_ar22_tp_a.cgf
[2014-07-15T12:54:38:884+00] [326.4 MB] Loading CGF objects/effects/weapons/shared/mf_ar22_tp_b.cgf
[2014-07-15T12:54:38:917+00] [326.5 MB] Loading CGF objects/effects/weapons/sr03/mf_sr03_tp.cgf
[2014-07-15T12:54:38:958+00] [326.5 MB] Loading CGF objects/effects/weapons/shared/mf_flame_tp_b.cgf
[2014-07-15T12:54:39:284+00] [326.8 MB] Loading CGF objects/effects/weapons/mg01_m240/mf_mg01_m240_tp_a.cgf
[2014-07-15T12:54:39:287+00] [326.8 MB] Loading CGF objects/weapons/shells/shell_50bmg/50bmg.cgf
[2014-07-15T12:54:39:289+00] [326.8 MB] Loading CGF objects/weapons/shells/shell_clip/clip.cgf
[2014-07-15T12:54:39:300+00] [326.9 MB] Loading CGF objects/effects/weapons/mg01/mf_mg01_tp.cgf
[2014-07-15T12:54:39:401+00] [326.9 MB] Loading CGF objects/effects/weapons/mg03/mf_mg03_fp.cgf
[2014-07-15T12:54:39:404+00] [326.9 MB] Loading CGF objects/effects/weapons/mg03/mf_mg03_tp_b.cgf
[2014-07-15T12:54:39:405+00] [326.9 MB] Loading CGF objects/effects/weapons/mg03/mf_mg03_tp_a.cgf
[2014-07-15T12:54:39:496+00] [327.0 MB] Loading CGF objects/effects/weapons/shared/mf_flame_side_tp_b.cgf
[2014-07-15T12:54:39:600+00] [327.1 MB] Loading CGF objects/effects/weapons/mg21/mf_mg21_tp_a.cgf
[2014-07-15T12:54:39:601+00] [327.1 MB] Loading CGF objects/effects/weapons/mg21/mf_mg21_tp_b.cgf
[2014-07-15T12:54:39:613+00] [327.1 MB] Loading CGF objects/effects/weapons/smg05/mf_smg05_front_tp.cgf
[2014-07-15T12:54:39:694+00] [327.3 MB] Loading CGF objects/effects/weapons/shared/mf_flame_front_fp_c.cgf
[2014-07-15T12:54:39:698+00] [327.3 MB] Loading CGF objects/effects/weapons/pt01/mf_pt01_tp.cgf
[2014-07-15T12:54:39:700+00] [327.3 MB] Loading CGF objects/effects/weapons/pt01/mf_pt01_tp_circle.cgf
[2014-07-15T12:54:39:800+00] [327.4 MB] [Warning] Fire mode SingleSmoothed is not supported
[2014-07-15T12:54:39:868+00] [327.4 MB] Loading CGF objects/effects/weapons/pt02/mf_pt02_front_tp.cgf
[2014-07-15T12:54:39:883+00] [327.4 MB] Loading CGF objects/effects/weapons/pt03/mf_pt03_tp.cgf
[2014-07-15T12:54:39:928+00] [327.6 MB] Loading CGF objects/effects/weapons/pt05/mf_pt05_tp_a.cgf
[2014-07-15T12:54:39:930+00] [327.6 MB] Loading CGF objects/effects/weapons/pt05/mf_pt05_tp_b.cgf
[2014-07-15T12:54:39:931+00] [327.6 MB] Loading CGF objects/effects/weapons/pt06/mf_pt06_tp.cgf
[2014-07-15T12:54:40:385+00] [328.0 MB] [Warning] XML reader: Can't open file (objects/attachments/rds05_camo02/rds05_camo02.xml)
[2014-07-15T12:54:40:386+00] [328.0 MB] Error parsing <objects/attachments/rds05_camo02/rds05_camo02.xml>: XML reader: Can't open file (objects/attachments/rds05_camo02/rds05_camo02.xml)
[2014-07-15T12:54:40:523+00] [328.3 MB] Loading CGF objects/effects/weapons/shg01/mf_shg01_tp.cgf
[2014-07-15T12:54:40:526+00] [328.3 MB] Loading CGF objects/weapons/shells/shell_shotgun/shotgun_shell.cgf
[2014-07-15T12:54:40:615+00] [328.4 MB] Loading CGF objects/effects/weapons/shared/mf_flame_side_tp_c.cgf
[2014-07-15T12:54:40:806+00] [328.5 MB] Loading CGF objects/effects/weapons/shg10/mf_shg10_front_a_tp.cgf
[2014-07-15T12:54:40:808+00] [328.5 MB] Loading CGF objects/effects/weapons/shg10/mf_shg10_front_b_tp.cgf
[2014-07-15T12:54:40:809+00] [328.5 MB] Loading CGF objects/effects/weapons/shg10/mf_shg10_front_c_tp.cgf
[2014-07-15T12:54:41:134+00] [328.9 MB] Loading CGF objects/effects/weapons/smg01/mf_smg01_tp.cgf
[2014-07-15T12:54:41:505+00] [329.2 MB] Loading CGF objects/effects/weapons/smg12/mf_smg12_tp.cgf
[2014-07-15T12:54:41:564+00] [329.2 MB] Loading CGF objects/effects/weapons/shared/mf_flame_front_fp_b.cgf
[2014-07-15T12:54:41:740+00] [329.3 MB] Loading CGF objects/effects/weapons/shared/mf_flame_tp_d.cgf
[2014-07-15T12:54:41:786+00] [329.4 MB] Loading CGF objects/effects/weapons/smg_ppsh/mf_ppsh_fp_a.cgf
[2014-07-15T12:54:41:788+00] [329.4 MB] Loading CGF objects/effects/weapons/smg_ppsh/mf_ppsh_fp_b.cgf
[2014-07-15T12:54:41:792+00] [329.5 MB] Loading CGF objects/effects/weapons/smg_ppsh/mf_ppsh_tp_a.cgf
[2014-07-15T12:54:41:794+00] [329.5 MB] Loading CGF objects/effects/weapons/smg_ppsh/mf_ppsh_tp_b.cgf
[2014-07-15T12:54:41:804+00] [329.5 MB] Loading CGF objects/effects/weapons/shared/mf_flame_tp_c.cgf
[2014-07-15T12:54:41:814+00] [329.5 MB] Loading CGF objects/effects/weapons/sp04/mf_sp04_tp_a.cgf
[2014-07-15T12:54:41:816+00] [329.5 MB] Loading CGF objects/effects/weapons/sp04/mf_sp04_tp_b.cgf
[2014-07-15T12:54:41:817+00] [329.5 MB] Loading CGF objects/effects/weapons/sp04/mf_sp04_tp_c.cgf
[2014-07-15T12:54:41:823+00] [329.5 MB] Loading CGF objects/effects/weapons/sp05/mf_sp05_tp_a.cgf
[2014-07-15T12:54:41:824+00] [329.5 MB] Loading CGF objects/effects/weapons/sp05/mf_sp05_tp_b.cgf
[2014-07-15T12:54:41:874+00] [329.7 MB] Loading CGF objects/effects/weapons/sr25/mf_sr25_tp.cgf
[2014-07-15T12:54:41:877+00] [329.7 MB] Loading CGF objects/weapons/shells/shell_7,62x54/shell_7,62x54.cgf
[2014-07-15T12:54:42:238+00] [330.0 MB] Loading CGF objects/effects/weapons/sr_barett/mf_barett_tp_a.cgf
[2014-07-15T12:54:42:240+00] [330.0 MB] Loading CGF objects/effects/weapons/sr_barett/mf_barett_tp_b.cgf
[2014-07-15T12:54:42:292+00] [330.0 MB] Loading CGF objects/effects/weapons/smg09/mf_smg09_tp_b.cgf
[2014-07-15T12:54:42:320+00] [330.1 MB] Loading CGF objects/effects/weapons/sr23/mf_sr23_fp.cgf
[2014-07-15T12:54:42:361+00] [330.2 MB] Loading CGF objects/effects/weapons/sr25/mf_sr25_fp.cgf
[2014-07-15T12:54:42:481+00] [330.2 MB] [Warning] XML reader: Can't open file (objects/attachments/ss03_camo02/ss03_camo02.xml)
[2014-07-15T12:54:42:482+00] [330.2 MB] Error parsing <objects/attachments/ss03_camo02/ss03_camo02.xml>: XML reader: Can't open file (objects/attachments/ss03_camo02/ss03_camo02.xml)
[2014-07-15T12:54:42:505+00] [330.2 MB] <Lua> Found 0 triggers of type 1
[2014-07-15T12:54:42:506+00] [330.2 MB] <Lua> Found 0 triggers of type 2
[2014-07-15T12:54:42:508+00] [330.2 MB] <Lua> Found 0 killzones, 0 active
[2014-07-15T12:54:42:511+00] [330.2 MB] <Lua> Found 0 triggers of type 1
[2014-07-15T12:54:42:512+00] [330.2 MB] <Lua> Found 0 triggers of type 2
[2014-07-15T12:54:42:515+00] [330.2 MB] <Lua> Found 0 killzones, 0 active
[2014-07-15T12:54:42:518+00] [330.2 MB] --- Preactivate shaders...
[2014-07-15T12:54:42:524+00] [330.2 MB] Stalling CryOnline tick for 5779 ms
[2014-07-15T12:54:42:526+00] [330.3 MB] ===== Loading all Decal materials from a folder: Materials/Decals/*.mtl =====
[2014-07-15T12:54:42:668+00] [331.2 MB] ==== Finished Loading Decal Materials: 262  mtls loaded in 0.1 sec ====
[2014-07-15T12:54:42:670+00] [331.2 MB] Starting loading level CGF's ...
[2014-07-15T12:54:42:671+00] [331.2 MB] Loading CGF levels/lobby_evening/Brush/0.cgf
[2014-07-15T12:54:42:685+00] [331.2 MB] Loading CGF levels/lobby_evening/Brush/1.cgf
[2014-07-15T12:54:42:687+00] [331.2 MB] Loading CGF levels/lobby_evening/Brush/10.cgf
[2014-07-15T12:54:42:689+00] [331.2 MB] Loading CGF levels/lobby_evening/Brush/100.cgf
[2014-07-15T12:54:42:691+00] [331.2 MB] Loading CGF levels/lobby_evening/Brush/101.cgf
[2014-07-15T12:54:42:692+00] [331.2 MB] Loading CGF levels/lobby_evening/Brush/102.cgf
[2014-07-15T12:54:42:694+00] [331.2 MB] Loading CGF levels/lobby_evening/Brush/103.cgf
[2014-07-15T12:54:42:696+00] [331.2 MB] Loading CGF levels/lobby_evening/Brush/104.cgf
[2014-07-15T12:54:42:697+00] [331.2 MB] Loading CGF levels/lobby_evening/Brush/105.cgf
[2014-07-15T12:54:42:699+00] [331.2 MB] Loading CGF levels/lobby_evening/Brush/106.cgf
[2014-07-15T12:54:42:701+00] [331.2 MB] Loading CGF levels/lobby_evening/Brush/107.cgf
[2014-07-15T12:54:42:703+00] [331.2 MB] Loading CGF levels/lobby_evening/Brush/108.cgf
[2014-07-15T12:54:42:704+00] [331.2 MB] Loading CGF levels/lobby_evening/Brush/109.cgf
[2014-07-15T12:54:42:706+00] [331.2 MB] Loading CGF levels/lobby_evening/Brush/11.cgf
[2014-07-15T12:54:42:708+00] [331.2 MB] Loading CGF levels/lobby_evening/Brush/110.cgf
[2014-07-15T12:54:42:710+00] [331.2 MB] Loading CGF levels/lobby_evening/Brush/111.cgf
[2014-07-15T12:54:42:712+00] [331.2 MB] Loading CGF levels/lobby_evening/Brush/112.cgf
[2014-07-15T12:54:42:714+00] [331.2 MB] Loading CGF levels/lobby_evening/Brush/113.cgf
[2014-07-15T12:54:42:715+00] [331.2 MB] Loading CGF levels/lobby_evening/Brush/114.cgf
[2014-07-15T12:54:42:717+00] [331.2 MB] Loading CGF levels/lobby_evening/Brush/115.cgf
[2014-07-15T12:54:42:719+00] [331.3 MB] Loading CGF levels/lobby_evening/Brush/116.cgf
[2014-07-15T12:54:42:721+00] [331.3 MB] Loading CGF levels/lobby_evening/Brush/117.cgf
[2014-07-15T12:54:42:723+00] [331.3 MB] Loading CGF levels/lobby_evening/Brush/119.cgf
[2014-07-15T12:54:42:724+00] [331.3 MB] Loading CGF levels/lobby_evening/Brush/12.cgf
[2014-07-15T12:54:42:727+00] [331.3 MB] Loading CGF levels/lobby_evening/Brush/120.cgf
[2014-07-15T12:54:42:728+00] [331.3 MB] Loading CGF levels/lobby_evening/Brush/121.cgf
[2014-07-15T12:54:42:730+00] [331.3 MB] Loading CGF levels/lobby_evening/Brush/122.cgf
[2014-07-15T12:54:42:732+00] [331.3 MB] Loading CGF levels/lobby_evening/Brush/123.cgf
[2014-07-15T12:54:42:734+00] [331.3 MB] Loading CGF levels/lobby_evening/Brush/124.cgf
[2014-07-15T12:54:42:735+00] [331.3 MB] Loading CGF levels/lobby_evening/Brush/125.cgf
[2014-07-15T12:54:42:737+00] [331.3 MB] Loading CGF levels/lobby_evening/Brush/126.cgf
[2014-07-15T12:54:42:739+00] [331.3 MB] Loading CGF levels/lobby_evening/Brush/127.cgf
[2014-07-15T12:54:42:740+00] [331.3 MB] Loading CGF levels/lobby_evening/Brush/128.cgf
[2014-07-15T12:54:42:742+00] [331.3 MB] Loading CGF levels/lobby_evening/Brush/129.cgf
[2014-07-15T12:54:42:744+00] [331.3 MB] Loading CGF levels/lobby_evening/Brush/13.cgf
[2014-07-15T12:54:42:746+00] [331.3 MB] Loading CGF levels/lobby_evening/Brush/130.cgf
[2014-07-15T12:54:42:747+00] [331.3 MB] Loading CGF levels/lobby_evening/Brush/131.cgf
[2014-07-15T12:54:42:749+00] [331.3 MB] Loading CGF levels/lobby_evening/Brush/132.cgf
[2014-07-15T12:54:42:751+00] [331.3 MB] Loading CGF levels/lobby_evening/Brush/133.cgf
[2014-07-15T12:54:42:753+00] [331.3 MB] Loading CGF levels/lobby_evening/Brush/134.cgf
[2014-07-15T12:54:42:755+00] [331.3 MB] Loading CGF levels/lobby_evening/Brush/135.cgf
[2014-07-15T12:54:42:757+00] [331.3 MB] Loading CGF levels/lobby_evening/Brush/136.cgf
[2014-07-15T12:54:42:758+00] [331.3 MB] Loading CGF levels/lobby_evening/Brush/137.cgf
[2014-07-15T12:54:42:760+00] [331.3 MB] Loading CGF levels/lobby_evening/Brush/138.cgf
[2014-07-15T12:54:42:762+00] [331.3 MB] Loading CGF levels/lobby_evening/Brush/139.cgf
[2014-07-15T12:54:42:763+00] [331.3 MB] Loading CGF levels/lobby_evening/Brush/14.cgf
[2014-07-15T12:54:42:765+00] [331.3 MB] Loading CGF levels/lobby_evening/Brush/140.cgf
[2014-07-15T12:54:42:768+00] [331.3 MB] Loading CGF levels/lobby_evening/Brush/141.cgf
[2014-07-15T12:54:42:769+00] [331.3 MB] Loading CGF levels/lobby_evening/Brush/142.cgf
[2014-07-15T12:54:42:771+00] [331.3 MB] Loading CGF levels/lobby_evening/Brush/143.cgf
[2014-07-15T12:54:42:772+00] [331.3 MB] Loading CGF levels/lobby_evening/Brush/144.cgf
[2014-07-15T12:54:42:774+00] [331.3 MB] Loading CGF levels/lobby_evening/Brush/145.cgf
[2014-07-15T12:54:42:776+00] [331.3 MB] Loading CGF levels/lobby_evening/Brush/146.cgf
[2014-07-15T12:54:42:778+00] [331.3 MB] Loading CGF levels/lobby_evening/Brush/147.cgf
[2014-07-15T12:54:42:779+00] [331.3 MB] Loading CGF levels/lobby_evening/Brush/148.cgf
[2014-07-15T12:54:42:781+00] [331.3 MB] Loading CGF levels/lobby_evening/Brush/149.cgf
[2014-07-15T12:54:42:783+00] [331.3 MB] Loading CGF levels/lobby_evening/Brush/15.cgf
[2014-07-15T12:54:42:785+00] [331.3 MB] Loading CGF levels/lobby_evening/Brush/150.cgf
[2014-07-15T12:54:42:787+00] [331.3 MB] Loading CGF levels/lobby_evening/Brush/151.cgf
[2014-07-15T12:54:42:789+00] [331.3 MB] Loading CGF levels/lobby_evening/Brush/152.cgf
[2014-07-15T12:54:42:790+00] [331.3 MB] Loading CGF levels/lobby_evening/Brush/153.cgf
[2014-07-15T12:54:42:792+00] [331.3 MB] Loading CGF levels/lobby_evening/Brush/154.cgf
[2014-07-15T12:54:42:795+00] [331.3 MB] Loading CGF levels/lobby_evening/Brush/155.cgf
[2014-07-15T12:54:42:797+00] [331.3 MB] Loading CGF levels/lobby_evening/Brush/156.cgf
[2014-07-15T12:54:42:799+00] [331.3 MB] Loading CGF levels/lobby_evening/Brush/16.cgf
[2014-07-15T12:54:42:800+00] [331.3 MB] Loading CGF levels/lobby_evening/Brush/17.cgf
[2014-07-15T12:54:42:802+00] [331.3 MB] Loading CGF levels/lobby_evening/Brush/18.cgf
[2014-07-15T12:54:42:804+00] [331.3 MB] Loading CGF levels/lobby_evening/Brush/19.cgf
[2014-07-15T12:54:42:806+00] [331.3 MB] Loading CGF levels/lobby_evening/Brush/2.cgf
[2014-07-15T12:54:42:807+00] [331.3 MB] Loading CGF levels/lobby_evening/Brush/20.cgf
[2014-07-15T12:54:42:809+00] [331.3 MB] Loading CGF levels/lobby_evening/Brush/21.cgf
[2014-07-15T12:54:42:811+00] [331.3 MB] Loading CGF levels/lobby_evening/Brush/22.cgf
[2014-07-15T12:54:42:812+00] [331.3 MB] Loading CGF levels/lobby_evening/Brush/23.cgf
[2014-07-15T12:54:42:815+00] [331.3 MB] Loading CGF levels/lobby_evening/Brush/24.cgf
[2014-07-15T12:54:42:816+00] [331.3 MB] Loading CGF levels/lobby_evening/Brush/25.cgf
[2014-07-15T12:54:42:818+00] [331.3 MB] Loading CGF levels/lobby_evening/Brush/26.cgf
[2014-07-15T12:54:42:820+00] [331.4 MB] Loading CGF levels/lobby_evening/Brush/27.cgf
[2014-07-15T12:54:42:822+00] [331.4 MB] Loading CGF levels/lobby_evening/Brush/28.cgf
[2014-07-15T12:54:42:824+00] [331.4 MB] Loading CGF levels/lobby_evening/Brush/29.cgf
[2014-07-15T12:54:42:826+00] [331.4 MB] Loading CGF levels/lobby_evening/Brush/3.cgf
[2014-07-15T12:54:42:827+00] [331.4 MB] Loading CGF levels/lobby_evening/Brush/30.cgf
[2014-07-15T12:54:42:829+00] [331.4 MB] Loading CGF levels/lobby_evening/Brush/31.cgf
[2014-07-15T12:54:42:831+00] [331.4 MB] Loading CGF levels/lobby_evening/Brush/32.cgf
[2014-07-15T12:54:42:832+00] [331.4 MB] Loading CGF levels/lobby_evening/Brush/33.cgf
[2014-07-15T12:54:42:834+00] [331.4 MB] Loading CGF levels/lobby_evening/Brush/34.cgf
[2014-07-15T12:54:42:836+00] [331.4 MB] Loading CGF levels/lobby_evening/Brush/35.cgf
[2014-07-15T12:54:42:837+00] [331.4 MB] Loading CGF levels/lobby_evening/Brush/36.cgf
[2014-07-15T12:54:42:839+00] [331.4 MB] Loading CGF levels/lobby_evening/Brush/37.cgf
[2014-07-15T12:54:42:841+00] [331.4 MB] Loading CGF levels/lobby_evening/Brush/38.cgf
[2014-07-15T12:54:42:843+00] [331.4 MB] Loading CGF levels/lobby_evening/Brush/39.cgf
[2014-07-15T12:54:42:845+00] [331.4 MB] Loading CGF levels/lobby_evening/Brush/4.cgf
[2014-07-15T12:54:42:847+00] [331.4 MB] Loading CGF levels/lobby_evening/Brush/40.cgf
[2014-07-15T12:54:42:848+00] [331.4 MB] Loading CGF levels/lobby_evening/Brush/41.cgf
[2014-07-15T12:54:42:850+00] [331.4 MB] Loading CGF levels/lobby_evening/Brush/42.cgf
[2014-07-15T12:54:42:852+00] [331.4 MB] Loading CGF levels/lobby_evening/Brush/43.cgf
[2014-07-15T12:54:42:854+00] [331.4 MB] Loading CGF levels/lobby_evening/Brush/44.cgf
[2014-07-15T12:54:42:856+00] [331.4 MB] Loading CGF levels/lobby_evening/Brush/45.cgf
[2014-07-15T12:54:42:857+00] [331.4 MB] Loading CGF levels/lobby_evening/Brush/46.cgf
[2014-07-15T12:54:42:859+00] [331.4 MB] Loading CGF levels/lobby_evening/Brush/47.cgf
[2014-07-15T12:54:42:861+00] [331.4 MB] Loading CGF levels/lobby_evening/Brush/48.cgf
[2014-07-15T12:54:42:864+00] [331.4 MB] Loading CGF levels/lobby_evening/Brush/49.cgf
[2014-07-15T12:54:42:865+00] [331.4 MB] Loading CGF levels/lobby_evening/Brush/5.cgf
[2014-07-15T12:54:42:867+00] [331.4 MB] Loading CGF levels/lobby_evening/Brush/50.cgf
[2014-07-15T12:54:42:869+00] [331.5 MB] Loading CGF levels/lobby_evening/Brush/51.cgf
[2014-07-15T12:54:42:871+00] [331.5 MB] Loading CGF levels/lobby_evening/Brush/52.cgf
[2014-07-15T12:54:42:872+00] [331.5 MB] Loading CGF levels/lobby_evening/Brush/53.cgf
[2014-07-15T12:54:42:874+00] [331.5 MB] Loading CGF levels/lobby_evening/Brush/54.cgf
[2014-07-15T12:54:42:876+00] [331.5 MB] Loading CGF levels/lobby_evening/Brush/55.cgf
[2014-07-15T12:54:42:878+00] [331.5 MB] Loading CGF levels/lobby_evening/Brush/56.cgf
[2014-07-15T12:54:42:879+00] [331.5 MB] Loading CGF levels/lobby_evening/Brush/57.cgf
[2014-07-15T12:54:42:881+00] [331.5 MB] Loading CGF levels/lobby_evening/Brush/58.cgf
[2014-07-15T12:54:42:883+00] [331.5 MB] Loading CGF levels/lobby_evening/Brush/59.cgf
[2014-07-15T12:54:42:886+00] [331.5 MB] Loading CGF levels/lobby_evening/Brush/6.cgf
[2014-07-15T12:54:42:887+00] [331.5 MB] Loading CGF levels/lobby_evening/Brush/60.cgf
[2014-07-15T12:54:42:889+00] [331.5 MB] Loading CGF levels/lobby_evening/Brush/61.cgf
[2014-07-15T12:54:42:891+00] [331.5 MB] Loading CGF levels/lobby_evening/Brush/62.cgf
[2014-07-15T12:54:42:892+00] [331.5 MB] Loading CGF levels/lobby_evening/Brush/63.cgf
[2014-07-15T12:54:42:894+00] [331.5 MB] Loading CGF levels/lobby_evening/Brush/64.cgf
[2014-07-15T12:54:42:896+00] [331.5 MB] Loading CGF levels/lobby_evening/Brush/65.cgf
[2014-07-15T12:54:42:897+00] [331.5 MB] Loading CGF levels/lobby_evening/Brush/66.cgf
[2014-07-15T12:54:42:900+00] [331.5 MB] Loading CGF levels/lobby_evening/Brush/67.cgf
[2014-07-15T12:54:42:901+00] [331.5 MB] Loading CGF levels/lobby_evening/Brush/68.cgf
[2014-07-15T12:54:42:903+00] [331.5 MB] Loading CGF levels/lobby_evening/Brush/69.cgf
[2014-07-15T12:54:42:905+00] [331.5 MB] Loading CGF levels/lobby_evening/Brush/7.cgf
[2014-07-15T12:54:42:907+00] [331.5 MB] Loading CGF levels/lobby_evening/Brush/70.cgf
[2014-07-15T12:54:42:909+00] [331.5 MB] Loading CGF levels/lobby_evening/Brush/71.cgf
[2014-07-15T12:54:42:911+00] [331.5 MB] Loading CGF levels/lobby_evening/Brush/72.cgf
[2014-07-15T12:54:42:912+00] [331.5 MB] Loading CGF levels/lobby_evening/Brush/73.cgf
[2014-07-15T12:54:42:915+00] [331.5 MB] Loading CGF levels/lobby_evening/Brush/74.cgf
[2014-07-15T12:54:42:917+00] [331.5 MB] Loading CGF levels/lobby_evening/Brush/75.cgf
[2014-07-15T12:54:42:918+00] [331.5 MB] Loading CGF levels/lobby_evening/Brush/76.cgf
[2014-07-15T12:54:42:920+00] [331.5 MB] Loading CGF levels/lobby_evening/Brush/77.cgf
[2014-07-15T12:54:42:922+00] [331.5 MB] Loading CGF levels/lobby_evening/Brush/78.cgf
[2014-07-15T12:54:42:924+00] [331.5 MB] Loading CGF levels/lobby_evening/Brush/79.cgf
[2014-07-15T12:54:42:926+00] [331.5 MB] Loading CGF levels/lobby_evening/Brush/8.cgf
[2014-07-15T12:54:42:928+00] [331.5 MB] Loading CGF levels/lobby_evening/Brush/80.cgf
[2014-07-15T12:54:42:930+00] [331.5 MB] Loading CGF levels/lobby_evening/Brush/81.cgf
[2014-07-15T12:54:42:932+00] [331.5 MB] Loading CGF levels/lobby_evening/Brush/82.cgf
[2014-07-15T12:54:42:934+00] [331.5 MB] Loading CGF levels/lobby_evening/Brush/83.cgf
[2014-07-15T12:54:42:935+00] [331.5 MB] Loading CGF levels/lobby_evening/Brush/84.cgf
[2014-07-15T12:54:42:938+00] [331.5 MB] Loading CGF levels/lobby_evening/Brush/85.cgf
[2014-07-15T12:54:42:939+00] [331.5 MB] Loading CGF levels/lobby_evening/Brush/86.cgf
[2014-07-15T12:54:42:941+00] [331.6 MB] Loading CGF levels/lobby_evening/Brush/87.cgf
[2014-07-15T12:54:42:943+00] [331.6 MB] Loading CGF levels/lobby_evening/Brush/88.cgf
[2014-07-15T12:54:42:944+00] [331.6 MB] Loading CGF levels/lobby_evening/Brush/89.cgf
[2014-07-15T12:54:42:946+00] [331.6 MB] Loading CGF levels/lobby_evening/Brush/9.cgf
[2014-07-15T12:54:42:948+00] [331.6 MB] Loading CGF levels/lobby_evening/Brush/90.cgf
[2014-07-15T12:54:42:950+00] [331.6 MB] Loading CGF levels/lobby_evening/Brush/91.cgf
[2014-07-15T12:54:42:952+00] [331.6 MB] Loading CGF levels/lobby_evening/Brush/92.cgf
[2014-07-15T12:54:42:954+00] [331.6 MB] Loading CGF levels/lobby_evening/Brush/93.cgf
[2014-07-15T12:54:42:955+00] [331.6 MB] Loading CGF levels/lobby_evening/Brush/94.cgf
[2014-07-15T12:54:42:957+00] [331.6 MB] Loading CGF levels/lobby_evening/Brush/95.cgf
[2014-07-15T12:54:42:959+00] [331.6 MB] Loading CGF levels/lobby_evening/Brush/96.cgf
[2014-07-15T12:54:42:961+00] [331.6 MB] Loading CGF levels/lobby_evening/Brush/97.cgf
[2014-07-15T12:54:42:963+00] [331.6 MB] Loading CGF levels/lobby_evening/Brush/98.cgf
[2014-07-15T12:54:42:964+00] [331.6 MB] Loading CGF levels/lobby_evening/Brush/99.cgf
[2014-07-15T12:54:42:967+00] [331.6 MB] Loading CGF objects/architecture/lobby/background_buildings/container_01.cgf
[2014-07-15T12:54:42:971+00] [331.6 MB] Loading CGF objects/architecture/lobby/background_buildings/container_02.cgf
[2014-07-15T12:54:42:973+00] [331.7 MB] Loading CGF objects/architecture/lobby/background_buildings/container_03.cgf
[2014-07-15T12:54:42:974+00] [331.7 MB] Loading CGF objects/architecture/lobby/background_buildings/destroyed_building.cgf
[2014-07-15T12:54:42:976+00] [331.7 MB] Loading CGF objects/architecture/lobby/background_buildings/hideout_building.cgf
[2014-07-15T12:54:42:979+00] [331.7 MB] Loading CGF objects/architecture/lobby/ceiling/ceiling_glass.cgf
[2014-07-15T12:54:42:983+00] [331.7 MB] Loading CGF objects/architecture/lobby/ceiling/ceiling_mod.cgf
[2014-07-15T12:54:42:985+00] [331.7 MB] Loading CGF objects/architecture/lobby/ceiling/metal_beam.cgf
[2014-07-15T12:54:42:988+00] [331.7 MB] Loading CGF objects/architecture/lobby/ceiling/pillar_concrete_metal.cgf
[2014-07-15T12:54:42:990+00] [331.7 MB] Loading CGF objects/architecture/lobby/ceiling/wall_pillar.cgf
[2014-07-15T12:54:42:992+00] [331.7 MB] Loading CGF objects/architecture/lobby/ground/bus_gap.cgf
[2014-07-15T12:54:42:996+00] [331.7 MB] Loading CGF objects/architecture/lobby/pipes/fat/fat_pipe_bulb.cgf
[2014-07-15T12:54:43:000+00] [331.7 MB] Loading CGF objects/architecture/lobby/pipes/fat/fat_pipe_corner.cgf
[2014-07-15T12:54:43:004+00] [331.7 MB] Loading CGF objects/architecture/lobby/pipes/fat/fat_pipe_end.cgf
[2014-07-15T12:54:43:006+00] [331.7 MB] Loading CGF objects/architecture/lobby/pipes/fat/fat_pipe_handler.cgf
[2014-07-15T12:54:43:009+00] [331.7 MB] Loading CGF objects/architecture/lobby/pipes/fat/fat_pipe_mod.cgf
[2014-07-15T12:54:43:010+00] [331.7 MB] Loading CGF objects/architecture/lobby/pipes/fat/fat_pipe_vent_box.cgf
[2014-07-15T12:54:43:012+00] [331.7 MB] Loading CGF objects/architecture/lobby/pipes/thin/thin_pipes_corner.cgf
[2014-07-15T12:54:43:015+00] [331.7 MB] Loading CGF objects/architecture/lobby/pipes/thin/thin_pipes_mod.cgf
[2014-07-15T12:54:43:017+00] [331.7 MB] Loading CGF objects/architecture/lobby/pipes/thin/thin_pipes_starter_left.cgf
[2014-07-15T12:54:43:018+00] [331.7 MB] Loading CGF objects/architecture/lobby/pipes/thin/thin_pipes_t.cgf
[2014-07-15T12:54:43:020+00] [331.7 MB] Loading CGF objects/architecture/lobby/stairs/corner_long.cgf
[2014-07-15T12:54:43:024+00] [331.8 MB] Loading CGF objects/architecture/lobby/stairs/ground_platform.cgf
[2014-07-15T12:54:43:026+00] [331.8 MB] Loading CGF objects/architecture/lobby/stairs/metal_ground_half_mod.cgf
[2014-07-15T12:54:43:029+00] [332.0 MB] Loading CGF objects/architecture/lobby/stairs/metal_ground_mod.cgf
[2014-07-15T12:54:43:031+00] [332.0 MB] Loading CGF objects/architecture/lobby/stairs/pillar.cgf
[2014-07-15T12:54:43:032+00] [332.0 MB] Loading CGF objects/architecture/lobby/stairs/pillar_small.cgf
[2014-07-15T12:54:43:034+00] [332.0 MB] Loading CGF objects/architecture/lobby/stairs/platform_short.cgf
[2014-07-15T12:54:43:035+00] [332.0 MB] Loading CGF objects/architecture/lobby/stairs/platform_wide.cgf
[2014-07-15T12:54:43:037+00] [332.0 MB] Loading CGF objects/architecture/lobby/stairs/stairs.cgf
[2014-07-15T12:54:43:039+00] [332.0 MB] Loading CGF objects/architecture/lobby/stairs/stairs_short.cgf
[2014-07-15T12:54:43:041+00] [332.0 MB] Loading CGF objects/architecture/lobby/walls/concrete_top.cgf
[2014-07-15T12:54:43:045+00] [332.0 MB] Loading CGF objects/architecture/lobby/walls/corner_brick.cgf
[2014-07-15T12:54:43:049+00] [332.0 MB] Loading CGF objects/architecture/lobby/walls/corner_cement.cgf
[2014-07-15T12:54:43:051+00] [332.0 MB] Loading CGF objects/architecture/lobby/walls/garage_doors.cgf
[2014-07-15T12:54:43:055+00] [332.0 MB] Loading CGF objects/architecture/lobby/walls/garage_doors_windows.cgf
[2014-07-15T12:54:43:060+00] [332.2 MB] Loading CGF objects/architecture/lobby/walls/middle_pillar.cgf
[2014-07-15T12:54:43:062+00] [332.2 MB] Loading CGF objects/architecture/lobby/walls/shutter_full_window.cgf
[2014-07-15T12:54:43:064+00] [332.2 MB] Loading CGF objects/architecture/lobby/walls/shutter_half_window.cgf
[2014-07-15T12:54:43:065+00] [332.2 MB] Loading CGF objects/architecture/lobby/walls/wall_brick.cgf
[2014-07-15T12:54:43:068+00] [332.2 MB] Loading CGF objects/architecture/lobby/walls/wall_brick_concrete.cgf
[2014-07-15T12:54:43:070+00] [332.2 MB] Loading CGF objects/architecture/lobby/walls/wall_brick_concrete_inset.cgf
[2014-07-15T12:54:43:071+00] [332.2 MB] Loading CGF objects/architecture/lobby/walls/wall_brick_half.cgf
[2014-07-15T12:54:43:073+00] [332.2 MB] Loading CGF objects/architecture/lobby/walls/wall_long_window.cgf
[2014-07-15T12:54:43:075+00] [332.2 MB] Loading CGF objects/architecture/lobby/walls/wall_window_close.cgf
[2014-07-15T12:54:43:076+00] [332.2 MB] Loading CGF objects/architecture/lobby/walls/wall_window_close_brick.cgf
[2014-07-15T12:54:43:078+00] [332.2 MB] Loading CGF objects/architecture/lobby/walls/wall_wire.cgf
[2014-07-15T12:54:43:080+00] [332.2 MB] Loading CGF objects/architecture/lobby/walls/walls_shooting_range.cgf
[2014-07-15T12:54:43:083+00] [332.2 MB] Loading CGF objects/architecture/lobby/walls/window_close.cgf
[2014-07-15T12:54:43:084+00] [332.2 MB] Loading CGF objects/architecture/lobby/walls/window_long.cgf
[2014-07-15T12:54:43:086+00] [332.2 MB] Loading CGF objects/effects/breakable/bottle_brown_parts.cgf
[2014-07-15T12:54:43:093+00] [332.2 MB] Loading CGF objects/effects/breakable/bottle_green_parts.cgf
[2014-07-15T12:54:43:099+00] [332.2 MB] Loading CGF objects/effects/breakable/bottle_white_parts.cgf
[2014-07-15T12:54:43:105+00] [332.2 MB] Loading CGF objects/effects/breakable/china_parts/china_logos_neon_part_a.cgf
[2014-07-15T12:54:43:107+00] [332.2 MB] Loading CGF objects/effects/breakable/china_parts/china_logos_neon_part_hotel_a.cgf
[2014-07-15T12:54:43:110+00] [332.3 MB] Loading CGF objects/effects/breakable/china_parts/china_logos_neon_part_hotel_arc_a.cgf
[2014-07-15T12:54:43:112+00] [332.3 MB] Loading CGF objects/effects/breakable/china_parts/china_logos_neon_part_hotel_arc_b.cgf
[2014-07-15T12:54:43:114+00] [332.3 MB] Loading CGF objects/effects/breakable/china_parts/china_logos_neon_part_hotel_moon_a.cgf
[2014-07-15T12:54:43:117+00] [332.3 MB] Loading CGF objects/effects/breakable/china_parts/china_logos_neon_part_hotel_moon_b.cgf
[2014-07-15T12:54:43:119+00] [332.3 MB] Loading CGF objects/effects/breakable/china_parts/china_logos_neon_part_hotel_moon_c.cgf
[2014-07-15T12:54:43:122+00] [332.3 MB] Loading CGF objects/effects/breakable/china_parts/china_logos_neon_part_hotel_moon_d.cgf
[2014-07-15T12:54:43:124+00] [332.3 MB] Loading CGF objects/effects/breakable/china_parts/china_logos_neon_part_hotel_moon_e.cgf
[2014-07-15T12:54:43:126+00] [332.3 MB] Loading CGF objects/effects/breakable/china_parts/china_logos_neon_part_hotel_moon_f.cgf
[2014-07-15T12:54:43:129+00] [332.3 MB] Loading CGF objects/effects/breakable/china_parts/china_logos_neon_part_hotel_moon_g.cgf
[2014-07-15T12:54:43:131+00] [332.3 MB] Loading CGF objects/effects/breakable/china_parts/china_logos_neon_part_pizza_lina_h.cgf
[2014-07-15T12:54:43:134+00] [332.3 MB] Loading CGF objects/effects/breakable/china_parts/china_logos_neon_part_pizza_lina_i.cgf
[2014-07-15T12:54:43:136+00] [332.3 MB] Loading CGF objects/effects/breakable/china_parts/jug_a_parts.cgf
[2014-07-15T12:54:43:141+00] [332.3 MB] Loading CGF objects/effects/breakable/china_parts/jug_b_parts.cgf
[2014-07-15T12:54:43:146+00] [332.3 MB] Loading CGF objects/effects/breakable/china_parts/jug_c_parts.cgf
[2014-07-15T12:54:43:152+00] [332.3 MB] Loading CGF objects/effects/breakable/china_parts/jug_d_parts.cgf
[2014-07-15T12:54:43:157+00] [332.3 MB] Loading CGF objects/effects/breakable/china_parts/jug_e_parts.cgf
[2014-07-15T12:54:43:163+00] [332.3 MB] Loading CGF objects/effects/breakable/china_parts/jug_f_parts.cgf
[2014-07-15T12:54:43:168+00] [332.3 MB] Loading CGF objects/effects/breakable/china_parts/jug_g_parts.cgf
[2014-07-15T12:54:43:174+00] [332.3 MB] Loading CGF objects/effects/breakable/china_parts/plate_in_pieces.cgf
[2014-07-15T12:54:43:179+00] [332.4 MB] Loading CGF objects/effects/breakable/door.cgf
[2014-07-15T12:54:43:181+00] [332.4 MB] Loading CGF objects/effects/breakable/jug_big_parts.cgf
[2014-07-15T12:54:43:191+00] [332.5 MB] Loading CGF objects/effects/breakable/jug_little_parts.cgf
[2014-07-15T12:54:43:197+00] [332.5 MB] Loading CGF objects/effects/breakable/jug_med_a_partis.cgf
[2014-07-15T12:54:43:202+00] [332.5 MB] Loading CGF objects/effects/breakable/jug_small_a_partis.cgf
[2014-07-15T12:54:43:206+00] [332.5 MB] Loading CGF objects/effects/chellenger/challenger_debris_b.cgf
[2014-07-15T12:54:43:210+00] [332.5 MB] Loading CGF objects/effects/dragon/vl_dragon_trail_a.cgf
[2014-07-15T12:54:43:213+00] [332.5 MB] Loading CGF objects/effects/dragon/vl_dragon_trail_b.cgf
[2014-07-15T12:54:43:215+00] [332.5 MB] Loading CGF objects/effects/dragon/vl_dragon_trail_c.cgf
[2014-07-15T12:54:43:216+00] [332.5 MB] Loading CGF objects/effects/lights/vl_beams_rect_a.cgf
[2014-07-15T12:54:43:218+00] [332.5 MB] Loading CGF objects/effects/tracer_fp.cgf
[2014-07-15T12:54:43:230+00] [332.5 MB] Loading CGF objects/effects/weapons/shared/beam_laser_a.cgf
[2014-07-15T12:54:43:232+00] [332.5 MB] Loading CGF objects/helpers/special_moves/climb_200_200cm.cgf
[2014-07-15T12:54:43:242+00] [332.6 MB] Loading CGF objects/helpers/special_moves/climb_380_200cm.cgf
[2014-07-15T12:54:43:244+00] [332.6 MB] Loading CGF objects/helpers/special_moves/vault_100_60cm.cgf
[2014-07-15T12:54:43:245+00] [332.6 MB] Loading CGF objects/natural/misc/indoor_plants/indoor_plants_a.cgf
[2014-07-15T12:54:43:249+00] [332.6 MB] Loading CGF objects/natural/misc/indoor_plants/indoor_plants_palm_a.cgf
[2014-07-15T12:54:43:252+00] [332.6 MB] Loading CGF objects/natural/misc/indoor_plants/indoor_plants_palm_b.cgf
[2014-07-15T12:54:43:255+00] [332.6 MB] Loading CGF objects/natural/trees/explosion_shape/tree_broken_shape.cgf
[2014-07-15T12:54:43:259+00] [332.7 MB] Loading CGF objects/natural/trees/explosion_shape/tree_broken_shape2.cgf
[2014-07-15T12:54:43:261+00] [332.7 MB] Loading CGF objects/natural/trees/explosion_shape/tree_broken_shape3.cgf
[2014-07-15T12:54:43:264+00] [332.7 MB] Loading CGF objects/natural/trees/explosion_shape/trunk_slpinters_a.cgf
[2014-07-15T12:54:43:266+00] [332.7 MB] Loading CGF objects/props/awnings/chinese_awnings/shop_awning_b.cgf
[2014-07-15T12:54:43:269+00] [332.7 MB] Loading CGF objects/props/barbed_wire/barbed_wire_b.cgf
[2014-07-15T12:54:43:272+00] [332.7 MB] Loading CGF objects/props/barrels/metal_barrel/metal_barrel_a_red.cgf
[2014-07-15T12:54:43:275+00] [332.7 MB] Loading CGF objects/props/barrels/metal_barrel/metal_barrels_group_c.cgf
[2014-07-15T12:54:43:279+00] [332.7 MB] Loading CGF objects/props/barrels/metal_barrel/metal_barrels_group_d.cgf
[2014-07-15T12:54:43:284+00] [332.7 MB] Loading CGF objects/props/bicycle/bicycle_yellow.cgf
[2014-07-15T12:54:43:288+00] [332.7 MB] Loading CGF objects/props/brick_pallet/brick_pallet_a.cgf
[2014-07-15T12:54:43:293+00] [332.7 MB] Loading CGF objects/props/brick_pallet/brick_pallet_c.cgf
[2014-07-15T12:54:43:296+00] [332.8 MB] Loading CGF objects/props/brick_pallet/bricks_a.cgf
[2014-07-15T12:54:43:298+00] [332.8 MB] Loading CGF objects/props/camera/camera.cgf
[2014-07-15T12:54:43:301+00] [332.8 MB] Loading CGF objects/props/carpets/carpet_c.cgf
[2014-07-15T12:54:43:305+00] [332.8 MB] Loading CGF objects/props/carpets/carpet_h.cgf
[2014-07-15T12:54:43:307+00] [332.8 MB] Loading CGF objects/props/carpets/carpet_i.cgf
[2014-07-15T12:54:43:310+00] [332.8 MB] Loading CGF objects/props/carpets/carpet_j.cgf
[2014-07-15T12:54:43:312+00] [332.8 MB] Loading CGF objects/props/electronics_device/box_metal.cgf
[2014-07-15T12:54:43:315+00] [332.8 MB] Loading CGF objects/props/fences/metal_fence/metal_fence_b.cgf
[2014-07-15T12:54:43:320+00] [332.8 MB] Loading CGF objects/props/fences/metal_fence/metal_fence_g.cgf
[2014-07-15T12:54:43:323+00] [332.8 MB] Loading CGF objects/props/fences/metal_fence/metal_fence_wall.cgf
[2014-07-15T12:54:43:326+00] [332.8 MB] Loading CGF objects/props/fences/metal_fence/metal_sheet_fence_a.cgf
[2014-07-15T12:54:43:331+00] [332.8 MB] Loading CGF objects/props/fences/metal_fence/metal_sheet_fence_b.cgf
[2014-07-15T12:54:43:334+00] [332.8 MB] Loading CGF objects/props/fences/metal_fence/metal_sheet_fence_c.cgf
[2014-07-15T12:54:43:337+00] [332.8 MB] Loading CGF objects/props/fences/safety_barrier/safety_barrier_b.cgf
[2014-07-15T12:54:43:340+00] [332.8 MB] Loading CGF objects/props/football_gate/ball_a.cgf
[2014-07-15T12:54:43:343+00] [332.8 MB] Loading CGF objects/props/football_gate/football_gate_a.cgf
[2014-07-15T12:54:43:348+00] [332.8 MB] Loading CGF objects/props/furniture/chair_b.cgf
[2014-07-15T12:54:43:352+00] [332.8 MB] Loading CGF objects/props/furniture/china_garlands/festoon_lights_b.cgf
[2014-07-15T12:54:43:356+00] [332.8 MB] Loading CGF objects/props/furniture/china_garlands/flag_garland_b.cgf
[2014-07-15T12:54:43:358+00] [332.8 MB] Loading CGF objects/props/furniture/china_garlands/flag_garland_c.cgf
[2014-07-15T12:54:43:361+00] [332.8 MB] Loading CGF objects/props/furniture/clock/clock_a.cgf
[2014-07-15T12:54:43:363+00] [332.8 MB] Loading CGF objects/props/furniture/interior_lamps/chinese_lamp_a.cgf
[2014-07-15T12:54:43:367+00] [332.8 MB] Loading CGF objects/props/furniture/interior_lamps/chinese_lamp_a_on.cgf
[2014-07-15T12:54:43:370+00] [332.8 MB] Loading CGF objects/props/furniture/office_wall_pics/office_wall_pics_a.cgf
[2014-07-15T12:54:43:372+00] [332.8 MB] Loading CGF objects/props/furniture/office_wall_pics/office_wall_pics_b.cgf
[2014-07-15T12:54:43:374+00] [332.8 MB] Loading CGF objects/props/furniture/office_wall_pics/office_wall_pics_c.cgf
[2014-07-15T12:54:43:376+00] [332.8 MB] Loading CGF objects/props/furniture/reception_shelfs.cgf
[2014-07-15T12:54:43:379+00] [332.8 MB] Loading CGF objects/props/furniture/reception_table.cgf
[2014-07-15T12:54:43:381+00] [332.8 MB] Loading CGF objects/props/furniture/shutters/wooden_grate_a.cgf
[2014-07-15T12:54:43:384+00] [332.8 MB] [Warning] StatObj (objects/props/furniture/shutters/wooden_grate_a.cgf), phys geometry is using more matIds than available in the material (objects/props/wooden_stack/wooden_stack)  [File=objects/props/furniture/shutters/wooden_grate_a.cgf]
[2014-07-15T12:54:43:385+00] [332.8 MB] [Warning] StatObj (objects/props/furniture/shutters/wooden_grate_a.cgf), phys geometry is using more matIds than available in the material (objects/props/wooden_stack/wooden_stack)  [File=objects/props/furniture/shutters/wooden_grate_a.cgf]
[2014-07-15T12:54:43:386+00] [332.8 MB] [Warning] StatObj (objects/props/furniture/shutters/wooden_grate_a.cgf), phys geometry is using more matIds than available in the material (objects/props/wooden_stack/wooden_stack)  [File=objects/props/furniture/shutters/wooden_grate_a.cgf]
[2014-07-15T12:54:43:387+00] [332.8 MB] [Warning] StatObj (objects/props/furniture/shutters/wooden_grate_a.cgf), phys geometry is using more matIds than available in the material (objects/props/wooden_stack/wooden_stack)  [File=objects/props/furniture/shutters/wooden_grate_a.cgf]
[2014-07-15T12:54:43:388+00] [332.8 MB] [Warning] StatObj (objects/props/furniture/shutters/wooden_grate_a.cgf), phys geometry is using more matIds than available in the material (objects/props/wooden_stack/wooden_stack)  [File=objects/props/furniture/shutters/wooden_grate_a.cgf]
[2014-07-15T12:54:43:389+00] [332.8 MB] [Warning] StatObj (objects/props/furniture/shutters/wooden_grate_a.cgf), phys geometry is using more matIds than available in the material (objects/props/wooden_stack/wooden_stack)  [File=objects/props/furniture/shutters/wooden_grate_a.cgf]
[2014-07-15T12:54:43:391+00] [332.8 MB] [Warning] StatObj (objects/props/furniture/shutters/wooden_grate_a.cgf), phys geometry is using more matIds than available in the material (objects/props/wooden_stack/wooden_stack)  [File=objects/props/furniture/shutters/wooden_grate_a.cgf]
[2014-07-15T12:54:43:392+00] [332.8 MB] [Warning] StatObj (objects/props/furniture/shutters/wooden_grate_a.cgf), phys geometry is using more matIds than available in the material (objects/props/wooden_stack/wooden_stack)  [File=objects/props/furniture/shutters/wooden_grate_a.cgf]
[2014-07-15T12:54:43:393+00] [332.8 MB] [Warning] StatObj (objects/props/furniture/shutters/wooden_grate_a.cgf), phys geometry is using more matIds than available in the material (objects/props/wooden_stack/wooden_stack)  [File=objects/props/furniture/shutters/wooden_grate_a.cgf]
[2014-07-15T12:54:43:394+00] [332.8 MB] [Warning] StatObj (objects/props/furniture/shutters/wooden_grate_a.cgf), phys geometry is using more matIds than available in the material (objects/props/wooden_stack/wooden_stack)  [File=objects/props/furniture/shutters/wooden_grate_a.cgf]
[2014-07-15T12:54:43:396+00] [332.8 MB] Loading CGF objects/props/furniture/table_c.cgf
[2014-07-15T12:54:43:399+00] [332.8 MB] Loading CGF objects/props/jugs/china_jug/china_jug_e.cgf
[2014-07-15T12:54:43:401+00] [332.8 MB] Loading CGF objects/props/lobby/army_crates/army_crate_closed.cgf
[2014-07-15T12:54:43:404+00] [332.8 MB] Loading CGF objects/props/lobby/army_crates/army_crate_cover.cgf
[2014-07-15T12:54:43:406+00] [332.8 MB] Loading CGF objects/props/lobby/army_crates/army_crate_open.cgf
[2014-07-15T12:54:43:408+00] [332.8 MB] Loading CGF objects/props/lobby/army_crates/obstacle_01.cgf
[2014-07-15T12:54:43:413+00] [332.8 MB] Loading CGF objects/props/lobby/army_crates/obstacle_02.cgf
[2014-07-15T12:54:43:415+00] [332.8 MB] Loading CGF objects/props/lobby/army_crates/obstacle_03.cgf
[2014-07-15T12:54:43:418+00] [332.9 MB] Loading CGF objects/props/lobby/bar_bus_chair/bar_bus_chair.cgf
[2014-07-15T12:54:43:421+00] [332.9 MB] Loading CGF objects/props/lobby/barchair/barchair.cgf
[2014-07-15T12:54:43:424+00] [332.9 MB] Loading CGF objects/props/lobby/basketball/basket.cgf
[2014-07-15T12:54:43:427+00] [332.9 MB] Loading CGF objects/props/lobby/boards/board1.cgf
[2014-07-15T12:54:43:430+00] [332.9 MB] Loading CGF objects/props/lobby/boards/whiteboards.cgf
[2014-07-15T12:54:43:433+00] [332.9 MB] Loading CGF objects/props/lobby/bottle/bottle.cgf
[2014-07-15T12:54:43:437+00] [332.9 MB] Loading CGF objects/props/lobby/bottle/bottle2.cgf
[2014-07-15T12:54:43:438+00] [332.9 MB] Loading CGF objects/props/lobby/bottle/bottle4.cgf
[2014-07-15T12:54:43:441+00] [332.9 MB] Loading CGF objects/props/lobby/bottle/glass1.cgf
[2014-07-15T12:54:43:442+00] [332.9 MB] Loading CGF objects/props/lobby/briefdesk_chair/briefdesk_chair.cgf
[2014-07-15T12:54:43:447+00] [332.9 MB] Loading CGF objects/props/lobby/briefing_table/briefing_table.cgf
[2014-07-15T12:54:43:452+00] [333.0 MB] Loading CGF objects/props/lobby/cardboard_box/cardboard_box.cgf
[2014-07-15T12:54:43:455+00] [333.0 MB] Loading CGF objects/props/lobby/ceiling_fan/ceiling_fan.cgf
[2014-07-15T12:54:43:459+00] [333.0 MB] Loading CGF objects/props/lobby/chairs/beer_crate.cgf
[2014-07-15T12:54:43:462+00] [333.0 MB] Loading CGF objects/props/lobby/coffe_machine/coffee_machine.cgf
[2014-07-15T12:54:43:465+00] [333.0 MB] Loading CGF objects/props/lobby/concrete_side_walls/concrete_side_wall_horizontal.cgf
[2014-07-15T12:54:43:467+00] [333.0 MB] Loading CGF objects/props/lobby/concrete_side_walls/concrete_side_wall_vertical.cgf
[2014-07-15T12:54:43:469+00] [333.0 MB] Loading CGF objects/props/lobby/copter_deco/copter_deco_closed.cgf
[2014-07-15T12:54:43:472+00] [333.0 MB] Loading CGF objects/props/lobby/copter_deco/copter_deco_open.cgf
[2014-07-15T12:54:43:475+00] [333.0 MB] Loading CGF objects/props/lobby/cranes/crane_big.cgf
[2014-07-15T12:54:43:477+00] [333.0 MB] Loading CGF objects/props/lobby/cranes/crane_small.cgf
[2014-07-15T12:54:43:480+00] [333.0 MB] Loading CGF objects/props/lobby/dartboard/dartboard.cgf
[2014-07-15T12:54:43:483+00] [333.0 MB] Loading CGF objects/props/lobby/drawer/drawer.cgf
[2014-07-15T12:54:43:486+00] [333.1 MB] Loading CGF objects/props/lobby/f_lamp/lamp.cgf
[2014-07-15T12:54:43:489+00] [333.1 MB] Loading CGF objects/props/lobby/fridge/fridge.cgf
[2014-07-15T12:54:43:492+00] [333.1 MB] Loading CGF objects/props/lobby/glass_walls/glass_door.cgf
[2014-07-15T12:54:43:496+00] [333.1 MB] Loading CGF objects/props/lobby/glass_walls/glass_door_frame.cgf
[2014-07-15T12:54:43:497+00] [333.1 MB] Loading CGF objects/props/lobby/glass_walls/glass_walls.cgf
[2014-07-15T12:54:43:499+00] [333.1 MB] Loading CGF objects/props/lobby/gun_box/gun_box.cgf
[2014-07-15T12:54:43:502+00] [333.1 MB] Loading CGF objects/props/lobby/guns/long_gun_01.cgf
[2014-07-15T12:54:43:505+00] [333.1 MB] Loading CGF objects/props/lobby/guns/long_gun_02.cgf
[2014-07-15T12:54:43:507+00] [333.1 MB] Loading CGF objects/props/lobby/guns/long_gun_03.cgf
[2014-07-15T12:54:43:511+00] [333.1 MB] Loading CGF objects/props/lobby/guns/long_gun_04.cgf
[2014-07-15T12:54:43:513+00] [333.1 MB] Loading CGF objects/props/lobby/guns/middle_gun_01.cgf
[2014-07-15T12:54:43:516+00] [333.2 MB] Loading CGF objects/props/lobby/guns/middle_gun_02.cgf
[2014-07-15T12:54:43:518+00] [333.2 MB] Loading CGF objects/props/lobby/guns/small_gun.cgf
[2014-07-15T12:54:43:522+00] [333.2 MB] Loading CGF objects/props/lobby/gym/bench.cgf
[2014-07-15T12:54:43:525+00] [333.2 MB] Loading CGF objects/props/lobby/gym/gym_machine.cgf
[2014-07-15T12:54:43:528+00] [333.2 MB] Loading CGF objects/props/lobby/gym/matte_1.cgf
[2014-07-15T12:54:43:530+00] [333.2 MB] Loading CGF objects/props/lobby/gym/rack_big.cgf
[2014-07-15T12:54:43:535+00] [333.2 MB] Loading CGF objects/props/lobby/gym/rack_small.cgf
[2014-07-15T12:54:43:537+00] [333.2 MB] Loading CGF objects/props/lobby/gym/weight_bigl_1.cgf
[2014-07-15T12:54:43:539+00] [333.2 MB] Loading CGF objects/props/lobby/gym/weight_small_2.cgf
[2014-07-15T12:54:43:541+00] [333.2 MB] Loading CGF objects/props/lobby/halogen_lamp/halogen_lamp.cgf
[2014-07-15T12:54:43:544+00] [333.2 MB] Loading CGF objects/props/lobby/jukebox/jukebox.cgf
[2014-07-15T12:54:43:549+00] [333.2 MB] Loading CGF objects/props/lobby/kitchen/kitchen.cgf
[2014-07-15T12:54:43:554+00] [333.3 MB] Loading CGF objects/props/lobby/kitchen_chair/kitchenchair.cgf
[2014-07-15T12:54:43:557+00] [333.3 MB] Loading CGF objects/props/lobby/locker/bench.cgf
[2014-07-15T12:54:43:560+00] [333.3 MB] Loading CGF objects/props/lobby/locker/locker_close.cgf
[2014-07-15T12:54:43:563+00] [333.3 MB] Loading CGF objects/props/lobby/locker/locker_open.cgf
[2014-07-15T12:54:43:565+00] [333.3 MB] Loading CGF objects/props/lobby/microvawe/microwave.cgf
[2014-07-15T12:54:43:568+00] [333.3 MB] Loading CGF objects/props/lobby/neon_bar_sign/neon_bar_sign.cgf
[2014-07-15T12:54:43:571+00] [333.3 MB] Loading CGF objects/props/lobby/phone/phone.cgf
[2014-07-15T12:54:43:574+00] [333.3 MB] Loading CGF objects/props/lobby/pinball/pinball.cgf
[2014-07-15T12:54:43:577+00] [333.3 MB] Loading CGF objects/props/lobby/racks/rack_big_closed_02.cgf
[2014-07-15T12:54:43:580+00] [333.3 MB] Loading CGF objects/props/lobby/racks/rack_big_open.cgf
[2014-07-15T12:54:43:582+00] [333.3 MB] Loading CGF objects/props/lobby/racks/rack_medium_closed.cgf
[2014-07-15T12:54:43:584+00] [333.3 MB] Loading CGF objects/props/lobby/racks/rack_medium_open.cgf
[2014-07-15T12:54:43:586+00] [333.3 MB] Loading CGF objects/props/lobby/racks/rack_single.cgf
[2014-07-15T12:54:43:588+00] [333.3 MB] Loading CGF objects/props/lobby/racks/rack_small_closed.cgf
[2014-07-15T12:54:43:591+00] [333.3 MB] Loading CGF objects/props/lobby/racks/rack_small_mobile.cgf
[2014-07-15T12:54:43:593+00] [333.3 MB] Loading CGF objects/props/lobby/racks/rack_wall_01.cgf
[2014-07-15T12:54:43:594+00] [333.3 MB] Loading CGF objects/props/lobby/racks/rack_wall_02.cgf
[2014-07-15T12:54:43:596+00] [333.3 MB] Loading CGF objects/props/lobby/racks/top_fence.cgf
[2014-07-15T12:54:43:598+00] [333.3 MB] Loading CGF objects/props/lobby/racks/top_fence_corner.cgf
[2014-07-15T12:54:43:600+00] [333.3 MB] Loading CGF objects/props/lobby/racks/top_fence_gate.cgf
[2014-07-15T12:54:43:602+00] [333.3 MB] Loading CGF objects/props/lobby/racks/top_fence_gate_closed.cgf
[2014-07-15T12:54:43:603+00] [333.3 MB] Loading CGF objects/props/lobby/racks_equip/bag.cgf
[2014-07-15T12:54:43:606+00] [333.4 MB] Loading CGF objects/props/lobby/racks_equip/hand_bag.cgf
[2014-07-15T12:54:43:608+00] [333.4 MB] Loading CGF objects/props/lobby/racks_equip/metal_box.cgf
[2014-07-15T12:54:43:610+00] [333.4 MB] Loading CGF objects/props/lobby/racks_equip/metal_container.cgf
[2014-07-15T12:54:43:612+00] [333.4 MB] Loading CGF objects/props/lobby/racks_equip/metal_container_small.cgf
[2014-07-15T12:54:43:614+00] [333.4 MB] Loading CGF objects/props/lobby/racks_equip/plastic_box.cgf
[2014-07-15T12:54:43:616+00] [333.4 MB] Loading CGF objects/props/lobby/racks_equip/round_bag.cgf
[2014-07-15T12:54:43:617+00] [333.4 MB] Loading CGF objects/props/lobby/radio/radio.cgf
[2014-07-15T12:54:43:620+00] [333.4 MB] Loading CGF objects/props/lobby/round_bar_table/chair_round_table.cgf
[2014-07-15T12:54:43:624+00] [333.4 MB] Loading CGF objects/props/lobby/round_bar_table/round_bar_table.cgf
[2014-07-15T12:54:43:626+00] [333.4 MB] Loading CGF objects/props/lobby/rubble_shooting_range/rubble_shooting_range01.cgf
[2014-07-15T12:54:43:629+00] [333.4 MB] Loading CGF objects/props/lobby/rubble_shooting_range/rubble_shooting_range02.cgf
[2014-07-15T12:54:43:630+00] [333.4 MB] Loading CGF objects/props/lobby/shooting_range_lamp/shooting_range_lamp.cgf
[2014-07-15T12:54:43:634+00] [333.4 MB] Loading CGF objects/props/lobby/signs/arrow_sign.cgf
[2014-07-15T12:54:43:637+00] [333.4 MB] Loading CGF objects/props/lobby/signs/window_flag.cgf
[2014-07-15T12:54:43:640+00] [333.4 MB] Loading CGF objects/props/lobby/snooker/snookerhighpoly.cgf
[2014-07-15T12:54:43:643+00] [333.4 MB] Loading CGF objects/props/lobby/sofa_armchair/armchair_a.cgf
[2014-07-15T12:54:43:647+00] [333.4 MB] Loading CGF objects/props/lobby/sofa_armchair/sofa.cgf
[2014-07-15T12:54:43:660+00] [333.4 MB] Loading CGF objects/props/lobby/sofa_armchair/sofa_a.cgf
[2014-07-15T12:54:43:662+00] [333.4 MB] Loading CGF objects/props/lobby/sofa_table/sofa_table.cgf
[2014-07-15T12:54:43:665+00] [333.4 MB] Loading CGF objects/props/lobby/sound_blockers/sound_blockers.cgf
[2014-07-15T12:54:43:668+00] [333.4 MB] Loading CGF objects/props/lobby/stadion_lights/stadion_lights.cgf
[2014-07-15T12:54:43:671+00] [333.4 MB] Loading CGF objects/props/lobby/sunshafts/long_shafts.cgf
[2014-07-15T12:54:43:674+00] [333.5 MB] Loading CGF objects/props/lobby/sunshafts/window_glow.cgf
[2014-07-15T12:54:43:675+00] [333.5 MB] Loading CGF objects/props/lobby/table/table.cgf
[2014-07-15T12:54:43:678+00] [333.5 MB] Loading CGF objects/props/lobby/trash_can/trash_can.cgf
[2014-07-15T12:54:43:681+00] [333.5 MB] Loading CGF objects/props/lobby/tv/tv_hanging.cgf
[2014-07-15T12:54:43:684+00] [333.5 MB] Loading CGF objects/props/lobby/tv/tv_plasma.cgf
[2014-07-15T12:54:43:686+00] [333.5 MB] Loading CGF objects/props/lobby/tv_table/tv_table.cgf
[2014-07-15T12:54:43:690+00] [333.5 MB] Loading CGF objects/props/logo_sets/china_logos/china_logo_neon_e.cgf
[2014-07-15T12:54:43:693+00] [333.5 MB] Loading CGF objects/props/logo_sets/china_logos/china_logo_neon_h.cgf
[2014-07-15T12:54:43:696+00] [333.5 MB] Loading CGF objects/props/logo_sets/china_logos/china_logo_neon_j.cgf
[2014-07-15T12:54:43:699+00] [333.5 MB] Loading CGF objects/props/market/bottles/bottle_water_big_a.cgf
[2014-07-15T12:54:43:702+00] [333.5 MB] Loading CGF objects/props/market/bottles/bottle_water_big_group_a.cgf
[2014-07-15T12:54:43:704+00] [333.5 MB] Loading CGF objects/props/market/carton_boxes/carton_box_b.cgf
[2014-07-15T12:54:43:706+00] [333.5 MB] Loading CGF objects/props/market/carton_boxes/carton_box_d.cgf
[2014-07-15T12:54:43:708+00] [333.5 MB] Loading CGF objects/props/market/carton_boxes/carton_box_e.cgf
[2014-07-15T12:54:43:711+00] [333.5 MB] Loading CGF objects/props/market/carton_boxes/carton_box_g.cgf
[2014-07-15T12:54:43:713+00] [333.5 MB] Loading CGF objects/props/market/carton_boxes/carton_box_h.cgf
[2014-07-15T12:54:43:714+00] [333.5 MB] Loading CGF objects/props/market/carton_boxes/carton_box_i.cgf
[2014-07-15T12:54:43:716+00] [333.5 MB] Loading CGF objects/props/market/carton_boxes/carton_box_set_a.cgf
[2014-07-15T12:54:43:719+00] [333.5 MB] Loading CGF objects/props/market/carton_boxes/carton_box_set_c.cgf
[2014-07-15T12:54:43:720+00] [333.5 MB] Loading CGF objects/props/market/carton_boxes/carton_box_set_d.cgf
[2014-07-15T12:54:43:722+00] [333.5 MB] Loading CGF objects/props/market/carton_boxes/carton_box_set_e.cgf
[2014-07-15T12:54:43:724+00] [333.5 MB] Loading CGF objects/props/market/souvenirs/cup_blue_a.cgf
[2014-07-15T12:54:43:727+00] [333.5 MB] Loading CGF objects/props/market/souvenirs/plate_blue_a.cgf
[2014-07-15T12:54:43:728+00] [333.5 MB] Loading CGF objects/props/market/souvenirs/plate_blue_b.cgf
[2014-07-15T12:54:43:730+00] [333.5 MB] Loading CGF objects/props/market/souvenirs/plate_yellow_a.cgf
[2014-07-15T12:54:43:732+00] [333.5 MB] Loading CGF objects/props/market/souvenirs/plate_yellow_b.cgf
[2014-07-15T12:54:43:733+00] [333.5 MB] Loading CGF objects/props/market/souvenirs/solter_yellow.cgf
[2014-07-15T12:54:43:735+00] [333.5 MB] Loading CGF objects/props/market/tent/market_goods_a.cgf
[2014-07-15T12:54:43:738+00] [333.5 MB] Loading CGF objects/props/market/tent/market_goods_d.cgf
[2014-07-15T12:54:43:740+00] [333.5 MB] Loading CGF objects/props/market/tent/market_goods_g.cgf
[2014-07-15T12:54:43:742+00] [333.5 MB] Loading CGF objects/props/market/tent/market_goods_k.cgf
[2014-07-15T12:54:43:744+00] [333.5 MB] Loading CGF objects/props/market/utensil/mug_a.cgf
[2014-07-15T12:54:43:747+00] [333.5 MB] Loading CGF objects/props/market/utensil/plate_a.cgf
[2014-07-15T12:54:43:749+00] [333.5 MB] Loading CGF objects/props/market/utensil/plate_b.cgf
[2014-07-15T12:54:43:751+00] [333.5 MB] Loading CGF objects/props/market/vegetables_pack/vegetables_pack_b.cgf
[2014-07-15T12:54:43:754+00] [333.5 MB] Loading CGF objects/props/market/vegetables_pack/vegetables_pack_e.cgf
[2014-07-15T12:54:43:756+00] [333.5 MB] Loading CGF objects/props/market/vegetables_pack/vegetables_pack_f.cgf
[2014-07-15T12:54:43:758+00] [333.5 MB] Loading CGF objects/props/scaffold/scaffold_metal_group_a.cgf
[2014-07-15T12:54:43:765+00] [333.5 MB] Loading CGF objects/props/scaffold/scaffold_metal_group_b.cgf
[2014-07-15T12:54:43:768+00] [333.5 MB] Loading CGF objects/props/scaffold/scaffold_metal_single_a.cgf
[2014-07-15T12:54:43:771+00] [333.5 MB] Loading CGF objects/props/scrap/junk_a.cgf
[2014-07-15T12:54:43:774+00] [333.5 MB] Loading CGF objects/props/scrap/junk_b.cgf
[2014-07-15T12:54:43:777+00] [333.5 MB] Loading CGF objects/props/scrap/wood_scrap_b.cgf
[2014-07-15T12:54:43:779+00] [333.5 MB] Loading CGF objects/props/shooting_target/shooting_target_a.cgf
[2014-07-15T12:54:43:782+00] [333.6 MB] Loading CGF objects/props/shooting_target/shooting_target_base_a.cgf
[2014-07-15T12:54:43:784+00] [333.6 MB] Loading CGF objects/props/shooting_target/shooting_target_c.cgf
[2014-07-15T12:54:43:786+00] [333.6 MB] Loading CGF objects/props/shooting_target/shooting_target_d.cgf
[2014-07-15T12:54:43:788+00] [333.6 MB] Loading CGF objects/props/tyre/tyre.cgf
[2014-07-15T12:54:43:791+00] [333.6 MB] Loading CGF objects/props/tyre/tyre_set_a.cgf
[2014-07-15T12:54:43:794+00] [333.6 MB] Loading CGF objects/props/tyre/tyre_set_b.cgf
[2014-07-15T12:54:43:797+00] [333.6 MB] Loading CGF objects/props/tyre/tyre_set_c.cgf
[2014-07-15T12:54:43:800+00] [333.6 MB] Loading CGF objects/props/ventilation/ventilation_b.cgf
[2014-07-15T12:54:43:802+00] [333.6 MB] Loading CGF objects/props/wood_pallet/wood_pallet_b.cgf
[2014-07-15T12:54:43:807+00] [333.7 MB] Loading CGF objects/props/wood_pallet/wood_pallet_c.cgf
[2014-07-15T12:54:43:811+00] [333.7 MB] Loading CGF objects/props/wood_pallet/wood_pallet_g.cgf
[2014-07-15T12:54:43:814+00] [333.7 MB] Loading CGF objects/props/wooden_box/wooden_box_broken.cgf
[2014-07-15T12:54:43:818+00] [333.7 MB] Loading CGF objects/props/wooden_box/wooden_box_medium_a_climb.cgf
[2014-07-15T12:54:43:820+00] [333.7 MB] Loading CGF objects/props/wooden_box/wooden_box_medium_b.cgf
[2014-07-15T12:54:43:822+00] [333.7 MB] Loading CGF objects/props/wooden_box/wooden_box_medium_group_b.cgf
[2014-07-15T12:54:43:825+00] [333.7 MB] Loading CGF objects/props/wooden_stairs/wooden_stairs_big_b.cgf
[2014-07-15T12:54:43:828+00] [333.7 MB] Loading CGF objects/props/wooden_stairs/wooden_stairs_small_b.cgf
[2014-07-15T12:54:43:829+00] [333.7 MB] Loading CGF objects/vehicles/ch-47/ch-47_part_interior_regid.cgf
[2014-07-15T12:54:43:837+00] [333.8 MB] Loading CGF objects/vehicles/ch-47/ch-47_part_main.cgf
[2014-07-15T12:54:43:842+00] [333.8 MB] Loading CGF objects/vehicles/special/electro_loader/electro_loader.cgf
[2014-07-15T12:54:43:849+00] [333.8 MB] Loading CGF objects/vehicles/special/van/van_a.cgf
[2014-07-15T12:54:43:855+00] [333.8 MB] Loading CGF objects/weapons/ar01/ar01.cgf
[2014-07-15T12:54:43:858+00] [333.8 MB] Loading CGF objects/weapons/ar02/ar02.cgf
[2014-07-15T12:54:43:861+00] [333.8 MB] Loading CGF objects/weapons/ar03/ar03_tp.cgf
[2014-07-15T12:54:43:864+00] [333.8 MB] Loading CGF objects/weapons/ar04/ar04_ai.cgf
[2014-07-15T12:54:43:867+00] [333.8 MB] Loading CGF objects/weapons/ar05/ar05.cgf
[2014-07-15T12:54:43:871+00] [333.8 MB] Loading CGF objects/weapons/ar06/ar06.cgf
[2014-07-15T12:54:43:874+00] [333.8 MB] Loading CGF objects/weapons/ar08/ar08_tp.cgf
[2014-07-15T12:54:43:877+00] [333.8 MB] Loading CGF objects/weapons/ar09/ar09_tp.cgf
[2014-07-15T12:54:43:880+00] [333.8 MB] Loading CGF objects/weapons/ar10/ar10_tp.cgf
[2014-07-15T12:54:43:884+00] [333.8 MB] Loading CGF objects/weapons/ar11/ar11_tp.cgf
[2014-07-15T12:54:43:886+00] [333.8 MB] Loading CGF objects/weapons/ar12/ar12_tp.cgf
[2014-07-15T12:54:43:890+00] [333.8 MB] Loading CGF objects/weapons/ar13/ar13_tp.cgf
[2014-07-15T12:54:43:893+00] [333.8 MB] Loading CGF objects/weapons/ar17/ar17.cgf
[2014-07-15T12:54:43:896+00] [333.8 MB] Loading CGF objects/weapons/c4/c4_tp.cgf
[2014-07-15T12:54:43:898+00] [333.9 MB] Loading CGF objects/weapons/kn04/kn04_tp.cgf
[2014-07-15T12:54:43:901+00] [333.9 MB] Loading CGF objects/weapons/kn43_vdv/kn43_vdv.cgf
[2014-07-15T12:54:43:903+00] [333.9 MB] Loading CGF objects/weapons/kn43_vdv/kn43_vdv_tp.cgf
[2014-07-15T12:54:43:905+00] [333.9 MB] Loading CGF objects/weapons/mg01/mg01_tp.cgf
[2014-07-15T12:54:43:908+00] [333.9 MB] Loading CGF objects/weapons/mg05/mg05_tp.cgf
[2014-07-15T12:54:43:911+00] [333.9 MB] Loading CGF objects/weapons/mg09/mg09_tp.cgf
[2014-07-15T12:54:43:914+00] [333.9 MB] Loading CGF objects/weapons/pda01/pda01.cgf
[2014-07-15T12:54:43:917+00] [333.9 MB] Finished loading level CGF's: 744 objects loaded (432 from LevelCache) in 1.2 sec
[2014-07-15T12:54:43:918+00] [333.9 MB] Starting loading level characters ...
[2014-07-15T12:54:43:920+00] [333.9 MB] ===== Preloading Characters ====
[2014-07-15T12:54:43:925+00] [333.9 MB] ===== Finished Preloading 0 Characters in 0.00 seconds ====
[2014-07-15T12:54:43:926+00] [333.9 MB] ===== Preloading CGAs ====
[2014-07-15T12:54:43:930+00] [333.9 MB] ===== Finished Preloading 0 CGAs in 0.00 seconds ====
[2014-07-15T12:54:43:931+00] [333.9 MB] ===== Preloading CDFs ====
[2014-07-15T12:54:43:936+00] [333.9 MB] ===== Finished Preloading 0 CDFs in 0.00 seconds ====
[2014-07-15T12:54:43:937+00] [333.9 MB] Finished loading level characters (0.0 sec)
[2014-07-15T12:54:43:939+00] [334.0 MB] ===== Loading terrain\terrain.dat =====
[2014-07-15T12:54:43:949+00] [334.2 MB] Loading terrain layers for segment 0 ...
[2014-07-15T12:54:43:951+00] [334.2 MB]   Layer 0 - Materials/terrain/Lobby_Wood has material materials/terrain/lobby_wood
[2014-07-15T12:54:43:954+00] [334.3 MB]   Layer 1 - Materials/terrain/Lobby_Concrete has material materials/terrain/lobby_concrete
[2014-07-15T12:54:43:956+00] [334.3 MB]   Layer 2 - Materials/terrain/Lobby_linoleum has material materials/terrain/lobby_linoleum
[2014-07-15T12:54:43:958+00] [334.3 MB]   Layer 3 - Materials/terrain/Lobby_Concrete_ground01 has material materials/terrain/lobby_concrete_ground01
[2014-07-15T12:54:43:960+00] [334.3 MB]   Layer 4 - Materials/terrain/Lobby_Concrete_ground02 has material materials/terrain/lobby_concrete_ground02
[2014-07-15T12:54:43:962+00] [334.3 MB]   Layer 5 - Materials/terrain/Lobby_concrete_shooting_range has material materials/terrain/lobby_concrete_shooting_range
[2014-07-15T12:54:43:963+00] [334.3 MB] Constructing 85 terrain nodes (0.0 MB) [2014-07-15T12:54:43:965+00]  done in 0.00 sec
[2014-07-15T12:54:43:968+00] [334.7 MB] ===== Loading 0 vegetation models =====
[2014-07-15T12:54:43:969+00] [334.7 MB] ===== Loading 428 brush models ===== 
[2014-07-15T12:54:43:972+00] [334.8 MB] ===== Loading 102 brush materials ===== 
[2014-07-15T12:54:43:994+00] [334.9 MB] ===== Initializing terrain nodes ===== 
[2014-07-15T12:54:43:997+00] [334.9 MB] ===== Loading outdoor instances ===== 
[2014-07-15T12:54:44:645+00] [335.4 MB] Opening levels/lobby_evening/terrain\cover.ctc ...
[2014-07-15T12:54:44:654+00] [335.4 MB]   TerrainLayer 0: TexFormat: DXT5, SectorTextureSize: 256x256, SectorTextureDataSizeBytes: 65536
[2014-07-15T12:54:44:655+00] [335.4 MB]   TerrainLayer 1: TexFormat: DXT5, SectorTextureSize: 256x256, SectorTextureDataSizeBytes: 65536
[2014-07-15T12:54:44:658+00] [335.4 MB]   RGB multiplier: 4, Texture indices: 85
[2014-07-15T12:54:44:659+00] [335.4 MB]   12 out of 85 nodes cleaned
[2014-07-15T12:54:44:664+00] [337.6 MB] ===== Loading terrain\indoor.dat =====
[2014-07-15T12:54:44:666+00] [337.6 MB] ===== Loading Particle Effects =====
[2014-07-15T12:54:44:838+00] [339.4 MB] ===== Loading Particle Effects =====
[2014-07-15T12:54:44:840+00] [339.4 MB] ===== Loading mission settings from XML =====[2014-07-15T12:54:44:851+00]  ok
[2014-07-15T12:54:44:881+00] [339.9 MB] ===== Creating Ocean =====
[2014-07-15T12:54:44:883+00] [339.9 MB] ===== Load level physics data =====
[2014-07-15T12:54:44:901+00] [339.9 MB] <Lua> registering explosion and shapes with physics system...
[2014-07-15T12:54:44:902+00] [339.9 MB] ===== loading occlusion mesh =====
[2014-07-15T12:54:44:904+00] [339.9 MB] [Error] Failed to load occlusion mesh for this level
[2014-07-15T12:54:44:905+00] [339.9 MB] ===== Finished loading static world =====
[2014-07-15T12:54:44:906+00] [339.9 MB] [SOUND] 402E1000->Blocking/CAudioDeviceFmodEx400::Reset()
[2014-07-15T12:54:44:962+00] [342.3 MB] [net ] CNetwork::UpdateTick() stall detected, socket manager poll waitTime=65, actionsTime=0
[2014-07-15T12:54:44:963+00] [342.3 MB] [net ] CNetwork::UpdateTick() stall detected, socket manager poll waitTime=65, actionsTime=0
[2014-07-15T12:54:44:964+00] [342.3 MB] [net ] CNetwork::UpdateTick() stall detected, socket manager poll waitTime=65, actionsTime=0
[2014-07-15T12:54:44:965+00] [342.3 MB] [net ] CNetwork::UpdateTick() stall detected, socket manager poll waitTime=65, actionsTime=0
[2014-07-15T12:54:44:966+00] [342.3 MB] [net ] CNetwork::UpdateTick() stall detected, socket manager poll waitTime=65, actionsTime=0
[2014-07-15T12:54:44:967+00] [342.3 MB] [net ] CNetwork::UpdateTick() stall detected, socket manager poll waitTime=65, actionsTime=0
[2014-07-15T12:54:44:967+00] [342.3 MB] [net ] CNetwork::UpdateTick() stall detected, socket manager poll waitTime=65, actionsTime=0
[2014-07-15T12:54:44:968+00] [342.3 MB] [net ] CNetwork::UpdateTick() stall detected, socket manager poll waitTime=65, actionsTime=0
[2014-07-15T12:54:44:969+00] [342.3 MB] [net ] CNetwork::UpdateTick() stall detected, socket manager poll waitTime=65, actionsTime=0
[2014-07-15T12:54:44:972+00] [342.3 MB] [net ] CNetwork::UpdateTick() stall detected, socket manager poll waitTime=65, actionsTime=0
[2014-07-15T12:54:44:973+00] [342.3 MB] [net ] CNetwork::UpdateTick() stall detected, socket manager poll waitTime=65, actionsTime=0
[2014-07-15T12:54:44:974+00] [342.3 MB] [net ] CNetwork::UpdateTick() stall detected, socket manager poll waitTime=66, actionsTime=0
[2014-07-15T12:54:44:975+00] [342.3 MB] [net ] CNetwork::UpdateTick() stall detected, socket manager poll waitTime=65, actionsTime=0
[2014-07-15T12:54:44:976+00] [342.3 MB] [net ] CNetwork::UpdateTick() stall detected, socket manager poll waitTime=65, actionsTime=0
[2014-07-15T12:54:44:977+00] [342.3 MB] [net ] CNetwork::UpdateTick() stall detected, socket manager poll waitTime=65, actionsTime=0
[2014-07-15T12:54:44:977+00] [342.3 MB] [net ] CNetwork::UpdateTick() stall detected, socket manager poll waitTime=66, actionsTime=0
[2014-07-15T12:54:44:979+00] [342.3 MB] [net ] CNetwork::UpdateTick() stall detected, socket manager poll waitTime=66, actionsTime=0
[2014-07-15T12:54:44:980+00] [342.3 MB] [net ] CNetwork::UpdateTick() stall detected, socket manager poll waitTime=66, actionsTime=0
[2014-07-15T12:54:44:981+00] [342.3 MB] [net ] CNetwork::UpdateTick() stall detected, socket manager poll waitTime=65, actionsTime=0
[2014-07-15T12:54:44:982+00] [342.3 MB] [net ] CNetwork::UpdateTick() stall detected, socket manager poll waitTime=66, actionsTime=0
[2014-07-15T12:54:44:983+00] [342.3 MB] [net ] CNetwork::UpdateTick() stall detected, socket manager poll waitTime=66, actionsTime=0
[2014-07-15T12:54:44:984+00] [342.3 MB] [net ] CNetwork::UpdateTick() stall detected, socket manager poll waitTime=65, actionsTime=0
[2014-07-15T12:54:44:985+00] [342.3 MB] [net ] CNetwork::UpdateTick() stall detected, socket manager poll waitTime=65, actionsTime=0
[2014-07-15T12:54:44:986+00] [342.3 MB] [net ] CNetwork::UpdateTick() stall detected, socket manager poll waitTime=65, actionsTime=0
[2014-07-15T12:54:44:987+00] [342.3 MB] [net ] CNetwork::UpdateTick() stall detected, socket manager poll waitTime=65, actionsTime=0
[2014-07-15T12:54:44:988+00] [342.3 MB] [net ] CNetwork::UpdateTick() stall detected, socket manager poll waitTime=66, actionsTime=0
[2014-07-15T12:54:44:990+00] [342.3 MB] [net ] CNetwork::UpdateTick() stall detected, socket manager poll waitTime=65, actionsTime=0
[2014-07-15T12:54:44:991+00] [342.3 MB] [net ] CNetwork::UpdateTick() stall detected, socket manager poll waitTime=66, actionsTime=0
[2014-07-15T12:54:44:992+00] [342.3 MB] [net ] CNetwork::UpdateTick() stall detected, socket manager poll waitTime=66, actionsTime=0
[2014-07-15T12:54:44:993+00] [342.3 MB] [net ] CNetwork::UpdateTick() stall detected, socket manager poll waitTime=66, actionsTime=0
[2014-07-15T12:54:44:994+00] [342.3 MB] [net ] CNetwork::UpdateTick() stall detected, socket manager poll waitTime=65, actionsTime=0
[2014-07-15T12:54:44:995+00] [342.3 MB] [net ] CNetwork::UpdateTick() stall detected, socket manager poll waitTime=65, actionsTime=0
[2014-07-15T12:54:44:996+00] [342.3 MB] [net ] CNetwork::UpdateTick() stall detected, socket manager poll waitTime=64, actionsTime=0
[2014-07-15T12:54:44:997+00] [342.3 MB] [net ] CNetwork::UpdateTick() stall detected, socket manager poll waitTime=66, actionsTime=0
[2014-07-15T12:54:44:998+00] [342.3 MB] [net ] CNetwork::UpdateTick() stall detected, socket manager poll waitTime=65, actionsTime=0
[2014-07-15T12:54:44:999+00] [342.3 MB] [net ] CNetwork::UpdateTick() stall detected, socket manager poll waitTime=64, actionsTime=0
[2014-07-15T12:54:45:000+00] [342.3 MB] [net ] CNetwork::UpdateTick() stall detected, socket manager poll waitTime=66, actionsTime=0
[2014-07-15T12:54:45:001+00] [342.3 MB] [net ] CNetwork::UpdateTick() stall detected, socket manager poll waitTime=65, actionsTime=0
[2014-07-15T12:54:45:002+00] [342.3 MB] [net ] CNetwork::UpdateTick() stall detected, socket manager poll waitTime=64, actionsTime=0
[2014-07-15T12:54:45:003+00] [342.3 MB] [net ] CNetwork::UpdateTick() stall detected, socket manager poll waitTime=66, actionsTime=0
[2014-07-15T12:54:45:004+00] [342.3 MB] [net ] CNetwork::UpdateTick() stall detected, socket manager poll waitTime=65, actionsTime=0
[2014-07-15T12:54:45:006+00] [342.3 MB] [net ] CNetwork::UpdateTick() stall detected, socket manager poll waitTime=66, actionsTime=0
[2014-07-15T12:54:45:007+00] [342.3 MB] [net ] CNetwork::UpdateTick() stall detected, socket manager poll waitTime=65, actionsTime=0
[2014-07-15T12:54:45:008+00] [342.3 MB] [net ] CNetwork::UpdateTick() stall detected, socket manager poll waitTime=65, actionsTime=0
[2014-07-15T12:54:45:009+00] [342.3 MB] [net ] CNetwork::UpdateTick() stall detected, socket manager poll waitTime=64, actionsTime=0
[2014-07-15T12:54:45:010+00] [342.3 MB] [net ] CNetwork::UpdateTick() stall detected, socket manager poll waitTime=66, actionsTime=0
[2014-07-15T12:54:45:011+00] [342.3 MB] [net ] CNetwork::UpdateTick() stall detected, socket manager poll waitTime=66, actionsTime=0
[2014-07-15T12:54:45:012+00] [342.3 MB] [net ] CNetwork::UpdateTick() stall detected, socket manager poll waitTime=64, actionsTime=0
[2014-07-15T12:54:45:013+00] [342.3 MB] [net ] CNetwork::UpdateTick() stall detected, socket manager poll waitTime=66, actionsTime=0
[2014-07-15T12:54:45:014+00] [342.3 MB] [net ] CNetwork::UpdateTick() stall detected, socket manager poll waitTime=66, actionsTime=0
[2014-07-15T12:54:45:015+00] [342.3 MB] [net ] CNetwork::UpdateTick() stall detected, socket manager poll waitTime=65, actionsTime=0
[2014-07-15T12:54:45:017+00] [342.3 MB] [net ] CNetwork::UpdateTick() stall detected, socket manager poll waitTime=66, actionsTime=0
[2014-07-15T12:54:45:018+00] [342.3 MB] [net ] CNetwork::UpdateTick() stall detected, socket manager poll waitTime=66, actionsTime=0
[2014-07-15T12:54:45:019+00] [342.3 MB] [net ] CNetwork::UpdateTick() stall detected, socket manager poll waitTime=66, actionsTime=0
[2014-07-15T12:54:45:020+00] [342.3 MB] [net ] CNetwork::UpdateTick() stall detected, socket manager poll waitTime=65, actionsTime=0
[2014-07-15T12:54:45:021+00] [342.3 MB] [net ] CNetwork::UpdateTick() stall detected, socket manager poll waitTime=66, actionsTime=0
[2014-07-15T12:54:45:022+00] [342.3 MB] [net ] CNetwork::UpdateTick() stall detected, socket manager poll waitTime=64, actionsTime=0
[2014-07-15T12:54:45:023+00] [342.3 MB] [net ] CNetwork::UpdateTick() stall detected, socket manager poll waitTime=66, actionsTime=0
[2014-07-15T12:54:45:024+00] [342.3 MB] [net ] CNetwork::UpdateTick() stall detected, socket manager poll waitTime=66, actionsTime=0
[2014-07-15T12:54:45:025+00] [342.3 MB] [net ] CNetwork::UpdateTick() stall detected, socket manager poll waitTime=64, actionsTime=0
[2014-07-15T12:54:45:026+00] [342.3 MB] [net ] CNetwork::UpdateTick() stall detected, socket manager poll waitTime=66, actionsTime=0
[2014-07-15T12:54:45:028+00] [342.3 MB] [net ] CNetwork::UpdateTick() stall detected, socket manager poll waitTime=65, actionsTime=0
[2014-07-15T12:54:45:029+00] [342.3 MB] [net ] CNetwork::UpdateTick() stall detected, socket manager poll waitTime=64, actionsTime=0
[2014-07-15T12:54:45:030+00] [342.3 MB] [net ] CNetwork::UpdateTick() stall detected, socket manager poll waitTime=66, actionsTime=0
[2014-07-15T12:54:45:031+00] [342.3 MB] [net ] CNetwork::UpdateTick() stall detected, socket manager poll waitTime=66, actionsTime=0
[2014-07-15T12:54:45:033+00] [342.3 MB] [net ] CNetwork::UpdateTick() stall detected, socket manager poll waitTime=64, actionsTime=0
[2014-07-15T12:54:45:034+00] [342.3 MB] [net ] CNetwork::UpdateTick() stall detected, socket manager poll waitTime=66, actionsTime=0
[2014-07-15T12:54:45:035+00] [342.3 MB] [net ] CNetwork::UpdateTick() stall detected, socket manager poll waitTime=66, actionsTime=0
[2014-07-15T12:54:45:036+00] [342.3 MB] [net ] CNetwork::UpdateTick() stall detected, socket manager poll waitTime=64, actionsTime=0
[2014-07-15T12:54:45:037+00] [342.3 MB] [net ] CNetwork::UpdateTick() stall detected, socket manager poll waitTime=66, actionsTime=0
[2014-07-15T12:54:45:039+00] [342.3 MB] [net ] CNetwork::UpdateTick() stall detected, socket manager poll waitTime=66, actionsTime=0
[2014-07-15T12:54:45:040+00] [342.3 MB] [net ] CNetwork::UpdateTick() stall detected, socket manager poll waitTime=64, actionsTime=0
[2014-07-15T12:54:45:040+00] [342.3 MB] [net ] CNetwork::UpdateTick() stall detected, socket manager poll waitTime=66, actionsTime=0
[2014-07-15T12:54:45:041+00] [342.3 MB] [net ] CNetwork::UpdateTick() stall detected, socket manager poll waitTime=66, actionsTime=0
[2014-07-15T12:54:45:042+00] [342.3 MB] [net ] CNetwork::UpdateTick() stall detected, socket manager poll waitTime=65, actionsTime=0
[2014-07-15T12:54:45:043+00] [342.3 MB] [net ] CNetwork::UpdateTick() stall detected, socket manager poll waitTime=66, actionsTime=0
[2014-07-15T12:54:45:044+00] [342.3 MB] [net ] CNetwork::UpdateTick() stall detected, socket manager poll waitTime=66, actionsTime=0
[2014-07-15T12:54:45:045+00] [342.3 MB] [net ] CNetwork::UpdateTick() stall detected, socket manager poll waitTime=64, actionsTime=0
[2014-07-15T12:54:45:046+00] [342.3 MB] [net ] CNetwork::UpdateTick() stall detected, socket manager poll waitTime=66, actionsTime=0
[2014-07-15T12:54:45:047+00] [342.3 MB] [net ] CNetwork::UpdateTick() stall detected, socket manager poll waitTime=66, actionsTime=0
[2014-07-15T12:54:45:048+00] [342.3 MB] [net ] CNetwork::UpdateTick() stall detected, socket manager poll waitTime=65, actionsTime=0
[2014-07-15T12:54:45:049+00] [342.3 MB] [net ] CNetwork::UpdateTick() stall detected, socket manager poll waitTime=66, actionsTime=0
[2014-07-15T12:54:45:050+00] [342.3 MB] [net ] CNetwork::UpdateTick() stall detected, socket manager poll waitTime=66, actionsTime=0
[2014-07-15T12:54:45:051+00] [342.3 MB] [net ] CNetwork::UpdateTick() stall detected, socket manager poll waitTime=65, actionsTime=0
[2014-07-15T12:54:45:052+00] [342.3 MB] [net ] CNetwork::UpdateTick() stall detected, socket manager poll waitTime=66, actionsTime=0
[2014-07-15T12:54:45:054+00] [342.3 MB] [net ] CNetwork::UpdateTick() stall detected, socket manager poll waitTime=66, actionsTime=0
[2014-07-15T12:54:45:056+00] [342.3 MB] [net ] CNetwork::UpdateTick() stall detected, socket manager poll waitTime=65, actionsTime=0
[2014-07-15T12:54:45:057+00] [342.3 MB] [net ] CNetwork::UpdateTick() stall detected, socket manager poll waitTime=66, actionsTime=0
[2014-07-15T12:54:45:058+00] [342.3 MB] [net ] CNetwork::UpdateTick() stall detected, socket manager poll waitTime=66, actionsTime=0
[2014-07-15T12:54:45:059+00] [342.3 MB] [net ] CNetwork::UpdateTick() stall detected, socket manager poll waitTime=66, actionsTime=0
[2014-07-15T12:54:45:060+00] [342.3 MB] [net ] CNetwork::UpdateTick() stall detected, socket manager poll waitTime=65, actionsTime=0
[2014-07-15T12:54:45:061+00] [342.3 MB] [net ] CNetwork::UpdateTick() stall detected, socket manager poll waitTime=65, actionsTime=0
[2014-07-15T12:54:45:062+00] [342.3 MB] [net ] CNetwork::UpdateTick() stall detected, socket manager poll waitTime=64, actionsTime=0
[2014-07-15T12:54:45:063+00] [342.3 MB] [net ] CNetwork::UpdateTick() stall detected, socket manager poll waitTime=66, actionsTime=0
[2014-07-15T12:54:45:065+00] [342.3 MB] [net ] CNetwork::UpdateTick() stall detected, socket manager poll waitTime=66, actionsTime=0
[2014-07-15T12:54:45:066+00] [342.3 MB] [net ] CNetwork::UpdateTick() stall detected, socket manager poll waitTime=64, actionsTime=0
[2014-07-15T12:54:45:067+00] [342.3 MB] [net ] CNetwork::UpdateTick() stall detected, socket manager poll waitTime=66, actionsTime=0
[2014-07-15T12:54:45:068+00] [342.3 MB] [net ] CNetwork::UpdateTick() stall detected, socket manager poll waitTime=66, actionsTime=0
[2014-07-15T12:54:45:069+00] [342.3 MB] [net ] CNetwork::UpdateTick() stall detected, socket manager poll waitTime=65, actionsTime=0
[2014-07-15T12:54:45:070+00] [342.3 MB] [net ] CNetwork::UpdateTick() stall detected, socket manager poll waitTime=66, actionsTime=0
[2014-07-15T12:54:45:071+00] [342.3 MB] [net ] CNetwork::UpdateTick() stall detected, socket manager poll waitTime=66, actionsTime=0
[2014-07-15T12:54:45:072+00] [342.3 MB] [net ] CNetwork::UpdateTick() stall detected, socket manager poll waitTime=66, actionsTime=0
[2014-07-15T12:54:45:073+00] [342.3 MB] [net ] CNetwork::UpdateTick() stall detected, socket manager poll waitTime=65, actionsTime=0
[2014-07-15T12:54:45:074+00] [342.3 MB] [net ] CNetwork::UpdateTick() stall detected, socket manager poll waitTime=65, actionsTime=0
[2014-07-15T12:54:45:076+00] [342.3 MB] [net ] CNetwork::UpdateTick() stall detected, socket manager poll waitTime=66, actionsTime=0
[2014-07-15T12:54:45:077+00] [342.3 MB] [net ] CNetwork::UpdateTick() stall detected, socket manager poll waitTime=65, actionsTime=0
[2014-07-15T12:54:45:078+00] [342.3 MB] [net ] CNetwork::UpdateTick() stall detected, socket manager poll waitTime=65, actionsTime=0
[2014-07-15T12:54:45:079+00] [342.3 MB] [net ] CNetwork::UpdateTick() stall detected, socket manager poll waitTime=64, actionsTime=0
[2014-07-15T12:54:45:080+00] [342.3 MB] [net ] CNetwork::UpdateTick() stall detected, socket manager poll waitTime=66, actionsTime=0
[2014-07-15T12:54:45:081+00] [342.3 MB] [net ] CNetwork::UpdateTick() stall detected, socket manager poll waitTime=66, actionsTime=0
[2014-07-15T12:54:45:082+00] [342.3 MB] [net ] CNetwork::UpdateTick() stall detected, socket manager poll waitTime=65, actionsTime=0
[2014-07-15T12:54:45:083+00] [342.3 MB] [net ] CNetwork::UpdateTick() stall detected, socket manager poll waitTime=66, actionsTime=0
[2014-07-15T12:54:45:084+00] [342.3 MB] [net ] CNetwork::UpdateTick() stall detected, socket manager poll waitTime=66, actionsTime=0
[2014-07-15T12:54:45:085+00] [342.3 MB] [net ] CNetwork::UpdateTick() stall detected, socket manager poll waitTime=66, actionsTime=0
[2014-07-15T12:54:45:087+00] [342.3 MB] [net ] CNetwork::UpdateTick() stall detected, socket manager poll waitTime=65, actionsTime=0
[2014-07-15T12:54:45:088+00] [342.3 MB] [net ] CNetwork::UpdateTick() stall detected, socket manager poll waitTime=66, actionsTime=0
[2014-07-15T12:54:45:089+00] [342.3 MB] [net ] CNetwork::UpdateTick() stall detected, socket manager poll waitTime=64, actionsTime=0
[2014-07-15T12:54:45:090+00] [342.3 MB] [net ] CNetwork::UpdateTick() stall detected, socket manager poll waitTime=66, actionsTime=0
[2014-07-15T12:54:45:091+00] [342.3 MB] [net ] CNetwork::UpdateTick() stall detected, socket manager poll waitTime=66, actionsTime=0
[2014-07-15T12:54:45:092+00] [342.3 MB] [net ] CNetwork::UpdateTick() stall detected, socket manager poll waitTime=64, actionsTime=0
[2014-07-15T12:54:45:093+00] [342.3 MB] [net ] CNetwork::UpdateTick() stall detected, socket manager poll waitTime=66, actionsTime=0
[2014-07-15T12:54:45:094+00] [342.3 MB] [net ] CNetwork::UpdateTick() stall detected, socket manager poll waitTime=66, actionsTime=0
[2014-07-15T12:54:45:095+00] [342.3 MB] [net ] CNetwork::UpdateTick() stall detected, socket manager poll waitTime=65, actionsTime=0
[2014-07-15T12:54:45:096+00] [342.3 MB] [net ] CNetwork::SyncWithGame() took a long time [134], lock=[0], normal=[134], lobby=[0], gotLobbyLock=true
[2014-07-15T12:54:45:098+00] [342.3 MB] [net ] CNetwork::UpdateTick() stall detected, socket manager poll waitTime=66, actionsTime=0
[2014-07-15T12:54:45:108+00] [343.4 MB] Entity Light_ceiling_lamp1_projection_2 culled by system spec
[2014-07-15T12:54:45:110+00] [343.4 MB] Entity Light_billiard_hall_windows_projection_4 culled by system spec
[2014-07-15T12:54:45:142+00] [343.4 MB] Entity Light_ceiling_lamp2 _projection_4 culled by system spec
[2014-07-15T12:54:45:173+00] [343.4 MB] Entity safehouse_obstacles_area_1 culled by system spec
[2014-07-15T12:54:45:187+00] [343.5 MB] Entity Light_neon_hotel_projection_1 culled by system spec
[2014-07-15T12:54:45:199+00] [343.5 MB] Entity Light_bar_reflective_projection_2 culled by system spec
[2014-07-15T12:54:45:201+00] [343.5 MB] Entity Light_billiard_wall_projection_4 culled by system spec
[2014-07-15T12:54:45:213+00] [343.5 MB] Entity Light_billiard_hall_windows_projection_1 culled by system spec
[2014-07-15T12:54:45:222+00] [343.5 MB] Entity safehouse_weapons_area_1 culled by system spec
[2014-07-15T12:54:45:239+00] [343.8 MB] Entity Light_ceiling_lamp_ambient_1 culled by system spec
[2014-07-15T12:54:45:244+00] [343.9 MB] Entity safehouse_billiard_hall culled by system spec
[2014-07-15T12:54:45:247+00] [343.9 MB] Entity Light_bar_reflective_projection_1 culled by system spec
[2014-07-15T12:54:45:248+00] [343.9 MB] Entity Light_billiard_hall_monitor_projection_2 culled by system spec
[2014-07-15T12:54:45:254+00] [343.9 MB] Entity Light_ceiling_lamp2_projection_9 culled by system spec
[2014-07-15T12:54:45:262+00] [343.9 MB] Entity Light_billiard_hall_monitor_projection_1 culled by system spec
[2014-07-15T12:54:45:264+00] [343.9 MB] Entity Light_billiard_reflective_1 culled by system spec
[2014-07-15T12:54:45:269+00] [343.9 MB] Entity Light_helicopter_area_ambient_3 culled by system spec
[2014-07-15T12:54:45:608+00] [345.5 MB] === Precaching render data for cutscene: 1st_Target1_down ===
[2014-07-15T12:54:45:609+00] [345.5 MB] [Warning] Trying to unregister non registered entity from autoaim manager
[2014-07-15T12:54:45:610+00] [345.9 MB] === Precaching render data for cutscene: 1st_Target1_raise ===
[2014-07-15T12:54:45:622+00] [345.9 MB] === Precaching render data for cutscene: 1st_Target2_down ===
[2014-07-15T12:54:45:624+00] [345.9 MB] [Warning] Trying to unregister non registered entity from autoaim manager
[2014-07-15T12:54:45:627+00] [345.9 MB] === Precaching render data for cutscene: 1st_Target2_raise ===
[2014-07-15T12:54:45:629+00] [345.9 MB] === Precaching render data for cutscene: 2nd_Target1_down ===
[2014-07-15T12:54:45:632+00] [345.9 MB] [Warning] Trying to unregister non registered entity from autoaim manager
[2014-07-15T12:54:45:634+00] [345.9 MB] === Precaching render data for cutscene: 2nd_Target1_raise ===
[2014-07-15T12:54:45:637+00] [345.9 MB] === Precaching render data for cutscene: 2nd_Target2_down ===
[2014-07-15T12:54:45:639+00] [345.9 MB] [Warning] Trying to unregister non registered entity from autoaim manager
[2014-07-15T12:54:45:642+00] [345.9 MB] === Precaching render data for cutscene: 2nd_Target2_raise ===
[2014-07-15T12:54:45:644+00] [345.9 MB] === Precaching render data for cutscene: 3rd_Target1_down ===
[2014-07-15T12:54:45:647+00] [345.9 MB] [Warning] Trying to unregister non registered entity from autoaim manager
[2014-07-15T12:54:45:649+00] [345.9 MB] === Precaching render data for cutscene: 3rd_Target1_raise ===
[2014-07-15T12:54:45:652+00] [345.9 MB] === Precaching render data for cutscene: 3rd_Target2_down ===
[2014-07-15T12:54:45:653+00] [345.9 MB] [Warning] Trying to unregister non registered entity from autoaim manager
[2014-07-15T12:54:45:656+00] [345.9 MB] === Precaching render data for cutscene: 3rd_Target2_raise ===
[2014-07-15T12:54:45:658+00] [345.9 MB] === Precaching render data for cutscene: 4th_Target2_down ===
[2014-07-15T12:54:45:660+00] [345.9 MB] [Warning] Trying to unregister non registered entity from autoaim manager
[2014-07-15T12:54:45:662+00] [345.9 MB] === Precaching render data for cutscene: 4th_Target2_raise ===
[2014-07-15T12:54:45:664+00] [345.9 MB] === Precaching render data for cutscene: 4th_Target3_down ===
[2014-07-15T12:54:45:666+00] [345.9 MB] [Warning] Trying to unregister non registered entity from autoaim manager
[2014-07-15T12:54:45:668+00] [345.9 MB] === Precaching render data for cutscene: 4th_Target3_raise ===
[2014-07-15T12:54:45:670+00] [345.9 MB] === Precaching render data for cutscene: 5th_Target1_down ===
[2014-07-15T12:54:45:673+00] [345.9 MB] [Warning] Trying to unregister non registered entity from autoaim manager
[2014-07-15T12:54:45:675+00] [345.9 MB] === Precaching render data for cutscene: 5th_Target1_raise ===
[2014-07-15T12:54:45:677+00] [345.9 MB] === Precaching render data for cutscene: 5th_Target2_down ===
[2014-07-15T12:54:45:679+00] [345.9 MB] [Warning] Trying to unregister non registered entity from autoaim manager
[2014-07-15T12:54:45:681+00] [345.9 MB] === Precaching render data for cutscene: 5th_Target2_raise ===
[2014-07-15T12:54:45:683+00] [345.9 MB] === Precaching render data for cutscene: 5th_Target3_down ===
[2014-07-15T12:54:45:685+00] [345.9 MB] [Warning] Trying to unregister non registered entity from autoaim manager
[2014-07-15T12:54:45:687+00] [345.9 MB] === Precaching render data for cutscene: 5th_Target3_raise ===
[2014-07-15T12:54:45:689+00] [345.9 MB] === Precaching render data for cutscene: 6th_Target1_down ===
[2014-07-15T12:54:45:691+00] [345.9 MB] [Warning] Trying to unregister non registered entity from autoaim manager
[2014-07-15T12:54:45:692+00] [345.9 MB] === Precaching render data for cutscene: 6th_Target1_raise ===
[2014-07-15T12:54:45:693+00] [345.9 MB] === Precaching render data for cutscene: 6th_Target2_down ===
[2014-07-15T12:54:45:695+00] [345.9 MB] [Warning] Trying to unregister non registered entity from autoaim manager
[2014-07-15T12:54:45:696+00] [345.9 MB] === Precaching render data for cutscene: 6th_Target2_raise ===
[2014-07-15T12:54:45:697+00] [345.9 MB] === Precaching render data for cutscene: pushable_object ===
[2014-07-15T12:54:45:699+00] [345.9 MB] === Precaching render data for cutscene: pushable_object2 ===
[2014-07-15T12:54:45:700+00] [345.9 MB] === Precaching render data for cutscene: shadow_main_menu_down ===
[2014-07-15T12:54:45:701+00] [345.9 MB] === Precaching render data for cutscene: shadow_main_menu_up ===
[2014-07-15T12:54:45:702+00] [345.9 MB] ConvertRigidBodyToStatic(CinematicPlatform) took 0.09 ms, converted 0 entities
[2014-07-15T12:54:45:711+00] [345.9 MB] Precaching files needed for rules='Lobby' level='lobby_evening'
[2014-07-15T12:54:45:713+00]     [345.9 MB] Processing precache list for Level='lobby_evening'
[2014-07-15T12:54:45:714+00]         [345.9 MB] Preload GameTex Libs/UI/hud_icons.tif
[2014-07-15T12:54:45:715+00] [345.9 MB] CUIPreloader::Preload() area: 2
[2014-07-15T12:54:45:724+00] [345.9 MB] [Error] Assertion failed in game code 'm_preloadedTextures.size() == iNumPreloadGroups' HUD\FlashPreloader.cpp:112
[2014-07-15T12:54:45:728+00] [345.9 MB]                	931206E0
[2014-07-15T12:54:45:729+00] [345.9 MB]                	962B454C
[2014-07-15T12:54:45:730+00] [345.9 MB]                	960E2F78
[2014-07-15T12:54:45:732+00] [345.9 MB]                	960E30B0
[2014-07-15T12:54:45:733+00] [345.9 MB]                	961155E4
[2014-07-15T12:54:45:734+00] [345.9 MB]                	961163D4
[2014-07-15T12:54:45:735+00] [345.9 MB]                	9632715C
[2014-07-15T12:54:45:736+00] [345.9 MB]                	8424B0B4
[2014-07-15T12:54:45:737+00] [345.9 MB]                	84281ECC
[2014-07-15T12:54:45:738+00] [345.9 MB]                	890AEB38
[2014-07-15T12:54:45:739+00] [345.9 MB]                	890DE394
[2014-07-15T12:54:45:740+00] [345.9 MB]                	8915153C
[2014-07-15T12:54:45:741+00] [345.9 MB]                	8915162C
[2014-07-15T12:54:45:742+00] [345.9 MB]                	8915020C
[2014-07-15T12:54:45:743+00] [345.9 MB]                	93146A9C
[2014-07-15T12:54:45:744+00] [345.9 MB]                	8433460C
[2014-07-15T12:54:45:745+00] [345.9 MB]                	962BED00
[2014-07-15T12:54:45:746+00] [345.9 MB]                	965EA9DC
[2014-07-15T12:54:45:747+00] [345.9 MB]                	965EAC00
[2014-07-15T12:54:45:748+00] [346.9 MB]                	820124A4
[2014-07-15T12:54:45:750+00] [348.0 MB]                	82012578
[2014-07-15T12:54:45:751+00] [345.9 MB]                	82013408
[2014-07-15T12:54:45:752+00] [345.9 MB]                	800A1924
[2014-07-15T12:54:45:753+00] [345.9 MB]                	8009BA1C
[2014-07-15T12:54:45:767+00] [345.2 MB] Preload GFX Libs/UI/Controls/tooltip.gfx
[2014-07-15T12:54:45:768+00] [345.2 MB] Preload GFX Libs/UI/Controls/container.gfx
[2014-07-15T12:54:45:769+00] [345.2 MB] Preload GFX Libs/UI/Controls/buttonLabel.gfx
[2014-07-15T12:54:45:770+00] [345.2 MB] Preload GFX Libs/UI/Controls/buttonLabelLabel.gfx
[2014-07-15T12:54:45:771+00] [345.2 MB] Preload GFX Libs/UI/Controls/buttonLabelTypes.gfx
[2014-07-15T12:54:45:772+00] [346.3 MB] Preload GFX Libs/UI/Controls/asynchroneFeedback.gfx
[2014-07-15T12:54:45:789+00] [345.2 MB] Preload GFX Libs/UI/Controls/LabelDescriptionHUD.gfx
[2014-07-15T12:54:45:790+00] [345.2 MB] Preload GFX Libs/UI/LargeContainer.gfx
[2014-07-15T12:54:45:791+00] [345.2 MB] Preload GFX Libs/UI/Buttons.gfx
[2014-07-15T12:54:45:805+00] [345.2 MB] Preload GFX Libs/UI/Controls/GameLogoAnimated.gfx
[2014-07-15T12:54:45:806+00] [345.2 MB] Preload GFX Libs/UI/Controls/ButtonImage_NaviBar_a.gfx
[2014-07-15T12:54:45:807+00] [345.2 MB] Preload GFX Libs/UI/Controls/ButtonImage_NaviBar_b.gfx
[2014-07-15T12:54:45:809+00] [345.2 MB] Preload GFX Libs/UI/Controls/ButtonImage_NaviBar_c.gfx
[2014-07-15T12:54:45:810+00] [345.2 MB] Preload GFX Libs/UI/Controls/ChatArea.gfx
[2014-07-15T12:54:45:816+00] [345.2 MB] Preload GFX Libs/UI/Controls/LabelDescription.gfx
[2014-07-15T12:54:45:817+00] [345.2 MB] Preload GFX Libs/UI/Controls/ButtonImage_Text_a.gfx
[2014-07-15T12:54:45:818+00] [345.2 MB] Preload GFX Libs/UI/Controls/ButtonImage_Text_b.gfx
[2014-07-15T12:54:45:820+00] [345.2 MB] Preload GFX Libs/UI/Controls/ButtonImage_Text_c.gfx
[2014-07-15T12:54:45:821+00] [345.2 MB] Preload GFX Libs/UI/Controls/ButtonBitmap.gfx
[2014-07-15T12:54:46:358+00] [345.9 MB] [Warning] XML reader: Can't open file (UI/Layouts/lobby_invitation_accepted.xml)
[2014-07-15T12:54:46:397+00] [345.9 MB] Error parsing <UI/Layouts/lobby_invitation_accepted.xml>: XML reader: Can't open file (UI/Layouts/lobby_invitation_accepted.xml)
[2014-07-15T12:54:46:459+00] [346.2 MB] [Warning] [CStyles] Invalid style ('rich_item_description_lobby_center') specified in screen layout
[2014-07-15T12:54:46:477+00] [346.2 MB] [Warning] XML reader: Can't open file (UI/Layouts/lobby_pvp_room_settings_class_filters.xml)
[2014-07-15T12:54:46:478+00] [346.2 MB] Error parsing <UI/Layouts/lobby_pvp_room_settings_class_filters.xml>: XML reader: Can't open file (UI/Layouts/lobby_pvp_room_settings_class_filters.xml)
[2014-07-15T12:54:46:592+00] [347.4 MB] [Warning] [CStyles] Invalid style ('changeBtn') specified in screen layout
[2014-07-15T12:54:46:782+00] [348.1 MB] [Warning] XML reader: Can't open file (UI/Layouts/lobby_progress_menu.xml)
[2014-07-15T12:54:46:783+00] [348.1 MB] Error parsing <UI/Layouts/lobby_progress_menu.xml>: XML reader: Can't open file (UI/Layouts/lobby_progress_menu.xml)
[2014-07-15T12:54:47:236+00] [351.1 MB] [ThemeManager::GetPath] Not found path='Libs\Icons/' file='CommanderOrdersIcons.tif'
[2014-07-15T12:54:47:367+00] [351.4 MB] -- Render thread was idle during level loading: 8.519 secs
[2014-07-15T12:54:47:369+00] [351.4 MB] -- Render thread was busy during level loading: 1.446 secs
[2014-07-15T12:54:47:370+00] [351.4 MB] -- Presort shaders by states...
[2014-07-15T12:54:47:375+00] [352.7 MB] --- 1145 Resources, 169 Resource groups.
[2014-07-15T12:54:48:091+00] [355.7 MB] File access time during level loading: 4.73 seconds
[2014-07-15T12:54:48:131+00] [355.7 MB] [SOUND] 402CF8A0->Blocking/CMusicSystem::OnSystemEvent()
[2014-07-15T12:54:48:210+00] [355.7 MB] Loading CGF objects/effects/particle_effects/flag.cgf
[2014-07-15T12:54:48:229+00] [355.7 MB] Loading CGF objects/effects/dragon/vl_dragon_trail_a.cgf
[2014-07-15T12:54:48:231+00] [355.7 MB] Loading CGF objects/effects/dragon/vl_dragon_trail_b.cgf
[2014-07-15T12:54:48:232+00] [355.7 MB] Loading CGF objects/effects/dragon/vl_dragon_trail_c.cgf
[2014-07-15T12:54:48:248+00] [355.7 MB] [Warning] Fixing material name chunk with wrong endianness: Objects/Weapons/Grenades/fg01/fg01, objects/weapons/grenades/fg01/fg01.chr
[2014-07-15T12:54:48:249+00] [355.7 MB] [Warning]  bSwapEndian=0, nSubMaterials=0x00000000, nPhysicalizeType=0x00100000, nFlags=0x01000000
[2014-07-15T12:54:48:277+00] [355.8 MB]   25 animation-assets loaded (total assets: 8019)
[2014-07-15T12:54:48:278+00] [355.8 MB] Stalling CryOnline tick for 5739 ms
[2014-07-15T12:54:48:319+00] [355.9 MB]   18 animation-assets loaded (total assets: 8019)
[2014-07-15T12:54:48:321+00] [355.9 MB] Loading CGF objects/weapons/kn01/kn01_tp.cgf
[2014-07-15T12:54:48:372+00] [355.9 MB]   39 animation-assets loaded (total assets: 8019)
[2014-07-15T12:54:48:373+00] [355.9 MB] Loading CGF objects/weapons/pt05/pt05_tp.cgf
[2014-07-15T12:54:48:399+00] [355.9 MB] Loading CGF objects/effects/tracer_fp.cgf
[2014-07-15T12:54:48:400+00] [355.9 MB] Loading CGF objects/effects/tracer_green.cgf
[2014-07-15T12:54:48:413+00] [355.9 MB] Loading CGF objects/effects/tracer_red.cgf
[2014-07-15T12:54:48:475+00] [355.9 MB] [Warning] Fixing material name chunk with wrong endianness: Objects/Weapons/ar02/ar02, objects/weapons/ar02/ar02.chr
[2014-07-15T12:54:48:476+00] [355.9 MB] [Warning]  bSwapEndian=0, nSubMaterials=0x00000000, nPhysicalizeType=0x00100000, nFlags=0x01000000
[2014-07-15T12:54:48:501+00] [356.5 MB]   50 animation-assets loaded (total assets: 8019)
[2014-07-15T12:54:48:503+00] [356.5 MB] Loading CGF objects/weapons/ar02/ar02_tp.cgf
[2014-07-15T12:54:48:582+00] [356.5 MB] Loading CGF objects/weapons/ar02/ar02_is_d.cgf
[2014-07-15T12:54:48:656+00] [356.5 MB] Loading CGF objects/weapons/ar02/ar02_is_tp_d.cgf
[2014-07-15T12:54:48:680+00] [356.5 MB] [Warning] Fixing material name chunk with wrong endianness: objects/Weapons/ap01/ap01, objects/weapons/ap01/ap01.chr
[2014-07-15T12:54:48:681+00] [356.5 MB] [Warning]  bSwapEndian=0, nSubMaterials=0x00000000, nPhysicalizeType=0x00100000, nFlags=0x01000000
[2014-07-15T12:54:48:703+00] [356.7 MB]   19 animation-assets loaded (total assets: 8019)
[2014-07-15T12:54:48:704+00] [356.7 MB] Loading CGF objects/weapons/ap01/ap01_tp.cgf
[2014-07-15T12:54:48:766+00] [356.7 MB] Loading Config file HardwareStatsScreenshot.cfg (d:\game\config\hardwarestatsscreenshot.cfg)
[2014-07-15T12:54:49:000+00] [356.7 MB] [net ] CNetwork::UpdateTick() stall detected, socket manager poll waitTime=64, actionsTime=0
[2014-07-15T12:54:49:048+00] [356.7 MB] [net ] CNetwork::UpdateTick() stall detected, socket manager poll waitTime=65, actionsTime=0
[2014-07-15T12:54:49:054+00] [356.7 MB] [net ] CNetwork::UpdateTick() stall detected, socket manager poll waitTime=65, actionsTime=0
[2014-07-15T12:54:49:063+00] [356.7 MB] [net ] CNetwork::UpdateTick() stall detected, socket manager poll waitTime=65, actionsTime=0
[2014-07-15T12:54:49:069+00] [356.7 MB] [net ] CNetwork::UpdateTick() stall detected, socket manager poll waitTime=65, actionsTime=0
[2014-07-15T12:54:49:072+00] [356.7 MB] [net ] CNetwork::UpdateTick() stall detected, socket manager poll waitTime=65, actionsTime=0
[2014-07-15T12:54:49:074+00] [356.7 MB] [net ] CNetwork::UpdateTick() stall detected, socket manager poll waitTime=65, actionsTime=0
[2014-07-15T12:54:49:075+00] [356.7 MB] [net ] CNetwork::UpdateTick() stall detected, socket manager poll waitTime=65, actionsTime=0
[2014-07-15T12:54:49:077+00] [356.7 MB] [net ] CNetwork::UpdateTick() stall detected, socket manager poll waitTime=66, actionsTime=0
[2014-07-15T12:54:49:079+00] [356.7 MB] [net ] CNetwork::UpdateTick() stall detected, socket manager poll waitTime=65, actionsTime=0
[2014-07-15T12:54:49:080+00] [356.7 MB] [net ] CNetwork::UpdateTick() stall detected, socket manager poll waitTime=65, actionsTime=0
[2014-07-15T12:54:49:082+00] [356.7 MB] [net ] CNetwork::UpdateTick() stall detected, socket manager poll waitTime=66, actionsTime=0
[2014-07-15T12:54:49:086+00] [356.7 MB] [net ] CNetwork::UpdateTick() stall detected, socket manager poll waitTime=65, actionsTime=0
[2014-07-15T12:54:49:089+00] [356.7 MB] [net ] CNetwork::UpdateTick() stall detected, socket manager poll waitTime=66, actionsTime=0
[2014-07-15T12:54:49:090+00] [356.7 MB] [net ] CNetwork::UpdateTick() stall detected, socket manager poll waitTime=66, actionsTime=0
[2014-07-15T12:54:49:094+00] [356.7 MB] [net ] CNetwork::UpdateTick() stall detected, socket manager poll waitTime=66, actionsTime=0
[2014-07-15T12:54:49:097+00] [356.7 MB] [net ] CNetwork::UpdateTick() stall detected, socket manager poll waitTime=65, actionsTime=0
[2014-07-15T12:54:49:100+00] [356.7 MB] [net ] CNetwork::UpdateTick() stall detected, socket manager poll waitTime=66, actionsTime=0
[2014-07-15T12:54:49:107+00] [356.7 MB] [net ] CNetwork::UpdateTick() stall detected, socket manager poll waitTime=65, actionsTime=0
[2014-07-15T12:54:49:111+00] [356.7 MB] [net ] CNetwork::UpdateTick() stall detected, socket manager poll waitTime=65, actionsTime=0
[2014-07-15T12:54:49:112+00] [356.7 MB] [net ] CNetwork::UpdateTick() stall detected, socket manager poll waitTime=65, actionsTime=0
[2014-07-15T12:54:49:115+00] [356.7 MB] [net ] CNetwork::UpdateTick() stall detected, socket manager poll waitTime=65, actionsTime=0
[2014-07-15T12:54:49:119+00] [356.7 MB] [net ] CNetwork::UpdateTick() stall detected, socket manager poll waitTime=65, actionsTime=0
[2014-07-15T12:54:49:122+00] [356.7 MB] [net ] CNetwork::UpdateTick() stall detected, socket manager poll waitTime=66, actionsTime=0
[2014-07-15T12:54:49:125+00] [356.7 MB] [net ] CNetwork::UpdateTick() stall detected, socket manager poll waitTime=66, actionsTime=0
[2014-07-15T12:54:49:129+00] [356.7 MB] [net ] CNetwork::UpdateTick() stall detected, socket manager poll waitTime=66, actionsTime=0
[2014-07-15T12:54:49:132+00] [356.7 MB] [net ] CNetwork::UpdateTick() stall detected, socket manager poll waitTime=66, actionsTime=0
[2014-07-15T12:54:49:133+00] [356.7 MB] [net ] CNetwork::UpdateTick() stall detected, socket manager poll waitTime=66, actionsTime=0
[2014-07-15T12:54:49:138+00] [356.7 MB] [net ] CNetwork::UpdateTick() stall detected, socket manager poll waitTime=65, actionsTime=0
[2014-07-15T12:54:49:141+00] [356.7 MB] [net ] CNetwork::UpdateTick() stall detected, socket manager poll waitTime=66, actionsTime=0
[2014-07-15T12:54:49:144+00] [356.7 MB] [net ] CNetwork::UpdateTick() stall detected, socket manager poll waitTime=65, actionsTime=0
[2014-07-15T12:54:49:151+00] [356.7 MB] [net ] CNetwork::UpdateTick() stall detected, socket manager poll waitTime=65, actionsTime=0
[2014-07-15T12:54:49:154+00] [356.7 MB] [net ] CNetwork::UpdateTick() stall detected, socket manager poll waitTime=65, actionsTime=0
[2014-07-15T12:54:49:155+00] [356.7 MB] [net ] CNetwork::UpdateTick() stall detected, socket manager poll waitTime=66, actionsTime=0
[2014-07-15T12:54:49:159+00] [356.7 MB] [net ] CNetwork::UpdateTick() stall detected, socket manager poll waitTime=65, actionsTime=0
[2014-07-15T12:54:49:163+00] [356.7 MB] [net ] CNetwork::UpdateTick() stall detected, socket manager poll waitTime=65, actionsTime=0
[2014-07-15T12:54:49:166+00] [356.7 MB] [net ] CNetwork::UpdateTick() stall detected, socket manager poll waitTime=66, actionsTime=0
[2014-07-15T12:54:49:170+00] [356.7 MB] [net ] CNetwork::UpdateTick() stall detected, socket manager poll waitTime=65, actionsTime=0
[2014-07-15T12:54:49:173+00] [356.7 MB] [net ] CNetwork::UpdateTick() stall detected, socket manager poll waitTime=66, actionsTime=0
[2014-07-15T12:54:49:176+00] [356.7 MB] [net ] CNetwork::UpdateTick() stall detected, socket manager poll waitTime=65, actionsTime=0
[2014-07-15T12:54:49:178+00] [356.7 MB] [net ] CNetwork::UpdateTick() stall detected, socket manager poll waitTime=65, actionsTime=0
[2014-07-15T12:54:49:182+00] [356.7 MB] [net ] CNetwork::UpdateTick() stall detected, socket manager poll waitTime=66, actionsTime=0
[2014-07-15T12:54:49:186+00] [356.7 MB] [net ] CNetwork::UpdateTick() stall detected, socket manager poll waitTime=65, actionsTime=0
[2014-07-15T12:54:49:189+00] [356.7 MB] [net ] CNetwork::UpdateTick() stall detected, socket manager poll waitTime=65, actionsTime=0
[2014-07-15T12:54:49:193+00] [356.7 MB] [net ] CNetwork::UpdateTick() stall detected, socket manager poll waitTime=65, actionsTime=0
[2014-07-15T12:54:49:196+00] [356.7 MB] [net ] CNetwork::UpdateTick() stall detected, socket manager poll waitTime=66, actionsTime=0
[2014-07-15T12:54:49:199+00] [356.7 MB] [net ] CNetwork::UpdateTick() stall detected, socket manager poll waitTime=65, actionsTime=0
[2014-07-15T12:54:49:200+00] [356.7 MB] [net ] CNetwork::UpdateTick() stall detected, socket manager poll waitTime=65, actionsTime=0
[2014-07-15T12:54:49:204+00] [356.7 MB] [net ] CNetwork::UpdateTick() stall detected, socket manager poll waitTime=65, actionsTime=0
[2014-07-15T12:54:49:207+00] [356.7 MB] [net ] CNetwork::UpdateTick() stall detected, socket manager poll waitTime=65, actionsTime=0
[2014-07-15T12:54:49:211+00] [356.7 MB] [net ] CNetwork::UpdateTick() stall detected, socket manager poll waitTime=64, actionsTime=0
[2014-07-15T12:54:49:217+00] [356.7 MB] [net ] CNetwork::UpdateTick() stall detected, socket manager poll waitTime=66, actionsTime=0
[2014-07-15T12:54:49:220+00] [356.7 MB] [net ] CNetwork::UpdateTick() stall detected, socket manager poll waitTime=67, actionsTime=0
[2014-07-15T12:54:49:221+00] [356.7 MB] [net ] CNetwork::UpdateTick() stall detected, socket manager poll waitTime=66, actionsTime=0
[2014-07-15T12:54:49:222+00] [356.7 MB] [net ] CNetwork::UpdateTick() stall detected, socket manager poll waitTime=65, actionsTime=0
[2014-07-15T12:54:49:226+00] [356.7 MB] [net ] CNetwork::UpdateTick() stall detected, socket manager poll waitTime=66, actionsTime=0
[2014-07-15T12:54:49:229+00] [356.7 MB] [net ] CNetwork::SyncWithGame() took a long time [229], lock=[0], normal=[229], lobby=[0], gotLobbyLock=true
[2014-07-15T12:54:49:251+00] [299.0 MB] [CShaderSerialize] Import Shader: Illum flags: 0x0 mdvFlags: 0x0 from LEVEL cache ShaderCache/x360/Illum.fxb
[2014-07-15T12:54:49:427+00] [299.0 MB] [CShaderSerialize] Import Shader: Terrain flags: 0x200000000 mdvFlags: 0x0 from LEVEL cache ShaderCache/x360/Terrain.fxb
[2014-07-15T12:54:49:449+00] [299.0 MB] [CShaderSerialize] Import Shader: nodraw flags: 0x0 mdvFlags: 0x0 from LEVEL cache ShaderCache/x360/nodraw.fxb
[2014-07-15T12:54:49:485+00] [299.0 MB] [CShaderSerialize] Import Shader: Helper flags: 0x0 mdvFlags: 0x0 from LEVEL cache ShaderCache/x360/Helper.fxb
[2014-07-15T12:54:49:493+00] [299.0 MB] [CShaderSerialize] Import Shader: Cloth flags: 0x8 mdvFlags: 0x0 from LEVEL cache ShaderCache/x360/Cloth.fxb
[2014-07-15T12:54:49:499+00] [299.0 MB] [CShaderSerialize] Import Shader: Illum flags: 0x10000 mdvFlags: 0x0 from LEVEL cache ShaderCache/x360/Illum.fxb
[2014-07-15T12:54:49:519+00] [299.0 MB] [CShaderSerialize] Import Shader: HumanSkin flags: 0x80000 mdvFlags: 0x0 from LEVEL cache ShaderCache/x360/HumanSkin.fxb
[2014-07-15T12:54:49:525+00] [299.0 MB] [CShaderSerialize] Import Shader: Illum flags: 0x90000 mdvFlags: 0x0 from LEVEL cache ShaderCache/x360/Illum.fxb
[2014-07-15T12:54:49:531+00] [299.0 MB] [CShaderSerialize] Import Shader: Illum flags: 0x2 mdvFlags: 0x0 from LEVEL cache ShaderCache/x360/Illum.fxb
[2014-07-15T12:54:49:535+00] [299.0 MB] [CShaderSerialize] Import Shader: Illum flags: 0x80008 mdvFlags: 0x0 from LEVEL cache ShaderCache/x360/Illum.fxb
[2014-07-15T12:54:49:538+00] [299.0 MB] [CShaderSerialize] Import Shader: Glass flags: 0x1000010010 mdvFlags: 0x0 from LEVEL cache ShaderCache/x360/Glass.fxb
[2014-07-15T12:54:49:575+00] [299.1 MB] [CShaderSerialize] Import Shader: Illum flags: 0x10002 mdvFlags: 0x0 from LEVEL cache ShaderCache/x360/Illum.fxb
[2014-07-15T12:54:49:592+00] [323.7 MB] [CShaderSerialize] Import Shader: VoxTerrain flags: 0x200000000 mdvFlags: 0x0 from LEVEL cache ShaderCache/x360/VoxTerrain.fxb
[2014-07-15T12:54:49:594+00] [323.8 MB] [CShaderSerialize] Import Shader: FogVolume flags: 0x0 mdvFlags: 0x0 from LEVEL cache ShaderCache/x360/FogVolume.fxb
[2014-07-15T12:54:49:597+00] [323.8 MB] [CShaderSerialize] Import Shader: Stars flags: 0x0 mdvFlags: 0x0 from LEVEL cache ShaderCache/x360/Stars.fxb
[2014-07-15T12:54:49:600+00] [324.1 MB] [CShaderSerialize] Import Shader: Illum flags: 0x40000 mdvFlags: 0x0 from LEVEL cache ShaderCache/x360/Illum.fxb
[2014-07-15T12:54:49:603+00] [324.1 MB] [Error] Failed to load texture Unknown': format 'objects/weapons/grenades/fg01/textures/fg01_tp_ddn.dds' is not supported
[2014-07-15T12:54:49:605+00] [324.1 MB] [Error] Failed to load texture Unknown': format 'objects/weapons/grenades/sg01/textures/sg01_tp_ddn.dds' is not supported
[2014-07-15T12:54:49:611+00] [324.2 MB] [Error] Failed to load texture Unknown': format 'objects/weapons/cm01/textures/cm01_ddn.dds' is not supported
[2014-07-15T12:54:49:614+00] [324.2 MB] [CShaderSerialize] Import Shader: Illum flags: 0x80002 mdvFlags: 0x0 from LEVEL cache ShaderCache/x360/Illum.fxb
[2014-07-15T12:54:49:617+00] [324.2 MB] [Error] Failed to load texture Unknown': format 'objects/weapons/cm02/textures/cm02_tp_ammo_ddn.dds' is not supported
[2014-07-15T12:54:49:619+00] [324.2 MB] [Error] Failed to load texture Unknown': format 'objects/weapons/grenades/fg02/textures/fg02_tp_ddn.dds' is not supported
[2014-07-15T12:54:49:622+00] [324.2 MB] [Error] Failed to load texture Unknown': format 'objects/weapons/grenades/fg_baseball/textures/fg_baseball_tp_ddn.dds' is not supported
[2014-07-15T12:54:49:625+00] [324.2 MB] [Error] Failed to load texture Unknown': format 'objects/weapons/grenades/fg01_xmas/textures/fg01_xmas_tp_ddn.dds' is not supported
[2014-07-15T12:54:49:627+00] [324.3 MB] [Error] Failed to load texture Unknown': format 'objects/weapons/grenades/fg05_zong/textures/fg05_zong_tp_ddn.dds' is not supported
[2014-07-15T12:54:49:630+00] [324.3 MB] [Error] Failed to load texture Unknown': format 'objects/weapons/grenades/fl01/textures/fl01_tp_ddn.dds' is not supported
[2014-07-15T12:54:49:633+00] [324.9 MB] [Error] Failed to load texture Unknown': format 'objects/weapons/grenades/fl02/textures/fl02_tp_ddn.dds' is not supported
[2014-07-15T12:54:49:636+00] [324.9 MB] [CShaderSerialize] Import Shader: Metal flags: 0x10008 mdvFlags: 0x0 from LEVEL cache ShaderCache/x360/Metal.fxb
[2014-07-15T12:54:49:638+00] [325.0 MB] [Error] Failed to load texture Unknown': format 'objects/weapons/grenades/kng01/textures/kng01_ddn.dds' is not supported
[2014-07-15T12:54:49:648+00] [325.0 MB] [CShaderSerialize] Import Shader: Illum_weapons flags: 0x90008 mdvFlags: 0x0 from LEVEL cache ShaderCache/x360/Illum_weapons.fxb
[2014-07-15T12:54:49:650+00] [325.0 MB] [Error] Failed to load texture Unknown': format 'objects/weapons/grenades/kng02/textures/kng02_ddn.dds' is not supported
[2014-07-15T12:54:49:653+00] [325.0 MB] [Error] Failed to load texture Unknown': format 'objects/weapons/grenades/sg02/textures/sg02_tp_ddn.dds' is not supported
[2014-07-15T12:54:49:685+00] [325.0 MB] [Error] Failed to load texture Unknown': format 'objects/weapons/grenades/sg03/textures/sg03_tp_ddn.dds' is not supported
[2014-07-15T12:54:49:688+00] [325.1 MB] [Error] Failed to load texture Unknown': format 'objects/weapons/grenades/sg04/textures/sg04_tp_ddn.dds' is not supported
[2014-07-15T12:54:49:693+00] [325.1 MB] [Error] Failed to load texture Unknown': format 'objects/weapons/grenades/sg01_bra01/textures/sg01_bra01_tp_ddn.dds' is not supported
[2014-07-15T12:54:49:696+00] [325.5 MB] [Error] Failed to load texture Unknown': format 'objects/weapons/shells/shell_5,56mm/textures/shell_5,56mm_ddn.dds' is not supported
[2014-07-15T12:54:49:699+00] [325.5 MB] [CShaderSerialize] Import Shader: Illum flags: 0x8090008 mdvFlags: 0x0 from LEVEL cache ShaderCache/x360/Illum.fxb
[2014-07-15T12:54:49:702+00] [325.5 MB] [CShaderSerialize] Import Shader: Templbeamproc flags: 0x2 mdvFlags: 0x0 from LEVEL cache ShaderCache/x360/Templbeamproc.fxb
[2014-07-15T12:54:49:705+00] [325.6 MB] [CShaderSerialize] Import Shader: Particles flags: 0x0 mdvFlags: 0x0 from LEVEL cache ShaderCache/x360/Particles.fxb
[2014-07-15T12:54:49:818+00] [325.6 MB] [CShaderSerialize] Import Shader: Templbeamproc flags: 0x3 mdvFlags: 0x0 from LEVEL cache ShaderCache/x360/Templbeamproc.fxb
[2014-07-15T12:54:49:820+00] [325.6 MB] [Error] Failed to load texture Unknown': format 'textures/sprites/fire/fire_blur_a_ddn.dds' is not supported
[2014-07-15T12:54:49:823+00] [325.6 MB] [CShaderSerialize] Import Shader: Particles flags: 0x4 mdvFlags: 0x0 from LEVEL cache ShaderCache/x360/Particles.fxb
[2014-07-15T12:54:49:859+00] [325.8 MB] [Error] Failed to load texture Unknown': format 'objects/weapons/shells/shell_7,62x39/textures/shell_7,62x39_ddn.dds' is not supported
[2014-07-15T12:54:49:865+00] [325.8 MB] [CShaderSerialize] Import Shader: Illum flags: 0x90008 mdvFlags: 0x0 from LEVEL cache ShaderCache/x360/Illum.fxb
[2014-07-15T12:54:49:871+00] [326.0 MB] [Error] Failed to load texture Unknown': format 'objects/weapons/shells/shell_9mm/textures/shell_9mm_ddn.dds' is not supported
[2014-07-15T12:54:49:876+00] [326.0 MB] [CShaderSerialize] Import Shader: Particles flags: 0x20 mdvFlags: 0x0 from LEVEL cache ShaderCache/x360/Particles.fxb
[2014-07-15T12:54:49:882+00] [326.1 MB] [Error] Failed to load texture Unknown': format 'objects/weapons/shells/shell_7,62x51/textures/shell_7,62x51_ddn.dds' is not supported
[2014-07-15T12:54:49:888+00] [326.6 MB] [Error] Failed to load texture Unknown': format 'textures/sprites/ddn/wave_c_ddn.dds' is not supported
[2014-07-15T12:54:49:894+00] [326.6 MB] [Error] Failed to load texture Unknown': format 'textures/sprites/ddn/wave_a_ddn.dds' is not supported
[2014-07-15T12:54:49:899+00] [326.8 MB] [Error] Failed to load texture Unknown': format 'objects/weapons/shells/shell_50bmg/textures/shell_50bmg_ddn.dds' is not supported
[2014-07-15T12:54:49:905+00] [326.8 MB] [Error] Failed to load texture Unknown': format 'objects/weapons/shells/shell_clip/textures/shell_clip_ddn.dds' is not supported
[2014-07-15T12:54:49:911+00] [326.8 MB] [CShaderSerialize] Import Shader: Illum flags: 0x50000 mdvFlags: 0x0 from LEVEL cache ShaderCache/x360/Illum.fxb
[2014-07-15T12:54:49:917+00] [328.0 MB] [Error] Failed to load texture Unknown': format 'textures/sprites/ddn/refraction_a_ddn.dds' is not supported
[2014-07-15T12:54:49:923+00] [328.3 MB] [Error] Failed to load texture Unknown': format 'objects/weapons/shells/shell_shotgun/textures/shotgun_shell_ddn.dds' is not supported
[2014-07-15T12:54:49:929+00] [328.9 MB] [CShaderSerialize] Import Shader: Particles flags: 0x10 mdvFlags: 0x0 from LEVEL cache ShaderCache/x360/Particles.fxb
[2014-07-15T12:54:49:935+00] [329.7 MB] [Error] Failed to load texture Unknown': format 'objects/weapons/shells/shell_7,62x54/textures/shell_7,62x54_ddn.dds' is not supported
[2014-07-15T12:54:49:940+00] [330.4 MB] [CShaderSerialize] Import Shader: Illum flags: 0x800 mdvFlags: 0x0 from LEVEL cache ShaderCache/x360/Illum.fxb
[2014-07-15T12:54:49:949+00] [330.4 MB] [Error] Failed to load texture Unknown': format 'textures/decals/asphalt_broken_a_ddn.dds' is not supported
[2014-07-15T12:54:49:955+00] [330.4 MB] [CShaderSerialize] Import Shader: Illum flags: 0x80800 mdvFlags: 0x0 from LEVEL cache ShaderCache/x360/Illum.fxb
[2014-07-15T12:54:49:961+00] [330.4 MB] [Error] Failed to load texture Unknown': format 'textures/decals/asphalt_broken_b_ddn.dds' is not supported
[2014-07-15T12:54:49:967+00] [330.4 MB] [Error] Failed to load texture Unknown': format 'textures/decals/asphalt_broken_c_ddn.dds' is not supported
[2014-07-15T12:54:49:973+00] [330.4 MB] [CShaderSerialize] Import Shader: Illum flags: 0x840 mdvFlags: 0x0 from LEVEL cache ShaderCache/x360/Illum.fxb
[2014-07-15T12:54:49:978+00] [330.5 MB] [Error] Failed to load texture Unknown': format 'textures/decals/bullets_holle_a_ddn.dds' is not supported
[2014-07-15T12:54:49:981+00] [330.5 MB] [Error] Failed to load texture Unknown': format 'textures/decals/bullets_holle_b_ddn.dds' is not supported
[2014-07-15T12:54:49:985+00] [330.5 MB] [Error] Failed to load texture Unknown': format 'textures/decals/burned_ground_a_ddn.dds' is not supported
[2014-07-15T12:54:49:989+00] [330.7 MB] [Error] Failed to load texture Unknown': format 'textures/decals/burned_ground_b_ddn.dds' is not supported
[2014-07-15T12:54:49:993+00] [330.7 MB] [Error] Failed to load texture Unknown': format 'textures/decals/particles/concrete_plain_b_ddn.dds' is not supported
[2014-07-15T12:54:49:996+00] [330.7 MB] [Error] Failed to load texture Unknown': format 'textures/decals/particles/concrete_white_a_ddn.dds' is not supported
[2014-07-15T12:54:49:999+00] [330.7 MB] [Error] Failed to load texture Unknown': format 'textures/decals/particles/concrete_white_b_ddn.dds' is not supported
[2014-07-15T12:54:50:002+00] [330.7 MB] [Error] Failed to load texture Unknown': format 'textures/decals/particles/concrete_white_c_ddn.dds' is not supported
[2014-07-15T12:54:50:009+00] [330.7 MB] [Error] Failed to load texture Unknown': format 'textures/decals/dirt_on_road_a_ddn.dds' is not supported
[2014-07-15T12:54:50:012+00] [330.7 MB] [Error] Failed to load texture Unknown': format 'textures/decals/dirt_on_road_b_ddn.dds' is not supported
[2014-07-15T12:54:50:016+00] [330.7 MB] [CShaderSerialize] Import Shader: Illum flags: 0x90800 mdvFlags: 0x0 from LEVEL cache ShaderCache/x360/Illum.fxb
[2014-07-15T12:54:50:019+00] [330.8 MB] [Error] Failed to load texture Unknown': format 'textures/decals/particles/footprint_sand_left_ddn.dds' is not supported
[2014-07-15T12:54:50:023+00] [330.8 MB] [Error] Failed to load texture Unknown': format 'textures/decals/garbage_a_ddn.dds' is not supported
[2014-07-15T12:54:50:027+00] [330.8 MB] [Error] Failed to load texture Unknown': format 'textures/decals/garbage_b_ddn.dds' is not supported
[2014-07-15T12:54:50:030+00] [330.8 MB] [Error] Failed to load texture Unknown': format 'textures/decals/garbage_c_ddn.dds' is not supported
[2014-07-15T12:54:50:033+00] [330.8 MB] [Error] Failed to load texture Unknown': format 'textures/decals/particles/glass_ddn.dds' is not supported
[2014-07-15T12:54:50:037+00] [330.8 MB] [CShaderSerialize] Import Shader: Illum flags: 0x10800 mdvFlags: 0x0 from LEVEL cache ShaderCache/x360/Illum.fxb
[2014-07-15T12:54:50:040+00] [330.8 MB] [Error] Failed to load texture Unknown': format 'textures/decals/particles/glass_b_ddn.dds' is not supported
[2014-07-15T12:54:50:044+00] [330.8 MB] [Error] Failed to load texture Unknown': format 'textures/decals/particles/glass_c_ddn.dds' is not supported
[2014-07-15T12:54:50:047+00] [330.8 MB] [Error] Failed to load texture Unknown': format 'textures/decals/grain_a_ddn.dds' is not supported
[2014-07-15T12:54:50:050+00] [330.8 MB] [Error] Failed to load texture Unknown': format 'textures/decals/particles/rock_sandy_b_ddn.dds' is not supported
[2014-07-15T12:54:50:055+00] [330.8 MB] [Error] Failed to load texture Unknown': format 'textures/decals/particles/human_body_ddn.dds' is not supported
[2014-07-15T12:54:50:061+00] [330.8 MB] [Error] Failed to load texture Unknown': format 'textures/decals/metal/metal_scretched_a_ddn.dds' is not supported
[2014-07-15T12:54:50:066+00] [330.8 MB] [Error] Failed to load texture Unknown': format 'textures/decals/particles/metal_tin_ddn.dds' is not supported
[2014-07-15T12:54:50:069+00] [330.8 MB] [Error] Failed to load texture Unknown': format 'textures/decals/notes_ddn.dds' is not supported
[2014-07-15T12:54:50:072+00] [330.8 MB] [CShaderSerialize] Import Shader: Illum flags: 0x40800 mdvFlags: 0x0 from LEVEL cache ShaderCache/x360/Illum.fxb
[2014-07-15T12:54:50:077+00] [330.8 MB] [Error] Failed to load texture Unknown': format 'textures/decals/paper_ddn.dds' is not supported
[2014-07-15T12:54:50:080+00] [330.8 MB] [Error] Failed to load texture Unknown': format 'textures/decals/particles/plastic_ddn.dds' is not supported
[2014-07-15T12:54:50:084+00] [330.8 MB] [Error] Failed to load texture Unknown': format 'textures/decals/particles/plastic_b_ddn.dds' is not supported
[2014-07-15T12:54:50:088+00] [330.8 MB] [CShaderSerialize] Import Shader: Illum flags: 0x90808 mdvFlags: 0x0 from LEVEL cache ShaderCache/x360/Illum.fxb
[2014-07-15T12:54:50:091+00] [330.9 MB] [Error] Failed to load texture Unknown': format 'textures/decals/dirt_on_road_c_ddn.dds' is not supported
[2014-07-15T12:54:50:094+00] [330.9 MB] [Error] Failed to load texture Unknown': format 'textures/decals/tank_track_a_ddn.dds' is not supported
[2014-07-15T12:54:50:099+00] [330.9 MB] [Error] Failed to load texture Unknown': format 'textures/decals/tank_track_b_ddn.dds' is not supported
[2014-07-15T12:54:50:103+00] [330.9 MB] [Error] Failed to load texture Unknown': format 'textures/decals/tank_track_c_ddn.dds' is not supported
[2014-07-15T12:54:50:106+00] [330.9 MB] [Error] Failed to load texture Unknown': format 'textures/decals/general_trash_ddn.dds' is not supported
[2014-07-15T12:54:50:110+00] [330.9 MB] [Error] Failed to load texture Unknown': format 'textures/decals/cable_trash_ddn.dds' is not supported
[2014-07-15T12:54:50:113+00] [330.9 MB] [Error] Failed to load texture Unknown': format 'textures/decals/trash_decal_a_ddn.dds' is not supported
[2014-07-15T12:54:50:116+00] [330.9 MB] [Error] Failed to load texture Unknown': format 'textures/decals/trash_decal_b_ddn.dds' is not supported
[2014-07-15T12:54:50:121+00] [330.9 MB] [Error] Failed to load texture Unknown': format 'textures/decals/trash_decal_c_ddn.dds' is not supported
[2014-07-15T12:54:50:125+00] [330.9 MB] [Error] Failed to load texture Unknown': format 'textures/decals/wall_crack_a_ddn.dds' is not supported
[2014-07-15T12:54:50:128+00] [330.9 MB] [Error] Failed to load texture Unknown': format 'textures/decals/wall_crack_b_ddn.dds' is not supported
[2014-07-15T12:54:50:132+00] [331.0 MB] [Error] Failed to load texture Unknown': format 'textures/decals/wall_crack_c_ddn.dds' is not supported
[2014-07-15T12:54:50:230+00] [331.0 MB] [Error] Failed to load texture Unknown': format 'textures/decals/wood/wood_hit_a_ddn.dds' is not supported
[2014-07-15T12:54:50:393+00] [331.0 MB] [Error] Failed to load texture Unknown': format 'textures/decals/wood/wood_hit_b_ddn.dds' is not supported
[2014-07-15T12:54:50:399+00] [331.0 MB] [Error] Failed to load texture Unknown': format 'textures/decals/branches/branch_a_ddn.dds' is not supported
[2014-07-15T12:54:50:405+00] [331.0 MB] [Error] Failed to load texture Unknown': format 'textures/decals/branches/branch_b_ddn.dds' is not supported
[2014-07-15T12:54:50:411+00] [331.0 MB] [Error] Failed to load texture Unknown': format 'textures/decals/branches/branch_c_ddn.dds' is not supported
[2014-07-15T12:54:50:417+00] [331.2 MB] [Error] Failed to load texture Unknown': format 'textures/decals/broken_plaster/wall_broken_plaster_a_ddn.dds' is not supported
[2014-07-15T12:54:50:423+00] [331.2 MB] [Error] Failed to load texture Unknown': format 'textures/decals/broken_plaster/wall_broken_plaster_b_ddn.dds' is not supported
[2014-07-15T12:54:50:429+00] [331.2 MB] [Error] Failed to load texture Unknown': format 'textures/decals/broken_plaster/wall_broken_plaster_c_ddn.dds' is not supported
[2014-07-15T12:54:50:437+00] [331.2 MB] [Error] Failed to load texture Unknown': format 'textures/decals/broken_plaster/wall_broken_plaster_d_ddn.dds' is not supported
[2014-07-15T12:54:50:443+00] [331.2 MB] [Error] Failed to load texture Unknown': format 'textures/decals/broken_plaster/wall_broken_plaster_e_ddn.dds' is not supported
[2014-07-15T12:54:50:448+00] [331.2 MB] [Error] Failed to load texture Unknown': format 'textures/decals/paint/wall_old_paint_a_ddn.dds' is not supported
[2014-07-15T12:54:50:454+00] [331.2 MB] [Error] Failed to load texture Unknown': format 'textures/terrain/decals/dirt_on_road_17_ddn.dds' is not supported
[2014-07-15T12:54:50:460+00] [331.2 MB] [Error] Failed to load texture Unknown': format 'textures/terrain/decals/dirt_on_road_4_ddn.dds' is not supported
[2014-07-15T12:54:50:466+00] [331.6 MB] [CShaderSerialize] Import Shader: Illum flags: 0x2000000000 mdvFlags: 0x0 from LEVEL cache ShaderCache/x360/Illum.fxb
[2014-07-15T12:54:50:471+00] [331.7 MB] [CShaderSerialize] Import Shader: Illum flags: 0x12000 mdvFlags: 0x0 from LEVEL cache ShaderCache/x360/Illum.fxb
[2014-07-15T12:54:50:477+00] [331.7 MB] [CShaderSerialize] Import Shader: Illum flags: 0x2000002000 mdvFlags: 0x0 from LEVEL cache ShaderCache/x360/Illum.fxb
[2014-07-15T12:54:50:483+00] [331.7 MB] [Error] Failed to load texture Unknown': format 'objects/architecture/lobby/ceiling/textures/metal_structure_ddn.dds' is not supported
[2014-07-15T12:54:50:489+00] [331.7 MB] [Error] Failed to load texture Unknown': format 'objects/architecture/lobby/stairs/textures/metal_floor_ddn.dds' is not supported
[2014-07-15T12:54:50:495+00] [331.7 MB] [CShaderSerialize] Import Shader: Illum flags: 0x400000010000 mdvFlags: 0x0 from LEVEL cache ShaderCache/x360/Illum.fxb
[2014-07-15T12:54:50:500+00] [331.7 MB] [Error] Failed to load texture Unknown': format 'objects/architecture/lobby/pipes/textures/fat_pipes_ddn.dds' is not supported
[2014-07-15T12:54:50:506+00] [331.7 MB] [CShaderSerialize] Import Shader: Illum flags: 0x12004 mdvFlags: 0x0 from LEVEL cache ShaderCache/x360/Illum.fxb
[2014-07-15T12:54:50:509+00] [331.7 MB] [CShaderSerialize] Import Shader: Illum flags: 0x2000010000 mdvFlags: 0x0 from LEVEL cache ShaderCache/x360/Illum.fxb
[2014-07-15T12:54:50:512+00] [331.8 MB] [CShaderSerialize] Import Shader: Illum flags: 0x400000002000 mdvFlags: 0x0 from LEVEL cache ShaderCache/x360/Illum.fxb
[2014-07-15T12:54:50:517+00] [331.8 MB] [Error] Failed to load texture Unknown': format 'objects/architecture/lobby/stairs/textures/metal_ddn.dds' is not supported
[2014-07-15T12:54:50:520+00] [331.8 MB] [CShaderSerialize] Import Shader: Illum flags: 0x400000012000 mdvFlags: 0x0 from LEVEL cache ShaderCache/x360/Illum.fxb
[2014-07-15T12:54:50:523+00] [332.0 MB] [CShaderSerialize] Import Shader: Illum flags: 0x400000092000 mdvFlags: 0x0 from LEVEL cache ShaderCache/x360/Illum.fxb
[2014-07-15T12:54:50:527+00] [332.0 MB] [Error] Failed to load texture Unknown': format 'objects/architecture/kosovo_city/construction/construction_building/textures/construction_brick_ddn.dds' is not supported
[2014-07-15T12:54:50:530+00] [332.0 MB] [CShaderSerialize] Import Shader: Illum flags: 0x2000 mdvFlags: 0x0 from LEVEL cache ShaderCache/x360/Illum.fxb
[2014-07-15T12:54:50:533+00] [332.0 MB] [Error] Failed to load texture Unknown': format 'objects/props/lobby/racks/textures/racks_ddn.dds' is not supported
[2014-07-15T12:54:50:538+00] [332.0 MB] [Error] Failed to load texture Unknown': format 'objects/architecture/lobby/walls/textures/bricks_ddn.dds' is not supported
[2014-07-15T12:54:50:545+00] [332.0 MB] [Error] Failed to load texture Unknown': format 'objects/architecture/kosovo_city/textures/window_hangar_ddn.dds' is not supported
[2014-07-15T12:54:50:548+00] [332.0 MB] [CShaderSerialize] Import Shader: Illum flags: 0x2000090000 mdvFlags: 0x0 from LEVEL cache ShaderCache/x360/Illum.fxb
[2014-07-15T12:54:50:553+00] [332.0 MB] [CShaderSerialize] Import Shader: Illum flags: 0x402000012000 mdvFlags: 0x0 from LEVEL cache ShaderCache/x360/Illum.fxb
[2014-07-15T12:54:50:557+00] [332.2 MB] [Error] Failed to load texture Unknown': format 'objects/architecture/lobby/walls/textures/garage_door_metal_ddn.dds' is not supported
[2014-07-15T12:54:50:561+00] [332.2 MB] [CShaderSerialize] Import Shader: Illum flags: 0x2000080000 mdvFlags: 0x0 from LEVEL cache ShaderCache/x360/Illum.fxb
[2014-07-15T12:54:50:564+00] [332.2 MB] [CShaderSerialize] Import Shader: Illum flags: 0x402000092000 mdvFlags: 0x0 from LEVEL cache ShaderCache/x360/Illum.fxb
[2014-07-15T12:54:50:567+00] [332.2 MB] [CShaderSerialize] Import Shader: Illum flags: 0x8 mdvFlags: 0x0 from LEVEL cache ShaderCache/x360/Illum.fxb
[2014-07-15T12:54:50:570+00] [332.2 MB] [CShaderSerialize] Import Shader: Illum flags: 0x402000000002 mdvFlags: 0x0 from LEVEL cache ShaderCache/x360/Illum.fxb
[2014-07-15T12:54:50:573+00] [332.4 MB] [CShaderSerialize] Import Shader: Illum flags: 0x402000010000 mdvFlags: 0x0 from LEVEL cache ShaderCache/x360/Illum.fxb
[2014-07-15T12:54:50:578+00] [332.4 MB] [Error] Failed to load texture Unknown': format 'objects/props/jugs/textures/jug_ddn.dds' is not supported
[2014-07-15T12:54:50:581+00] [332.4 MB] [CShaderSerialize] Import Shader: Illum flags: 0x402000000000 mdvFlags: 0x0 from LEVEL cache ShaderCache/x360/Illum.fxb
[2014-07-15T12:54:50:585+00] [332.5 MB] [CShaderSerialize] Import Shader: Illum flags: 0x2000040000 mdvFlags: 0x0 from LEVEL cache ShaderCache/x360/Illum.fxb
[2014-07-15T12:54:50:588+00] [332.5 MB] [Error] Failed to load texture Unknown': format 'objects/vehicles/special/challenger/textures/challenger_ddn.dds' is not supported
[2014-07-15T12:54:50:594+00] [332.5 MB] [Error] Failed to load texture Unknown': format 'objects/vehicles/special/challenger/textures/challenger_tracks_ddn.dds' is not supported
[2014-07-15T12:54:50:599+00] [332.5 MB] [CShaderSerialize] Import Shader: Illum flags: 0x2000000800 mdvFlags: 0x0 from LEVEL cache ShaderCache/x360/Illum.fxb
[2014-07-15T12:54:50:605+00] [332.6 MB] [CShaderSerialize] Import Shader: Templbeamproc flags: 0x0 mdvFlags: 0x0 from LEVEL cache ShaderCache/x360/Templbeamproc.fxb
[2014-07-15T12:54:50:610+00] [332.6 MB] [CShaderSerialize] Import Shader: Vegetation flags: 0x800400800000 mdvFlags: 0x0 from LEVEL cache ShaderCache/x360/Vegetation.fxb
[2014-07-15T12:54:50:616+00] [332.7 MB] [CShaderSerialize] Import Shader: Vegetation flags: 0x400000000 mdvFlags: 0x0 from LEVEL cache ShaderCache/x360/Vegetation.fxb
[2014-07-15T12:54:50:621+00] [332.7 MB] [Error] Failed to load texture Unknown': format 'objects/architecture/china_city/textures/china_city_metal_ddn.dds' is not supported
[2014-07-15T12:54:50:628+00] [332.7 MB] [Error] Failed to load texture Unknown': format 'objects/props/barrels/metal_barrel/textures/metal_barrel_ddn.dds' is not supported
[2014-07-15T12:54:50:631+00] [332.7 MB] [CShaderSerialize] Import Shader: Illum flags: 0x402000002000 mdvFlags: 0x0 from LEVEL cache ShaderCache/x360/Illum.fxb
[2014-07-15T12:54:50:634+00] [332.7 MB] [Error] Failed to load texture Unknown': format 'objects/props/containers/wharf_containers/textures/wharf_containers_net_ddn.dds' is not supported
[2014-07-15T12:54:50:639+00] [332.7 MB] [Error] Failed to load texture Unknown': format 'objects/props/bicycle/textures/bicycle_ddn.dds' is not supported
[2014-07-15T12:54:50:644+00] [332.7 MB] [Error] Failed to load texture Unknown': format 'objects/props/brick_pallet/textures/brick_pallet_ddn.dds' is not supported
[2014-07-15T12:54:50:647+00] [332.8 MB] [Error] Failed to load texture Unknown': format 'objects/props/electronics_device/textures/box_metal_ddn.dds' is not supported
[2014-07-15T12:54:50:650+00] [332.8 MB] [Error] Failed to load texture Unknown': format 'objects/props/containers/cargo_container/textures/cargo_container_side_ddn.dds' is not supported
[2014-07-15T12:54:50:654+00] [332.8 MB] [Error] Failed to load texture Unknown': format 'objects/props/fences/metal_fence/textures/metal_sheet_fence_ddn.dds' is not supported
[2014-07-15T12:54:50:661+00] [332.8 MB] [Error] Failed to load texture Unknown': format 'objects/props/fences/safety_barrier/textures/safety_barrier_ddn.dds' is not supported
[2014-07-15T12:54:50:761+00] [332.8 MB] [Error] Failed to load texture Unknown': format 'objects/architecture/kosovo_city/doors/textures/admin_door_ddn.dds' is not supported
[2014-07-15T12:54:50:938+00] [332.9 MB] [Error] Failed to load texture Unknown': format 'objects/props/lobby/briefdesk_chair/textures/briefdesk_chair_ddn.dds' is not supported
[2014-07-15T12:54:50:943+00] [333.0 MB] [CShaderSerialize] Import Shader: Monitor flags: 0x0 mdvFlags: 0x0 from LEVEL cache ShaderCache/x360/Monitor.fxb
[2014-07-15T12:54:50:949+00] [333.0 MB] [Error] Failed to load texture Unknown': format 'objects/props/lobby/ceiling_fan/textures/ceiling_fan_a_ddn.dds' is not supported
[2014-07-15T12:54:50:955+00] [333.0 MB] [Error] Failed to load texture Unknown': format 'objects/props/lobby/dartboard/textures/dartboard_ddn.dds' is not supported
[2014-07-15T12:54:50:961+00] [333.1 MB] [Error] Failed to load texture Unknown': format 'objects/props/lobby/gun_box/textures/gun_box_ddn.dds' is not supported
[2014-07-15T12:54:50:967+00] [333.2 MB] [Error] Failed to load texture Unknown': format 'objects/props/lobby/gym/textures/gym_equip_ddn.dds' is not supported
[2014-07-15T12:54:50:973+00] [333.2 MB] [Error] Failed to load texture Unknown': format 'objects/props/lobby/gym/textures/rubber_matte_ddn.dds' is not supported
[2014-07-15T12:54:50:979+00] [333.2 MB] [CShaderSerialize] Import Shader: Illum flags: 0x92000 mdvFlags: 0x0 from LEVEL cache ShaderCache/x360/Illum.fxb
[2014-07-15T12:54:50:984+00] [333.2 MB] [CShaderSerialize] Import Shader: Illum flags: 0x80000 mdvFlags: 0x0 from LEVEL cache ShaderCache/x360/Illum.fxb
[2014-07-15T12:54:50:991+00] [333.2 MB] [CShaderSerialize] Import Shader: Illum flags: 0xd0000 mdvFlags: 0x0 from LEVEL cache ShaderCache/x360/Illum.fxb
[2014-07-15T12:54:50:996+00] [333.3 MB] [CShaderSerialize] Import Shader: Illum flags: 0xd2000 mdvFlags: 0x0 from LEVEL cache ShaderCache/x360/Illum.fxb
[2014-07-15T12:54:51:002+00] [333.3 MB] [Error] Failed to load texture Unknown': format 'objects/props/lobby/kitchen/textures/kitchen_ddn.dds' is not supported
[2014-07-15T12:54:51:008+00] [333.3 MB] [Error] Failed to load texture Unknown': format 'objects/props/lobby/microvawe/textures/microwave_ddn.dds' is not supported
[2014-07-15T12:54:51:014+00] [333.3 MB] [Error] Failed to load texture Unknown': format 'objects/props/lobby/pinball/textures/pinball_ddn.dds' is not supported
[2014-07-15T12:54:51:020+00] [333.4 MB] [Error] Failed to load texture Unknown': format 'objects/props/lobby/racks_equip/textures/racks_equipment_ddn.dds' is not supported
[2014-07-15T12:54:51:026+00] [333.4 MB] [Error] Failed to load texture Unknown': format 'objects/props/lobby/sofa_armchair/textures/sofa_a_ddn.dds' is not supported
[2014-07-15T12:54:51:031+00] [333.4 MB] [Error] Failed to load texture Unknown': format 'objects/props/lobby/sound_blockers/textures/sound_blockers_ddn.dds' is not supported
[2014-07-15T12:54:51:037+00] [333.4 MB] [Error] Failed to load texture Unknown': format 'objects/props/lobby/stadion_lights/textures/stadion_lights_ddn.dds' is not supported
[2014-07-15T12:54:51:043+00] [333.5 MB] [CShaderSerialize] Import Shader: Templbeamproc flags: 0x1 mdvFlags: 0x0 from LEVEL cache ShaderCache/x360/Templbeamproc.fxb
[2014-07-15T12:54:51:048+00] [333.5 MB] [Error] Failed to load texture Unknown': format 'objects/props/lobby/trash_can/textures/trash_can_ddn.dds' is not supported
[2014-07-15T12:54:51:052+00] [333.5 MB] [CShaderSerialize] Import Shader: Illum flags: 0x2000012000 mdvFlags: 0x0 from LEVEL cache ShaderCache/x360/Illum.fxb
[2014-07-15T12:54:51:055+00] [333.5 MB] [Error] Failed to load texture Unknown': format 'objects/props/market/bottles/texture/bottles_water_ddn.dds' is not supported
[2014-07-15T12:54:51:058+00] [333.5 MB] [Error] Failed to load texture Unknown': format 'objects/props/market/carton_boxes/textures/carton_ddn.dds' is not supported
[2014-07-15T12:54:51:063+00] [333.5 MB] [Error] Failed to load texture Unknown': format 'objects/props/market/tent/textures/market_props_ddn.dds' is not supported
[2014-07-15T12:54:51:067+00] [333.5 MB] [Error] Failed to load texture Unknown': format 'objects/props/market/vegetables_pack/textures/vegatables_pack_ddn.dds' is not supported
[2014-07-15T12:54:51:070+00] [333.6 MB] [Error] Failed to load texture Unknown': format 'objects/props/tyre/textures/tyre_ddn.dds' is not supported
[2014-07-15T12:54:51:074+00] [333.6 MB] [Error] Failed to load texture Unknown': format 'objects/props/ventilation/textures/ventilation_big_ddn.dds' is not supported
[2014-07-15T12:54:51:077+00] [333.7 MB] [CShaderSerialize] Import Shader: Illum flags: 0x400000000000 mdvFlags: 0x0 from LEVEL cache ShaderCache/x360/Illum.fxb
[2014-07-15T12:54:51:080+00] [333.7 MB] [Error] Failed to load texture Unknown': format 'objects/props/wooden_box/textures/wooden_box_medium_ddn.dds' is not supported
[2014-07-15T12:54:51:083+00] [333.7 MB] [Error] Failed to load texture Unknown': format 'objects/props/wooden_stairs/textures/wood_stairs_ddn.dds' is not supported
[2014-07-15T12:54:51:090+00] [333.7 MB] [Error] Failed to load texture Unknown': format 'objects/vehicles/ch-47/textures/body_a_ddn.dds' is not supported
[2014-07-15T12:54:51:094+00] [333.7 MB] [Error] Failed to load texture Unknown': format 'objects/vehicles/ch-47/textures/interior_ddn.dds' is not supported
[2014-07-15T12:54:51:098+00] [333.7 MB] [CShaderSerialize] Import Shader: Cloth flags: 0x6000000000 mdvFlags: 0x0 from LEVEL cache ShaderCache/x360/Cloth.fxb
[2014-07-15T12:54:51:101+00] [333.8 MB] [Error] Failed to load texture Unknown': format 'objects/vehicles/ch-47/textures/roof_ddn.dds' is not supported
[2014-07-15T12:54:51:107+00] [333.8 MB] [Error] Failed to load texture Unknown': format 'objects/vehicles/special/electro_loader/textures/electro_loader_ddn.dds' is not supported
[2014-07-15T12:54:51:110+00] [333.8 MB] [Error] Failed to load texture Unknown': format 'objects/vehicles/special/van/textures/van_ddn.dds' is not supported
[2014-07-15T12:54:51:114+00] [333.8 MB] [Error] Failed to load texture Unknown': format 'objects/weapons/ar01/textures/ar01_a_ddn.dds' is not supported
[2014-07-15T12:54:51:117+00] [333.8 MB] [Error] Failed to load texture Unknown': format 'objects/weapons/ar01/textures/ar01_b_ddn.dds' is not supported
[2014-07-15T12:54:51:120+00] [333.8 MB] [Error] Failed to load texture Unknown': format 'objects/weapons/sr23/textures/sr23_a_ddn.dds' is not supported
[2014-07-15T12:54:51:124+00] [333.8 MB] [Error] Failed to load texture Unknown': format 'objects/weapons/ar02/textures/ar02_b_ddn.dds' is not supported
[2014-07-15T12:54:51:127+00] [333.8 MB] [Error] Failed to load texture Unknown': format 'objects/weapons/ar03/textures/ar03_tp_ddn.dds' is not supported
[2014-07-15T12:54:51:132+00] [333.8 MB] [Error] Failed to load texture Unknown': format 'objects/weapons/ar04/textures/ar04_ai_ddn.dds' is not supported
[2014-07-15T12:54:51:135+00] [333.8 MB] [CShaderSerialize] Import Shader: Illum_weapons flags: 0x40000 mdvFlags: 0x0 from LEVEL cache ShaderCache/x360/Illum_weapons.fxb
[2014-07-15T12:54:51:138+00] [333.8 MB] [Error] Failed to load texture Unknown': format 'objects/weapons/ar05/textures/ar05_b_ddn.dds' is not supported
[2014-07-15T12:54:51:145+00] [333.8 MB] [Error] Failed to load texture Unknown': format 'objects/weapons/ar06/textures/ar06_a_ddn.dds' is not supported
[2014-07-15T12:54:51:148+00] [333.8 MB] [Error] Failed to load texture Unknown': format 'objects/weapons/ar06/textures/ar06_b_ddn.dds' is not supported
[2014-07-15T12:54:51:153+00] [333.8 MB] [Error] Failed to load texture Unknown': format 'objects/weapons/ar08/textures/ar08_tp_ddn.dds' is not supported
[2014-07-15T12:54:51:157+00] [333.8 MB] [Error] Failed to load texture Unknown': format 'objects/weapons/ar09/textures/ar09_tp_ddn.dds' is not supported
[2014-07-15T12:54:51:161+00] [333.8 MB] [Error] Failed to load texture Unknown': format 'objects/weapons/ar10/textures/ar10_tp_ddn.dds' is not supported
[2014-07-15T12:54:51:164+00] [333.8 MB] [Error] Failed to load texture Unknown': format 'objects/weapons/ar11/textures/ar11_tp_ddn.dds' is not supported
[2014-07-15T12:54:51:169+00] [333.8 MB] [Error] Failed to load texture Unknown': format 'objects/weapons/ar12/textures/ar12_tp_ddn.dds' is not supported
[2014-07-15T12:54:51:172+00] [333.8 MB] [Error] Failed to load texture Unknown': format 'objects/weapons/ar13/textures/ar13_tp_ddn.dds' is not supported
[2014-07-15T12:54:51:176+00] [333.8 MB] [Error] Failed to load texture Unknown': format 'objects/weapons/ar17/textures/ar17_a_ddn.dds' is not supported
[2014-07-15T12:54:51:182+00] [333.8 MB] [Error] Failed to load texture Unknown': format 'objects/weapons/ar17/textures/ar17_b_ddn.dds' is not supported
[2014-07-15T12:54:51:185+00] [333.9 MB] [Error] Failed to load texture Unknown': format 'objects/weapons/c4/textures/c4_tp_ddn.dds' is not supported
[2014-07-15T12:54:51:188+00] [333.9 MB] [Error] Failed to load texture Unknown': format 'objects/weapons/kn43_vdv/textures/kn43_vdv_ddn.dds' is not supported
[2014-07-15T12:54:51:191+00] [333.9 MB] [Error] Failed to load texture Unknown': format 'objects/weapons/kn43_vdv/textures/kn43_vdv_tp_ddn.dds' is not supported
[2014-07-15T12:54:51:194+00] [333.9 MB] [Error] Failed to load texture Unknown': format 'objects/weapons/mg01/textures/mg01_tp_ddn.dds' is not supported
[2014-07-15T12:54:51:200+00] [333.9 MB] [Error] Failed to load texture Unknown': format 'objects/weapons/mg05/textures/mg05_tp_ddn.dds' is not supported
[2014-07-15T12:54:51:203+00] [333.9 MB] [Error] Failed to load texture Unknown': format 'objects/weapons/mg09/textures/mg09_tp_ddn.dds' is not supported
[2014-07-15T12:54:51:206+00] [333.9 MB] [Error] Failed to load texture Unknown': format 'objects/weapons/pda01/textures/pda01_a_ddn.dds' is not supported
[2014-07-15T12:54:51:210+00] [334.0 MB] [CShaderSerialize] Import Shader: ParticlesNoMat flags: 0x0 mdvFlags: 0x0 from LEVEL cache ShaderCache/x360/ParticlesNoMat.fxb
[2014-07-15T12:54:51:429+00] [334.0 MB] [CShaderSerialize] Import Shader: ParticlesSimple flags: 0x0 mdvFlags: 0x0 from LEVEL cache ShaderCache/x360/ParticlesSimple.fxb
[2014-07-15T12:54:51:485+00] [334.2 MB] [Error] Failed to load texture Unknown': format 'textures/terrain/detail/wooden_floor_ddn.dds' is not supported
[2014-07-15T12:54:51:518+00] [334.2 MB] [CShaderSerialize] Import Shader: Terrain flags: 0x200090000 mdvFlags: 0x0 from LEVEL cache ShaderCache/x360/Terrain.fxb
[2014-07-15T12:54:51:524+00] [334.3 MB] [Error] Failed to load texture Unknown': format 'textures/terrain/detail/concrete_ground_ddn.dds' is not supported
[2014-07-15T12:54:51:530+00] [334.3 MB] [CShaderSerialize] Import Shader: Terrain flags: 0x200080000 mdvFlags: 0x0 from LEVEL cache ShaderCache/x360/Terrain.fxb
[2014-07-15T12:54:51:536+00] [334.3 MB] [Warning] Normal map should have '_ddn' suffix in filename [File=textures/terrain/detail/linoleum.dds]
[2014-07-15T12:54:51:542+00] [334.3 MB] [Error] Failed to load texture Unknown': format 'textures/terrain/detail/linoleum.dds' is not supported
[2014-07-15T12:54:51:548+00] [334.3 MB] [CShaderSerialize] Import Shader: Terrain flags: 0x200010000 mdvFlags: 0x0 from LEVEL cache ShaderCache/x360/Terrain.fxb
[2014-07-15T12:54:51:553+00] [334.3 MB] [Error] Failed to load texture Unknown': format 'textures/terrain/detail/concrete_ground01_ddn.dds' is not supported
[2014-07-15T12:54:51:559+00] [334.3 MB] [Error] Failed to load texture Unknown': format 'textures/terrain/detail/concrete_ground02_ddn.dds' is not supported
[2014-07-15T12:54:51:565+00] [334.3 MB] [Error] Failed to load texture Unknown': format 'textures/terrain/detail/concrete_shooting_range_ddn.dds' is not supported
[2014-07-15T12:54:51:572+00] [334.8 MB] [Error] Failed to load texture Unknown': format 'textures/terrain/roads/asphalt01_road_ddn.dds' is not supported
[2014-07-15T12:54:51:577+00] [334.8 MB] [CShaderSerialize] Import Shader: Illum flags: 0x2000080800 mdvFlags: 0x0 from LEVEL cache ShaderCache/x360/Illum.fxb
[2014-07-15T12:54:51:589+00] [334.8 MB] [CShaderSerialize] Import Shader: Illum_decal flags: 0x800 mdvFlags: 0x0 from LEVEL cache ShaderCache/x360/Illum_decal.fxb
[2014-07-15T12:54:51:594+00] [337.9 MB] [Error] Failed to load texture Unknown': format 'textures/sprites/blood/water_animated1_1_ddn.dds' is not supported
[2014-07-15T12:54:51:601+00] [338.0 MB] [CShaderSerialize] Import Shader: Particles flags: 0x8 mdvFlags: 0x0 from LEVEL cache ShaderCache/x360/Particles.fxb
[2014-07-15T12:54:51:606+00] [338.2 MB] [Error] Failed to load texture Unknown': format 'textures/sprites/pieces/glass_a_tiled_ddn.dds' is not supported
[2014-07-15T12:54:51:612+00] [339.8 MB] [CShaderSerialize] Import Shader: Sky flags: 0x0 mdvFlags: 0x0 from LEVEL cache ShaderCache/x360/Sky.fxb
[2014-07-15T12:54:51:618+00] [339.8 MB] [Error] Failed to load texture Unknown': format 'textures/defaults/oceanwaves_ddn.dds' is not supported
[2014-07-15T12:54:51:624+00] [339.8 MB] [CShaderSerialize] Import Shader: Water flags: 0x21 mdvFlags: 0x0 from LEVEL cache ShaderCache/x360/Water.fxb
[2014-07-15T12:54:51:630+00] [343.4 MB] [Error] Failed to load texture Unknown': format 'objects/props/electronics_device/textures/metal_box_a_ddn.dds' is not supported
[2014-07-15T12:54:51:634+00] [344.0 MB] [Error] Failed to load texture Unknown': format 'textures/sprites/ddn/wave_b_ddn.dds' is not supported
[2014-07-15T12:54:51:636+00] [344.0 MB] [Error] Failed to load texture Unknown': format 'textures/watershore/foam_tiled2_ddn.dds' is not supported
[2014-07-15T12:54:51:641+00] [344.5 MB] [Error] Failed to load texture Unknown': format 'textures/sprites/liquid/water_splatter_a_ddn.dds' is not supported
[2014-07-15T12:54:51:644+00] [344.5 MB] [Error] Failed to load texture Unknown': format 'textures/sprites/liquid/water_ripples_a_ddn.dds' is not supported
[2014-07-15T12:54:51:647+00] [344.5 MB] [CShaderSerialize] Import Shader: Fx_velocitybeamparticles flags: 0x1 mdvFlags: 0x0 from LEVEL cache ShaderCache/x360/Fx_velocitybeamparticles.fxb
[2014-07-15T12:54:51:650+00] [344.5 MB] [Error] Failed to load texture Unknown': format 'textures/sprites/liquid/water_splash_c_ddn.dds' is not supported
[2014-07-15T12:54:51:653+00] [345.2 MB] CFlash::Preload cached libs/ui/controls/tooltip.gfx bootstrapper 110A6AF0
[2014-07-15T12:54:51:657+00] [345.2 MB] CFlash::Preload cached libs/ui/controls/container.gfx bootstrapper 110A6A48
[2014-07-15T12:54:51:661+00] [345.3 MB] CFlash::Preload cached libs/ui/controls/buttonlabel.gfx bootstrapper 110A69D0
[2014-07-15T12:54:51:667+00] [345.3 MB] [Error] <Flash> Error: GFxLoader failed to open 'libs/ui/controls/buttonlabellabel.gfx' [libs/ui/controls/buttonlabellabel.gfx]
[2014-07-15T12:54:51:670+00] [345.3 MB] [Error] <Flash> GFxLoader failed to open "libs/ui/controls/buttonlabellabel.gfx" [libs/ui/controls/buttonlabellabel.gfx]
[2014-07-15T12:54:51:674+00] [345.6 MB] CFlash::Preload cached libs/ui/controls/buttonlabellabel.gfx bootstrapper 110A7F80
[2014-07-15T12:54:51:678+00] [345.6 MB] [Error] <Flash> Error: GFxLoader failed to open 'libs/ui/controls/buttonlabeltypes.gfx' [libs/ui/controls/buttonlabeltypes.gfx]
[2014-07-15T12:54:51:681+00] [345.6 MB] [Error] <Flash> GFxLoader failed to open "libs/ui/controls/buttonlabeltypes.gfx" [libs/ui/controls/buttonlabeltypes.gfx]
[2014-07-15T12:54:51:684+00] [345.6 MB] CFlash::Preload cached libs/ui/controls/buttonlabeltypes.gfx bootstrapper 110A7F98
[2014-07-15T12:54:51:690+00] [345.7 MB] CFlash::Preload cached libs/ui/controls/asynchronefeedback.gfx bootstrapper 110A7FF8
[2014-07-15T12:54:51:694+00] [345.5 MB] CFlash::Preload cached libs/ui/controls/labeldescriptionhud.gfx bootstrapper 110A7F50
[2014-07-15T12:54:51:699+00] [345.5 MB] CFlash::Preload cached libs/ui/largecontainer.gfx bootstrapper 110A7DD0
[2014-07-15T12:54:51:702+00] [345.8 MB] CFlash::Preload cached libs/ui/buttons.gfx bootstrapper 110A7CF8
[2014-07-15T12:54:51:705+00] [345.8 MB] CFlash::Preload cached libs/ui/controls/gamelogoanimated.gfx bootstrapper 110C0F00
[2014-07-15T12:54:51:709+00] [348.0 MB] CFlash::Preload cached libs/ui/controls/buttonimage_navibar_a.gfx bootstrapper 110A7CB0
[2014-07-15T12:54:51:712+00] [345.8 MB] CFlash::Preload cached libs/ui/controls/buttonimage_navibar_b.gfx bootstrapper 110C0D38
[2014-07-15T12:54:51:716+00] [345.8 MB] CFlash::Preload cached libs/ui/controls/buttonimage_navibar_c.gfx bootstrapper 110C0D50
[2014-07-15T12:54:51:721+00] [345.8 MB] CFlash::Preload cached libs/ui/controls/chatarea.gfx bootstrapper 110C0FC0
[2014-07-15T12:54:51:724+00] [345.8 MB] CFlash::Preload cached libs/ui/controls/labeldescription.gfx bootstrapper 110C0CD8
[2014-07-15T12:54:51:728+00] [347.9 MB] CFlash::Preload cached libs/ui/controls/buttonimage_text_a.gfx bootstrapper 110C0D80
[2014-07-15T12:54:51:734+00] [347.9 MB] CFlash::Preload cached libs/ui/controls/buttonimage_text_b.gfx bootstrapper 110D2AC0
[2014-07-15T12:54:51:737+00] [354.0 MB] CFlash::Preload cached libs/ui/controls/buttonimage_text_c.gfx bootstrapper 110D2AF0
[2014-07-15T12:54:51:742+00] [345.9 MB] CFlash::Preload cached libs/ui/controls/buttonbitmap.gfx bootstrapper 110D29E8
[2014-07-15T12:54:51:745+00] [345.9 MB] CFlash::Preload cached libs/ui/360/controls/labeldescription.gfx bootstrapper 110D29D0
[2014-07-15T12:54:51:748+00] [345.9 MB] CFlash::Preload cached libs/ui/controls/button_label_simple.gfx bootstrapper 110D2A00
[2014-07-15T12:54:51:752+00] [345.9 MB] CFlash::Preload cached libs/ui/controls/messageboxbackground.gfx bootstrapper 110D2AD8
[2014-07-15T12:54:51:757+00] [345.9 MB] CFlash::Preload cached libs/ui/controls/savespinner.gfx bootstrapper 110D28C8
[2014-07-15T12:54:51:760+00] [345.9 MB] CFlash::Preload cached libs/ui/360/controls/asynchronefeedback.gfx bootstrapper 110D28B0
[2014-07-15T12:54:51:767+00] [345.9 MB] CFlash::Preload cached libs/ui/controls/image.gfx bootstrapper 110D2898
[2014-07-15T12:54:51:770+00] [345.9 MB] CFlash::Preload cached libs/ui/360/controls/languageselect.gfx bootstrapper 110D2880
[2014-07-15T12:54:51:774+00] [346.2 MB] CFlash::Preload cached libs/ui/360/controls/buttonlabel.gfx bootstrapper 110D2868
[2014-07-15T12:54:51:777+00] [346.2 MB] CFlash::Preload cached libs/ui/360/controls/buttonlabel_b.gfx bootstrapper 110E3340
[2014-07-15T12:54:51:974+00] [346.2 MB] CFlash::Preload cached libs/ui/360/controls/checkbox.gfx bootstrapper 110E3070
[2014-07-15T12:54:51:978+00] [346.4 MB] CFlash::Preload cached libs/ui/360/controls/labelhtml.gfx bootstrapper 110E3118
[2014-07-15T12:54:51:981+00] [346.4 MB] CFlash::Preload cached libs/ui/controls/label_simple.gfx bootstrapper 110E3328
[2014-07-15T12:54:52:016+00] [346.4 MB] CFlash::Preload cached libs/ui/360/controls/progressbarclassicdownload.gfx bootstrapper 110E3388
[2014-07-15T12:54:52:022+00] [346.5 MB] CFlash::Preload cached libs/ui/360/controls/labelhtmlcondensed.gfx bootstrapper 110E3310
[2014-07-15T12:54:52:028+00] [346.7 MB] CFlash::Preload cached libs/ui/360/controls/datagridrealmselect.gfx bootstrapper 110E3208
[2014-07-15T12:54:52:033+00] [346.7 MB] CFlash::Preload cached libs/ui/360/controls/demooverlay.gfx bootstrapper 110E3280
[2014-07-15T12:54:52:039+00] [346.7 MB] CFlash::Preload cached libs/ui/controls/videoplayer.gfx bootstrapper 110E31D8
[2014-07-15T12:54:52:045+00] [346.7 MB] CFlash::Preload cached libs/ui/controls/loadingspinner.gfx bootstrapper 111025C8
[2014-07-15T12:54:52:051+00] [346.7 MB] CFlash::Preload cached libs/ui/controls/labeldescsimple.gfx bootstrapper 11102748
[2014-07-15T12:54:52:057+00] [346.7 MB] CFlash::Preload cached libs/ui/controls/progressbarclassic.gfx bootstrapper 11102658
[2014-07-15T12:54:52:063+00] [346.9 MB] CFlash::Preload cached libs/ui/360/controls/faceslider.gfx bootstrapper 11102730
[2014-07-15T12:54:52:069+00] [347.4 MB] CFlash::Preload cached libs/ui/360/controls/buttonlist.gfx bootstrapper 11102760
[2014-07-15T12:54:52:075+00] [347.5 MB] CFlash::Preload cached libs/ui/360/controls/messagechallenge.gfx bootstrapper 111103E0
[2014-07-15T12:54:52:081+00] [347.4 MB] CFlash::Preload cached libs/ui/360/controls/combobox.gfx bootstrapper 11102568
[2014-07-15T12:54:52:089+00] [347.4 MB] CFlash::Preload cached libs/ui/controls/new_ui/pane.gfx bootstrapper 11102418
[2014-07-15T12:54:52:095+00] [347.5 MB] CFlash::Preload cached libs/ui/360/controls/editbox.gfx bootstrapper 11114FA0
[2014-07-15T12:54:52:101+00] [347.5 MB] CFlash::Preload cached libs/ui/360/controls/general_progress_bar.gfx bootstrapper 11114C88
[2014-07-15T12:54:52:107+00] [347.7 MB] CFlash::Preload cached libs/ui/360/controls/quickplayspinner.gfx bootstrapper 11114CB8
[2014-07-15T12:54:52:113+00] [347.8 MB] CFlash::Preload cached libs/ui/controls/new_ui/appear_bg.gfx bootstrapper 11114C28
[2014-07-15T12:54:52:118+00] [347.9 MB] CFlash::Preload cached libs/ui/controls/newrankmessage.gfx bootstrapper 11114EE0
[2014-07-15T12:54:52:125+00] [348.0 MB] CFlash::Preload cached libs/ui/360/controls/progress_bar_wpn_stat.gfx bootstrapper 11114EF8
[2014-07-15T12:54:52:130+00] [348.0 MB] CFlash::Preload cached libs/ui/360/controls/creditspinner.gfx bootstrapper 11128440
[2014-07-15T12:54:52:133+00] [348.0 MB] CFlash::Preload cached libs/ui/360/controls/panel_button_bg.gfx bootstrapper 11114DD8
[2014-07-15T12:54:52:135+00] [350.2 MB] CFlash::Preload cached libs/ui/360/controls/dots.gfx bootstrapper 11114D18
[2014-07-15T12:54:52:137+00] [348.1 MB] CFlash::Preload cached libs/ui/360/controls/buttonclassselect.gfx bootstrapper 111287B8
[2014-07-15T12:54:52:139+00] [348.3 MB] CFlash::Preload cached libs/ui/360/controls/datagridoffers.gfx bootstrapper 11114D78
[2014-07-15T12:54:52:142+00] [348.7 MB] CFlash::Preload cached libs/ui/360/controls/itemsgridshop.gfx bootstrapper 11114CA0
[2014-07-15T12:54:52:146+00] [348.9 MB] CFlash::Preload cached libs/ui/360/controls/playerbadgebanners.gfx bootstrapper 111285C0
[2014-07-15T12:54:52:149+00] [348.9 MB] CFlash::Preload cached libs/ui/360/controls/progressbardual.gfx bootstrapper 11141820
[2014-07-15T12:54:52:152+00] [349.0 MB] CFlash::Preload cached libs/ui/360/controls/datagriditemselect.gfx bootstrapper 11141B98
[2014-07-15T12:54:52:155+00] [349.0 MB] CFlash::Preload cached libs/ui/360/controls/dailyrewardboxbackground.gfx bootstrapper 11128608
[2014-07-15T12:54:52:159+00] [349.2 MB] CFlash::Preload cached libs/ui/360/controls/missionbadge.gfx bootstrapper 11114DC0
[2014-07-15T12:54:52:168+00] [349.3 MB] CFlash::Preload cached libs/ui/360/controls/listbox_pvpgamemodemenu.gfx bootstrapper 11141AD8
[2014-07-15T12:54:52:170+00] [349.4 MB] CFlash::Preload cached libs/ui/360/controls/editboxmultiline.gfx bootstrapper 11141910
[2014-07-15T12:54:52:174+00] [349.5 MB] CFlash::Preload cached libs/ui/controls/paidstamp.gfx bootstrapper 11163300
[2014-07-15T12:54:52:177+00] [349.6 MB] CFlash::Preload cached libs/ui/controls/textcredits.gfx bootstrapper 11141B50
[2014-07-15T12:54:52:180+00] [349.7 MB] CFlash::Preload cached libs/ui/controls/optionstoggle.gfx bootstrapper 111632E8
[2014-07-15T12:54:52:184+00] [349.7 MB] CFlash::Preload cached libs/ui/360/controls/requestpendingbutton.gfx bootstrapper 111630F0
[2014-07-15T12:54:52:187+00] [349.9 MB] CFlash::Preload cached libs/ui/controls/dailycompetitionbg.gfx bootstrapper 111630C0
[2014-07-15T12:54:52:190+00] [350.0 MB] CFlash::Preload cached libs/ui/360/controls/datagridpvpgamebrowser.gfx bootstrapper 11163108
[2014-07-15T12:54:52:194+00] [350.0 MB] CFlash::Preload cached libs/ui/360/controls/pvpplayersgridbackground.gfx bootstrapper 11163090
[2014-07-15T12:54:52:201+00] [350.2 MB] CFlash::Preload cached libs/ui/360/controls/itemsgridvendorprogression.gfx bootstrapper 11170BA0
[2014-07-15T12:54:52:204+00] [350.4 MB] CFlash::Preload cached libs/ui/360/controls/datagridchannels.gfx bootstrapper 111708A0
[2014-07-15T12:54:52:207+00] [350.4 MB] CFlash::Preload cached libs/ui/controls/foreground_gloss_rectangle.gfx bootstrapper 111708D0
[2014-07-15T12:54:52:210+00] [350.5 MB] CFlash::Preload cached libs/ui/360/controls/listbox_mapslist.gfx bootstrapper 11185A38
[2014-07-15T12:54:52:214+00] [350.7 MB] CFlash::Preload cached libs/ui/360/controls/missionsmappve.gfx bootstrapper 11185810
[2014-07-15T12:54:52:220+00] [350.9 MB] CFlash::Preload cached libs/ui/360/controls/itemcellcloth.gfx bootstrapper 11185840
[2014-07-15T12:54:52:224+00] [351.1 MB] CFlash::Preload cached libs/ui/360/controls/itemcellpocket.gfx bootstrapper 11185888
[2014-07-15T12:54:52:227+00] [351.7 MB] CFlash::Preload cached libs/ui/360/controls/itemsgridinventory.gfx bootstrapper 111858A0
[2014-07-15T12:54:52:233+00] [352.5 MB] CFlash::Preload cached libs/ui/360/controls/progress_bar_wpn_stat_damaged.gfx bootstrapper 111A1C78
[2014-07-15T12:54:52:237+00] [351.8 MB] CFlash::Preload cached libs/ui/360/controls/buttonlisticons.gfx bootstrapper 111A0AF8
[2014-07-15T12:54:52:240+00] [351.5 MB] CFlash::Preload cached libs/ui/360/controls/randomboxcontents.gfx bootstrapper 111A1C48
[2014-07-15T12:54:52:247+00] [351.5 MB] CFlash::Preload cached libs/ui/360/controls/contracteasybg.gfx bootstrapper 111A1C30
[2014-07-15T12:54:52:250+00] [351.6 MB] CFlash::Preload cached libs/ui/360/controls/contractmediumbg.gfx bootstrapper 111A1C18
[2014-07-15T12:54:52:254+00] [351.7 MB] CFlash::Preload cached libs/ui/360/controls/contracthardbg.gfx bootstrapper 111A1C00
[2014-07-15T12:54:52:257+00] [352.0 MB] CFlash::Preload cached libs/ui/360/controls/itemsgridachievements.gfx bootstrapper 111A67F0
[2014-07-15T12:54:52:260+00] [352.2 MB] CFlash::Preload cached libs/ui/360/controls/itemsgridachievements_long.gfx bootstrapper 111A6430
[2014-07-15T12:54:52:264+00] [352.4 MB] CFlash::Preload cached libs/ui/360/controls/datagridleaderboards.gfx bootstrapper 111A6448
[2014-07-15T12:54:52:267+00] [352.4 MB] CFlash::Preload cached libs/ui/controls/optionstogglevertical.gfx bootstrapper 111A6460
[2014-07-15T12:54:52:273+00] [352.5 MB] CFlash::Preload cached libs/ui/360/controls/sliderbar.gfx bootstrapper 111A6478
[2014-07-15T12:54:52:277+00] [352.7 MB] CFlash::Preload cached libs/ui/360/controls/controller_layout_player.gfx bootstrapper 111A6490
[2014-07-15T12:54:52:279+00] [352.8 MB] CFlash::Preload cached libs/ui/360/controls/optionsaudio.gfx bootstrapper 111A64A8
[2014-07-15T12:54:52:282+00] [352.8 MB] CFlash::Preload cached libs/ui/360/controls/contractpremiumbgex.gfx bootstrapper 111A6418
[2014-07-15T12:54:52:285+00] [352.8 MB] CFlash::Preload cached libs/ui/controls/radar.gfx bootstrapper 111A64C0
[2014-07-15T12:54:52:289+00] [352.8 MB] CFlash::Preload cached libs/ui/controls/progressbarhp.gfx bootstrapper 111A64D8
[2014-07-15T12:54:52:503+00] [352.9 MB] CFlash::Preload cached libs/ui/controls/progressbararmor.gfx bootstrapper 111A6508
[2014-07-15T12:54:52:506+00] [352.9 MB] CFlash::Preload cached libs/ui/360/controls/progressbarstamina.gfx bootstrapper 111A6520
[2014-07-15T12:54:52:522+00] [353.0 MB] CFlash::Preload cached libs/ui/controls/timer.gfx bootstrapper 111A6538
[2014-07-15T12:54:52:526+00] [353.0 MB] CFlash::Preload cached libs/ui/controls/hud_gamemodemessae.gfx bootstrapper 111A64F0
[2014-07-15T12:54:52:563+00] [353.0 MB] CFlash::Preload cached libs/ui/controls/scorebackground.gfx bootstrapper 111A6550
[2014-07-15T12:54:52:568+00] [353.2 MB] CFlash::Preload cached libs/ui/controls/progressbarcore.gfx bootstrapper 111A6580
[2014-07-15T12:54:52:574+00] [353.2 MB] CFlash::Preload cached libs/ui/controls/new_ui/stormprogress.gfx bootstrapper 111A6598
[2014-07-15T12:54:52:580+00] [353.2 MB] CFlash::Preload cached libs/ui/controls/new_ui/progress_generic_white.gfx bootstrapper 111A65B0
[2014-07-15T12:54:52:586+00] [353.4 MB] CFlash::Preload cached libs/ui/controls/enemieshitfeedback.gfx bootstrapper 111A6568
[2014-07-15T12:54:52:592+00] [353.4 MB] CFlash::Preload cached libs/ui/controls/killcounter.gfx bootstrapper 111A65E0
[2014-07-15T12:54:52:598+00] [353.4 MB] CFlash::Preload cached libs/ui/controls/scorestreamer.gfx bootstrapper 111A65F8
[2014-07-15T12:54:52:603+00] [353.4 MB] CFlash::Preload cached libs/ui/360/controls/scorechain.gfx bootstrapper 111A1C60
[2014-07-15T12:54:52:609+00] [353.5 MB] [Warning] Texture does not exist [File=Libs/Icons/Challenges/challenge_badge_anniversary_2.dds]
[2014-07-15T12:54:52:621+00] [353.5 MB] [Warning] Texture does not exist [File=libs/icons/challenges/challenge_badge_anniversary_2.dds]
[2014-07-15T12:54:52:627+00] [353.7 MB] CFlash::Preload cached libs/ui/controls/progressbarbossshield.gfx bootstrapper 111A67C0
[2014-07-15T12:54:52:632+00] [353.9 MB] CFlash::Preload cached libs/ui/controls/progressbarbosshp.gfx bootstrapper 111A67A8
[2014-07-15T12:54:52:638+00] [353.9 MB] CFlash::Preload cached libs/ui/controls/rewardplayerrelated.gfx bootstrapper 111A67D8
[2014-07-15T12:54:52:644+00] [353.9 MB] CFlash::Preload cached libs/ui/controls/ppes_progress.gfx bootstrapper 111A6790
[2014-07-15T12:54:52:650+00] [353.9 MB] CFlash::Preload cached libs/ui/controls/missionprogress.gfx bootstrapper 111A6760
[2014-07-15T12:54:52:656+00] [354.0 MB] CFlash::Preload cached libs/ui/360/controls/messagesubtitles.gfx bootstrapper 111A6748
[2014-07-15T12:54:52:661+00] [354.1 MB] CFlash::Preload cached libs/ui/360/controls/progressbardamageindication.gfx bootstrapper 111A6730
[2014-07-15T12:54:52:667+00] [354.5 MB] CFlash::Preload cached libs/ui/360/controls/quickchatwheel.gfx bootstrapper 111A6718
[2014-07-15T12:54:52:673+00] [354.9 MB] CFlash::Preload cached libs/ui/controls/itemsgridattachments.gfx bootstrapper 111A6778
[2014-07-15T12:54:52:674+00] [354.9 MB] CFlash::Preload cached libs/ui/360/controls/weaponcustomizationmenu.gfx bootstrapper 111A66E8
[2014-07-15T12:54:52:677+00] [355.3 MB] CFlash::Preload cached libs/ui/360/controls/datagridclanmembers.gfx bootstrapper 111A66D0
[2014-07-15T12:54:52:679+00] [355.7 MB] CFlash::Preload cached libs/ui/360/controls/datagridclanrankings.gfx bootstrapper 111A6610
[2014-07-15T12:54:52:682+00] [355.8 MB] CFlash::Preload cached libs/ui/360/controls/warspinner.gfx bootstrapper 111A6628
[2014-07-15T12:54:52:685+00] [356.0 MB] CFlash::Preload cached libs/ui/360/controls/datagridfriendslist.gfx bootstrapper 111A6640
[2014-07-15T12:54:52:688+00] [356.1 MB] CFlash::Preload cached libs/ui/controls/progressbarclassic_right.gfx bootstrapper 111A6658
[2014-07-15T12:54:52:689+00] [356.3 MB] [Warning] Texture does not exist [File=Libs/Icons/challenge_achievement_01.dds]
[2014-07-15T12:54:52:692+00] [356.3 MB] [Warning] Texture does not exist [File=libs/icons/challenge_achievement_01.dds]
[2014-07-15T12:54:52:696+00] [356.3 MB] [Warning] Texture does not exist [File=Libs/Icons/challenge_achievement_02.dds]
[2014-07-15T12:54:52:699+00] [356.3 MB] [Warning] Texture does not exist [File=libs/icons/challenge_achievement_02.dds]
[2014-07-15T12:54:52:702+00] [356.3 MB] [Warning] Texture does not exist [File=Libs/Icons/challenge_achievement_03.dds]
[2014-07-15T12:54:52:707+00] [356.3 MB] [Warning] Texture does not exist [File=libs/icons/challenge_achievement_03.dds]
[2014-07-15T12:54:52:710+00] [356.3 MB] [Warning] Texture does not exist [File=Libs/Icons/challenge_achievement_04.dds]
[2014-07-15T12:54:52:713+00] [356.3 MB] [Warning] Texture does not exist [File=libs/icons/challenge_achievement_04.dds]
[2014-07-15T12:54:52:717+00] [356.3 MB] [Warning] Texture does not exist [File=Libs/Icons/challenge_achievement_05.dds]
[2014-07-15T12:54:52:722+00] [356.3 MB] [Warning] Texture does not exist [File=libs/icons/challenge_achievement_05.dds]
[2014-07-15T12:54:52:723+00] [356.3 MB] [Warning] Texture does not exist [File=Libs/Icons/challenge_achievement_06.dds]
[2014-07-15T12:54:52:727+00] [356.3 MB] [Warning] Texture does not exist [File=libs/icons/challenge_achievement_06.dds]
[2014-07-15T12:54:52:730+00] [356.3 MB] [Warning] Texture does not exist [File=Libs/Icons/challenge_achievement_07.dds]
[2014-07-15T12:54:52:733+00] [356.3 MB] [Warning] Texture does not exist [File=libs/icons/challenge_achievement_07.dds]
[2014-07-15T12:54:52:736+00] [356.3 MB] [Warning] Texture does not exist [File=Libs/Icons/challenge_achievement_08.dds]
[2014-07-15T12:54:52:740+00] [356.3 MB] [Warning] Texture does not exist [File=libs/icons/challenge_achievement_08.dds]
[2014-07-15T12:54:52:744+00] [356.3 MB] [Warning] Texture does not exist [File=Libs/Icons/challenge_achievement_09.dds]
[2014-07-15T12:54:52:751+00] [356.3 MB] [Warning] Texture does not exist [File=libs/icons/challenge_achievement_09.dds]
[2014-07-15T12:54:52:757+00] [356.3 MB] [Warning] Texture does not exist [File=Libs/Icons/challenge_achievement_10.dds]
[2014-07-15T12:54:52:761+00] [356.3 MB] [Warning] Texture does not exist [File=libs/icons/challenge_achievement_10.dds]
[2014-07-15T12:54:52:765+00] [356.3 MB] [Warning] Texture does not exist [File=Libs/Icons/challenge_achievement_11.dds]
[2014-07-15T12:54:52:768+00] [356.3 MB] [Warning] Texture does not exist [File=libs/icons/challenge_achievement_11.dds]
[2014-07-15T12:54:52:772+00] [356.3 MB] [Warning] Texture does not exist [File=Libs/Icons/challenge_achievement_12.dds]
[2014-07-15T12:54:52:773+00] [356.3 MB] [Warning] Texture does not exist [File=libs/icons/challenge_achievement_12.dds]
[2014-07-15T12:54:52:779+00] [356.3 MB] [Warning] Texture does not exist [File=Libs/Icons/challenge_achievement_13.dds]
[2014-07-15T12:54:52:783+00] [356.3 MB] [Warning] Texture does not exist [File=libs/icons/challenge_achievement_13.dds]
[2014-07-15T12:54:52:787+00] [356.3 MB] [Warning] Texture does not exist [File=Libs/Icons/challenge_achievement_14.dds]
[2014-07-15T12:54:52:791+00] [356.3 MB] [Warning] Texture does not exist [File=libs/icons/challenge_achievement_14.dds]
[2014-07-15T12:54:52:794+00] [356.3 MB] [Warning] Texture does not exist [File=Libs/Icons/challenge_achievement_15.dds]
[2014-07-15T12:54:52:797+00] [356.3 MB] [Warning] Texture does not exist [File=libs/icons/challenge_achievement_15.dds]
[2014-07-15T12:54:52:802+00] [356.3 MB] [Warning] Texture does not exist [File=Libs/Icons/challenge_achievement_16.dds]
[2014-07-15T12:54:52:805+00] [356.3 MB] [Warning] Texture does not exist [File=libs/icons/challenge_achievement_16.dds]
[2014-07-15T12:54:52:807+00] [356.3 MB] [Warning] Texture does not exist [File=Libs/Icons/challenge_achievement_17.dds]
[2014-07-15T12:54:52:810+00] [356.3 MB] [Warning] Texture does not exist [File=libs/icons/challenge_achievement_17.dds]
[2014-07-15T12:54:52:813+00] [356.3 MB] [Warning] Texture does not exist [File=Libs/Icons/challenge_achievement_18.dds]
[2014-07-15T12:54:52:817+00] [356.3 MB] [Warning] Texture does not exist [File=libs/icons/challenge_achievement_18.dds]
[2014-07-15T12:54:52:820+00] [356.3 MB] [Warning] Texture does not exist [File=Libs/Icons/challenge_achievement_19.dds]
[2014-07-15T12:54:52:823+00] [356.3 MB] [Warning] Texture does not exist [File=libs/icons/challenge_achievement_19.dds]
[2014-07-15T12:54:52:828+00] [356.3 MB] [Warning] Texture does not exist [File=Libs/Icons/challenge_achievement_20.dds]
[2014-07-15T12:54:53:032+00] [356.3 MB] [Warning] Texture does not exist [File=libs/icons/challenge_achievement_20.dds]
[2014-07-15T12:54:53:035+00] [356.3 MB] [Warning] Texture does not exist [File=Libs/Icons/challenge_achievement_21.dds]
[2014-07-15T12:54:53:039+00] [356.3 MB] [Warning] Texture does not exist [File=libs/icons/challenge_achievement_21.dds]
[2014-07-15T12:54:53:083+00] [356.3 MB] [Warning] Texture does not exist [File=Libs/Icons/challenge_achievement_22.dds]
[2014-07-15T12:54:53:088+00] [356.3 MB] [Warning] Texture does not exist [File=libs/icons/challenge_achievement_22.dds]
[2014-07-15T12:54:53:094+00] [356.3 MB] [Warning] Texture does not exist [File=Libs/Icons/challenge_achievement_23.dds]
[2014-07-15T12:54:53:100+00] [356.3 MB] [Warning] Texture does not exist [File=libs/icons/challenge_achievement_23.dds]
[2014-07-15T12:54:53:106+00] [356.3 MB] [Warning] Texture does not exist [File=Libs/Icons/challenge_achievement_24.dds]
[2014-07-15T12:54:53:112+00] [356.3 MB] [Warning] Texture does not exist [File=libs/icons/challenge_achievement_24.dds]
[2014-07-15T12:54:53:118+00] [356.3 MB] [Warning] Texture does not exist [File=Libs/Icons/challenge_achievement_25.dds]
[2014-07-15T12:54:53:123+00] [356.3 MB] [Warning] Texture does not exist [File=libs/icons/challenge_achievement_25.dds]
[2014-07-15T12:54:53:129+00] [356.3 MB] [Warning] Texture does not exist [File=Libs/Icons/challenge_achievement_26.dds]
[2014-07-15T12:54:53:138+00] [356.3 MB] [Warning] Texture does not exist [File=libs/icons/challenge_achievement_26.dds]
[2014-07-15T12:54:53:144+00] [356.3 MB] [Warning] Texture does not exist [File=Libs/Icons/challenge_achievement_27.dds]
[2014-07-15T12:54:53:150+00] [356.3 MB] [Warning] Texture does not exist [File=libs/icons/challenge_achievement_27.dds]
[2014-07-15T12:54:53:155+00] [356.3 MB] [Warning] Texture does not exist [File=Libs/Icons/challenge_achievement_28.dds]
[2014-07-15T12:54:53:161+00] [356.3 MB] [Warning] Texture does not exist [File=libs/icons/challenge_achievement_28.dds]
[2014-07-15T12:54:53:167+00] [356.3 MB] [Warning] Texture does not exist [File=Libs/Icons/challenge_achievement_29.dds]
[2014-07-15T12:54:53:173+00] [356.3 MB] [Warning] Texture does not exist [File=libs/icons/challenge_achievement_29.dds]
[2014-07-15T12:54:53:179+00] [356.3 MB] [Warning] Texture does not exist [File=Libs/Icons/challenge_achievement_30.dds]
[2014-07-15T12:54:53:184+00] [356.3 MB] [Warning] Texture does not exist [File=libs/icons/challenge_achievement_30.dds]
[2014-07-15T12:54:53:190+00] [356.3 MB] [Warning] Texture does not exist [File=Libs/Icons/challenge_achievement_31.dds]
[2014-07-15T12:54:53:196+00] [356.3 MB] [Warning] Texture does not exist [File=libs/icons/challenge_achievement_31.dds]
[2014-07-15T12:54:53:198+00] [356.3 MB] [Warning] Texture does not exist [File=Libs/Icons/challenge_achievement_32.dds]
[2014-07-15T12:54:53:200+00] [356.3 MB] [Warning] Texture does not exist [File=libs/icons/challenge_achievement_32.dds]
[2014-07-15T12:54:53:202+00] [356.3 MB] [Warning] Texture does not exist [File=Libs/Icons/challenge_achievement_33.dds]
[2014-07-15T12:54:53:204+00] [356.3 MB] [Warning] Texture does not exist [File=libs/icons/challenge_achievement_33.dds]
[2014-07-15T12:54:53:205+00] [356.3 MB] [Warning] Texture does not exist [File=Libs/Icons/challenge_achievement_34.dds]
[2014-07-15T12:54:53:208+00] [356.3 MB] [Warning] Texture does not exist [File=libs/icons/challenge_achievement_34.dds]
[2014-07-15T12:54:53:212+00] [356.3 MB] [Warning] Texture does not exist [File=Libs/Icons/challenge_achievement_35.dds]
[2014-07-15T12:54:53:215+00] [356.3 MB] [Warning] Texture does not exist [File=libs/icons/challenge_achievement_35.dds]
[2014-07-15T12:54:53:219+00] [356.3 MB] [Warning] Texture does not exist [File=Libs/Icons/challenge_achievement_36.dds]
[2014-07-15T12:54:53:222+00] [356.3 MB] [Warning] Texture does not exist [File=libs/icons/challenge_achievement_36.dds]
[2014-07-15T12:54:53:223+00] [356.3 MB] [Warning] Texture does not exist [File=Libs/Icons/challenge_achievement_37.dds]
[2014-07-15T12:54:53:226+00] [356.3 MB] [Warning] Texture does not exist [File=libs/icons/challenge_achievement_37.dds]
[2014-07-15T12:54:53:233+00] [356.3 MB] [Warning] Texture does not exist [File=Libs/Icons/challenge_achievement_38.dds]
[2014-07-15T12:54:53:235+00] [356.3 MB] [Warning] Texture does not exist [File=libs/icons/challenge_achievement_38.dds]
[2014-07-15T12:54:53:239+00] [356.3 MB] [Warning] Texture does not exist [File=Libs/Icons/challenge_achievement_39.dds]
[2014-07-15T12:54:53:243+00] [356.3 MB] [Warning] Texture does not exist [File=libs/icons/challenge_achievement_39.dds]
[2014-07-15T12:54:53:246+00] [356.3 MB] [Warning] Texture does not exist [File=Libs/Icons/challenge_achievement_40.dds]
[2014-07-15T12:54:53:252+00] [356.3 MB] [Warning] Texture does not exist [File=libs/icons/challenge_achievement_40.dds]
[2014-07-15T12:54:53:255+00] [356.3 MB] [Warning] Texture does not exist [File=Libs/Icons/challenge_achievement_41.dds]
[2014-07-15T12:54:53:257+00] [356.3 MB] [Warning] Texture does not exist [File=libs/icons/challenge_achievement_41.dds]
[2014-07-15T12:54:53:260+00] [356.3 MB] [Warning] Texture does not exist [File=Libs/Icons/challenge_achievement_42.dds]
[2014-07-15T12:54:53:263+00] [356.3 MB] [Warning] Texture does not exist [File=libs/icons/challenge_achievement_42.dds]
[2014-07-15T12:54:53:266+00] [356.3 MB] [Warning] Texture does not exist [File=Libs/Icons/challenge_achievement_43.dds]
[2014-07-15T12:54:53:273+00] [356.3 MB] [Warning] Texture does not exist [File=libs/icons/challenge_achievement_43.dds]
[2014-07-15T12:54:53:274+00] [356.3 MB] [Warning] Texture does not exist [File=Libs/Icons/challenge_achievement_44.dds]
[2014-07-15T12:54:53:277+00] [356.3 MB] [Warning] Texture does not exist [File=libs/icons/challenge_achievement_44.dds]
[2014-07-15T12:54:53:281+00] [356.3 MB] [Warning] Texture does not exist [File=Libs/Icons/challenge_achievement_45.dds]
[2014-07-15T12:54:53:284+00] [356.3 MB] [Warning] Texture does not exist [File=libs/icons/challenge_achievement_45.dds]
[2014-07-15T12:54:53:287+00] [356.3 MB] [Warning] Texture does not exist [File=Libs/Icons/challenge_achievement_46.dds]
[2014-07-15T12:54:53:290+00] [356.3 MB] [Warning] Texture does not exist [File=libs/icons/challenge_achievement_46.dds]
[2014-07-15T12:54:53:294+00] [356.3 MB] [Warning] Texture does not exist [File=Libs/Icons/challenge_achievement_47.dds]
[2014-07-15T12:54:53:298+00] [356.3 MB] [Warning] Texture does not exist [File=libs/icons/challenge_achievement_47.dds]
[2014-07-15T12:54:53:301+00] [356.3 MB] [Warning] Texture does not exist [File=Libs/Icons/challenge_achievement_48.dds]
[2014-07-15T12:54:53:305+00] [356.3 MB] [Warning] Texture does not exist [File=libs/icons/challenge_achievement_48.dds]
[2014-07-15T12:54:53:306+00] [356.3 MB] [Warning] Texture does not exist [File=Libs/Icons/challenge_achievement_49.dds]
[2014-07-15T12:54:53:311+00] [356.3 MB] [Warning] Texture does not exist [File=libs/icons/challenge_achievement_49.dds]
[2014-07-15T12:54:53:315+00] [356.3 MB] [Warning] Texture does not exist [File=Libs/Icons/challenge_achievement_50.dds]
[2014-07-15T12:54:53:316+00] [356.3 MB] [Warning] Texture does not exist [File=libs/icons/challenge_achievement_50.dds]
[2014-07-15T12:54:53:322+00] [355.7 MB] -- Precaching textures...
[2014-07-15T12:54:53:323+00] [355.7 MB] =============================== Loading textures ================================
[2014-07-15T12:54:53:326+00] [355.7 MB] ========================== Finished loading textures ============================
[2014-07-15T12:54:53:329+00] [355.7 MB] Precaching textures done in 0.00 seconds
[2014-07-15T12:54:53:336+00] [355.7 MB] [CShaderSerialize] Import Shader: Illum_weapons flags: 0x82000 mdvFlags: 0x0 from LEVEL cache ShaderCache/x360/Illum_weapons.fxb
[2014-07-15T12:54:53:339+00] [355.8 MB] [CShaderSerialize] Import Shader: Illum flags: 0x50008 mdvFlags: 0x0 from LEVEL cache ShaderCache/x360/Illum.fxb
[2014-07-15T12:54:53:340+00] [356.5 MB] [CShaderSerialize] Import Shader: Illum flags: 0x40008 mdvFlags: 0x0 from LEVEL cache ShaderCache/x360/Illum.fxb
[2014-07-15T12:54:53:344+00] [356.4 MB] [net ] CNetwork::UpdateTick() stall detected, socket manager poll waitTime=66, actionsTime=0
[2014-07-15T12:54:53:347+00] [356.4 MB] [net ] CCryLobby::TimerCallback() long frame detected, lastFrameTime=311
[2014-07-15T12:54:53:352+00] [356.4 MB] [net ] CNetwork::UpdateTick() stall detected, socket manager poll waitTime=66, actionsTime=0
[2014-07-15T12:54:53:355+00] [356.4 MB] [net ] CNetwork::UpdateTick() stall detected, socket manager poll waitTime=65, actionsTime=0
[2014-07-15T12:54:53:356+00] [356.4 MB] [net ] CNetwork::UpdateTick() stall detected, socket manager poll waitTime=65, actionsTime=0
[2014-07-15T12:54:53:577+00] [356.4 MB] [net ] CNetwork::UpdateTick() stall detected, socket manager poll waitTime=65, actionsTime=0
[2014-07-15T12:54:53:636+00] [356.4 MB] [net ] CNetwork::UpdateTick() stall detected, socket manager poll waitTime=66, actionsTime=0
[2014-07-15T12:54:53:639+00] [356.4 MB] [net ] CNetwork::UpdateTick() stall detected, socket manager poll waitTime=65, actionsTime=0
[2014-07-15T12:54:53:672+00] [356.4 MB] [net ] CNetwork::UpdateTick() stall detected, socket manager poll waitTime=66, actionsTime=0
[2014-07-15T12:54:53:677+00] [356.4 MB] [net ] CNetwork::UpdateTick() stall detected, socket manager poll waitTime=65, actionsTime=0
[2014-07-15T12:54:53:683+00] [356.4 MB] [net ] CNetwork::UpdateTick() stall detected, socket manager poll waitTime=65, actionsTime=0
[2014-07-15T12:54:53:695+00] [356.4 MB] [net ] CNetwork::UpdateTick() stall detected, socket manager poll waitTime=65, actionsTime=0
[2014-07-15T12:54:53:701+00] [356.4 MB] [net ] CNetwork::UpdateTick() stall detected, socket manager poll waitTime=65, actionsTime=0
[2014-07-15T12:54:53:707+00] [356.4 MB] [net ] CNetwork::UpdateTick() stall detected, socket manager poll waitTime=65, actionsTime=0
[2014-07-15T12:54:53:712+00] [356.4 MB] [net ] CNetwork::UpdateTick() stall detected, socket manager poll waitTime=65, actionsTime=0
[2014-07-15T12:54:53:718+00] [356.4 MB] [net ] CNetwork::UpdateTick() stall detected, socket manager poll waitTime=65, actionsTime=0
[2014-07-15T12:54:53:724+00] [356.4 MB] [net ] CNetwork::UpdateTick() stall detected, socket manager poll waitTime=65, actionsTime=0
[2014-07-15T12:54:53:730+00] [356.4 MB] [net ] CNetwork::UpdateTick() stall detected, socket manager poll waitTime=65, actionsTime=0
[2014-07-15T12:54:53:736+00] [356.4 MB] [net ] CNetwork::UpdateTick() stall detected, socket manager poll waitTime=65, actionsTime=0
[2014-07-15T12:54:53:741+00] [356.4 MB] [net ] CNetwork::UpdateTick() stall detected, socket manager poll waitTime=65, actionsTime=0
[2014-07-15T12:54:53:747+00] [356.4 MB] [net ] CNetwork::UpdateTick() stall detected, socket manager poll waitTime=65, actionsTime=0
[2014-07-15T12:54:53:753+00] [356.4 MB] [net ] CNetwork::UpdateTick() stall detected, socket manager poll waitTime=65, actionsTime=0
[2014-07-15T12:54:53:759+00] [356.4 MB] [net ] CNetwork::UpdateTick() stall detected, socket manager poll waitTime=65, actionsTime=0
[2014-07-15T12:54:53:765+00] [356.4 MB] [net ] CNetwork::UpdateTick() stall detected, socket manager poll waitTime=65, actionsTime=0
[2014-07-15T12:54:53:770+00] [356.4 MB] [net ] CNetwork::UpdateTick() stall detected, socket manager poll waitTime=66, actionsTime=0
[2014-07-15T12:54:53:777+00] [356.4 MB] [net ] CNetwork::UpdateTick() stall detected, socket manager poll waitTime=64, actionsTime=0
[2014-07-15T12:54:53:782+00] [356.4 MB] [net ] CNetwork::UpdateTick() stall detected, socket manager poll waitTime=65, actionsTime=0
[2014-07-15T12:54:53:786+00] [356.4 MB] [net ] CNetwork::UpdateTick() stall detected, socket manager poll waitTime=65, actionsTime=0
[2014-07-15T12:54:53:789+00] [356.4 MB] [net ] CNetwork::UpdateTick() stall detected, socket manager poll waitTime=65, actionsTime=0
[2014-07-15T12:54:53:790+00] [356.4 MB] [net ] CNetwork::UpdateTick() stall detected, socket manager poll waitTime=65, actionsTime=0
[2014-07-15T12:54:53:792+00] [356.4 MB] [net ] CNetwork::UpdateTick() stall detected, socket manager poll waitTime=66, actionsTime=0
[2014-07-15T12:54:53:794+00] [356.4 MB] [net ] CNetwork::UpdateTick() stall detected, socket manager poll waitTime=65, actionsTime=0
[2014-07-15T12:54:53:797+00] [356.4 MB] [net ] CNetwork::UpdateTick() stall detected, socket manager poll waitTime=66, actionsTime=0
[2014-07-15T12:54:53:801+00] [356.4 MB] [net ] CNetwork::UpdateTick() stall detected, socket manager poll waitTime=65, actionsTime=0
[2014-07-15T12:54:53:804+00] [356.4 MB] [net ] CNetwork::UpdateTick() stall detected, socket manager poll waitTime=65, actionsTime=0
[2014-07-15T12:54:53:805+00] [356.4 MB] [net ] CNetwork::UpdateTick() stall detected, socket manager poll waitTime=65, actionsTime=0
[2014-07-15T12:54:53:806+00] [356.4 MB] [net ] CNetwork::UpdateTick() stall detected, socket manager poll waitTime=65, actionsTime=0
[2014-07-15T12:54:53:809+00] [356.4 MB] [net ] CNetwork::UpdateTick() stall detected, socket manager poll waitTime=65, actionsTime=0
[2014-07-15T12:54:53:812+00] [356.4 MB] [net ] CNetwork::UpdateTick() stall detected, socket manager poll waitTime=65, actionsTime=0
[2014-07-15T12:54:53:814+00] [356.4 MB] [net ] CNetwork::UpdateTick() stall detected, socket manager poll waitTime=65, actionsTime=0
[2014-07-15T12:54:53:817+00] [356.4 MB] [net ] CNetwork::UpdateTick() stall detected, socket manager poll waitTime=65, actionsTime=0
[2014-07-15T12:54:53:823+00] [356.4 MB] [net ] CNetwork::UpdateTick() stall detected, socket manager poll waitTime=65, actionsTime=0
[2014-07-15T12:54:53:827+00] [356.4 MB] [net ] CNetwork::UpdateTick() stall detected, socket manager poll waitTime=65, actionsTime=0
[2014-07-15T12:54:53:831+00] [356.4 MB] [net ] CNetwork::UpdateTick() stall detected, socket manager poll waitTime=65, actionsTime=0
[2014-07-15T12:54:53:836+00] [356.4 MB] [net ] CNetwork::UpdateTick() stall detected, socket manager poll waitTime=65, actionsTime=0
[2014-07-15T12:54:53:840+00] [356.4 MB] [net ] CNetwork::UpdateTick() stall detected, socket manager poll waitTime=65, actionsTime=0
[2014-07-15T12:54:53:844+00] [356.4 MB] [net ] CNetwork::UpdateTick() stall detected, socket manager poll waitTime=65, actionsTime=0
[2014-07-15T12:54:53:847+00] [356.4 MB] [net ] CNetwork::UpdateTick() stall detected, socket manager poll waitTime=65, actionsTime=0
[2014-07-15T12:54:53:850+00] [356.4 MB] [net ] CNetwork::UpdateTick() stall detected, socket manager poll waitTime=65, actionsTime=0
[2014-07-15T12:54:53:854+00] [356.4 MB] [net ] CNetwork::UpdateTick() stall detected, socket manager poll waitTime=65, actionsTime=0
[2014-07-15T12:54:53:855+00] [356.4 MB] [net ] CNetwork::UpdateTick() stall detected, socket manager poll waitTime=65, actionsTime=0
[2014-07-15T12:54:53:858+00] [356.4 MB] [net ] CNetwork::UpdateTick() stall detected, socket manager poll waitTime=65, actionsTime=0
[2014-07-15T12:54:53:861+00] [356.4 MB] [net ] CNetwork::UpdateTick() stall detected, socket manager poll waitTime=66, actionsTime=0
[2014-07-15T12:54:53:864+00] [356.4 MB] [net ] CNetwork::UpdateTick() stall detected, socket manager poll waitTime=64, actionsTime=0
[2014-07-15T12:54:53:867+00] [356.4 MB] [net ] CNetwork::UpdateTick() stall detected, socket manager poll waitTime=65, actionsTime=0
[2014-07-15T12:54:53:873+00] [356.4 MB] [net ] CNetwork::UpdateTick() stall detected, socket manager poll waitTime=65, actionsTime=0
[2014-07-15T12:54:53:875+00] [356.4 MB] [net ] CNetwork::UpdateTick() stall detected, socket manager poll waitTime=65, actionsTime=0
[2014-07-15T12:54:53:878+00] [356.4 MB] [net ] CNetwork::UpdateTick() stall detected, socket manager poll waitTime=65, actionsTime=0
[2014-07-15T12:54:53:882+00] [356.4 MB] [net ] CNetwork::UpdateTick() stall detected, socket manager poll waitTime=65, actionsTime=0
[2014-07-15T12:54:53:885+00] [356.4 MB] [net ] CNetwork::UpdateTick() stall detected, socket manager poll waitTime=65, actionsTime=0
[2014-07-15T12:54:53:889+00] [356.4 MB] [net ] CNetwork::UpdateTick() stall detected, socket manager poll waitTime=65, actionsTime=0
[2014-07-15T12:54:53:890+00] [356.4 MB] [net ] CNetwork::UpdateTick() stall detected, socket manager poll waitTime=65, actionsTime=0
[2014-07-15T12:54:53:893+00] [356.4 MB] [net ] CNetwork::UpdateTick() stall detected, socket manager poll waitTime=65, actionsTime=0
[2014-07-15T12:54:53:896+00] [356.4 MB] [net ] CNetwork::UpdateTick() stall detected, socket manager poll waitTime=65, actionsTime=0
[2014-07-15T12:54:53:900+00] [356.4 MB] [net ] CNetwork::SyncWithGame() took a long time [554], lock=[0], normal=[554], lobby=[0], gotLobbyLock=true
[2014-07-15T12:54:53:911+00] [356.4 MB] [net ] CNetwork::UpdateTick() stall detected, socket manager poll waitTime=65, actionsTime=0
[2014-07-15T12:54:53:912+00] [356.4 MB] [net ] CCryLobby::TimerCallback() long frame detected, lastFrameTime=569
[2014-07-15T12:54:54:179+00] [356.4 MB] Spawn player for channel 1 .. 0
[2014-07-15T12:54:54:257+00] [356.4 MB] <Lua> [Seizure:SpawnPlayer] Player 'Xeae853fc6IDIGQ' will be spawned; locationId 'userdata: 000000A5', location name 'Team2Default2', pos 397.07 409.94 3.13
[2014-07-15T12:54:54:263+00] [356.4 MB] Create AG playerfullbody.xml
[2014-07-15T12:54:54:570+00] [356.7 MB] Create AG playerupperbody.xml
[2014-07-15T12:54:54:963+00] [357.2 MB] Xeae853fc6IDIGQ::SetPlayerPresetScript() in 
[2014-07-15T12:54:55:113+00] [357.2 MB] [Warning] Fixing material name chunk with wrong endianness: Objects/Characters/Human/compound_base, objects/characters/human/compound_base.chr
[2014-07-15T12:54:55:117+00] [357.2 MB] [Warning]  bSwapEndian=0, nSubMaterials=0x00000000, nPhysicalizeType=0x00100000, nFlags=0x01000000
[2014-07-15T12:54:55:133+00] [357.4 MB] [Warning] Fixing material name chunk with wrong endianness: Objects/Characters/Human/compound_base, objects/characters/human/compound_base_lod1.chr
[2014-07-15T12:54:55:134+00] [357.4 MB] [Warning]  bSwapEndian=0, nSubMaterials=0x00000000, nPhysicalizeType=0x00100000, nFlags=0x01000000
[2014-07-15T12:54:55:583+00] [358.3 MB]   3055 animation-assets loaded (total assets: 8019)
[2014-07-15T12:54:56:216+00] [358.6 MB] <Lua> Seizure:SetupPlayerTeam() player Xeae853fc6IDIGQ set on team 0
[2014-07-15T12:54:56:229+00] [358.6 MB] <Lua> Connect: Channel 1, player Xeae853fc6IDIGQ, PvPTeamId 0, spectator 1, teamId 0
[2014-07-15T12:54:56:234+00] [358.6 MB] [net ] CNetwork::UpdateTick() stall detected, socket manager poll waitTime=66, actionsTime=0
[2014-07-15T12:54:56:283+00] [358.6 MB] [net ] CNetwork::UpdateTick() stall detected, socket manager poll waitTime=65, actionsTime=0
[2014-07-15T12:54:56:301+00] [358.6 MB] [net ] CNetwork::UpdateTick() stall detected, socket manager poll waitTime=65, actionsTime=0
[2014-07-15T12:54:56:307+00] [358.6 MB] [net ] CNetwork::UpdateTick() stall detected, socket manager poll waitTime=65, actionsTime=0
[2014-07-15T12:54:56:312+00] [358.6 MB] [net ] CNetwork::UpdateTick() stall detected, socket manager poll waitTime=65, actionsTime=0
[2014-07-15T12:54:56:317+00] [358.6 MB] [net ] CNetwork::UpdateTick() stall detected, socket manager poll waitTime=65, actionsTime=0
[2014-07-15T12:54:56:334+00] [358.6 MB] [net ] CNetwork::UpdateTick() stall detected, socket manager poll waitTime=65, actionsTime=0
[2014-07-15T12:54:56:353+00] [358.6 MB] [net ] CNetwork::UpdateTick() stall detected, socket manager poll waitTime=65, actionsTime=0
[2014-07-15T12:54:56:358+00] [358.6 MB] [net ] CNetwork::UpdateTick() stall detected, socket manager poll waitTime=65, actionsTime=0
[2014-07-15T12:54:56:364+00] [358.6 MB] [net ] CNetwork::UpdateTick() stall detected, socket manager poll waitTime=65, actionsTime=0
[2014-07-15T12:54:56:369+00] [358.6 MB] [net ] CNetwork::UpdateTick() stall detected, socket manager poll waitTime=65, actionsTime=0
[2014-07-15T12:54:56:385+00] [358.6 MB] [net ] CNetwork::UpdateTick() stall detected, socket manager poll waitTime=65, actionsTime=0
[2014-07-15T12:54:56:403+00] [358.6 MB] [net ] CNetwork::UpdateTick() stall detected, socket manager poll waitTime=66, actionsTime=0
[2014-07-15T12:54:56:409+00] [358.6 MB] [net ] CNetwork::UpdateTick() stall detected, socket manager poll waitTime=66, actionsTime=0
[2014-07-15T12:54:56:415+00] [358.6 MB] [net ] CNetwork::UpdateTick() stall detected, socket manager poll waitTime=66, actionsTime=0
[2014-07-15T12:54:56:421+00] [358.6 MB] [net ] CNetwork::UpdateTick() stall detected, socket manager poll waitTime=66, actionsTime=0
[2014-07-15T12:54:56:433+00] [358.6 MB] [net ] CNetwork::UpdateTick() stall detected, socket manager poll waitTime=66, actionsTime=0
[2014-07-15T12:54:56:437+00] [358.6 MB] [net ] CNetwork::UpdateTick() stall detected, socket manager poll waitTime=65, actionsTime=0
[2014-07-15T12:54:56:438+00] [358.6 MB] [net ] CNetwork::UpdateTick() stall detected, socket manager poll waitTime=66, actionsTime=0
[2014-07-15T12:54:56:440+00] [358.6 MB] [net ] CNetwork::UpdateTick() stall detected, socket manager poll waitTime=66, actionsTime=0
[2014-07-15T12:54:56:442+00] [358.6 MB] [net ] CNetwork::UpdateTick() stall detected, socket manager poll waitTime=66, actionsTime=0
[2014-07-15T12:54:56:444+00] [358.6 MB] [net ] CNetwork::UpdateTick() stall detected, socket manager poll waitTime=66, actionsTime=0
[2014-07-15T12:54:56:448+00] [358.6 MB] [net ] CNetwork::UpdateTick() stall detected, socket manager poll waitTime=66, actionsTime=0
[2014-07-15T12:54:56:451+00] [358.6 MB] [net ] CNetwork::UpdateTick() stall detected, socket manager poll waitTime=65, actionsTime=0
[2014-07-15T12:54:56:456+00] [358.6 MB] [net ] CNetwork::UpdateTick() stall detected, socket manager poll waitTime=66, actionsTime=0
[2014-07-15T12:54:56:461+00] [358.6 MB] [net ] CNetwork::UpdateTick() stall detected, socket manager poll waitTime=66, actionsTime=0
[2014-07-15T12:54:56:465+00] [358.6 MB] [net ] CNetwork::UpdateTick() stall detected, socket manager poll waitTime=64, actionsTime=0
[2014-07-15T12:54:56:469+00] [358.6 MB] [net ] CNetwork::UpdateTick() stall detected, socket manager poll waitTime=66, actionsTime=0
[2014-07-15T12:54:56:472+00] [358.6 MB] [net ] CNetwork::UpdateTick() stall detected, socket manager poll waitTime=65, actionsTime=0
[2014-07-15T12:54:56:474+00] [358.6 MB] [net ] CNetwork::UpdateTick() stall detected, socket manager poll waitTime=64, actionsTime=0
[2014-07-15T12:54:56:478+00] [358.6 MB] [net ] CNetwork::SyncWithGame() took a long time [242], lock=[0], normal=[242], lobby=[0], gotLobbyLock=true
[2014-07-15T12:54:56:482+00] [358.6 MB] [net ] CNetwork::UpdateTick() stall detected, socket manager poll waitTime=66, actionsTime=0
[2014-07-15T12:54:56:485+00] [358.6 MB] [net ] CCryLobby::TimerCallback() long frame detected, lastFrameTime=309
[2014-07-15T12:54:56:757+00] [359.4 MB] [net ] CNetwork::SyncWithGame() took a long time [273], lock=[0], normal=[273], lobby=[0], gotLobbyLock=true
[2014-07-15T12:54:56:893+00] [359.4 MB] [net ] CNetwork::UpdateTick() stall detected, socket manager poll waitTime=66, actionsTime=0
[2014-07-15T12:54:56:898+00] [359.4 MB] [net ] CCryLobby::TimerCallback() long frame detected, lastFrameTime=409
[2014-07-15T12:54:56:956+00] [359.4 MB] Spawn player for channel 1 .. 0
[2014-07-15T12:54:56:962+00] [359.4 MB] <Lua> Found 0 triggers of type 1
[2014-07-15T12:54:57:001+00] [359.4 MB] <Lua> Found 0 triggers of type 2
[2014-07-15T12:54:57:046+00] [359.4 MB] <Lua> Found 0 killzones, 0 active
[2014-07-15T12:54:57:057+00] [359.4 MB] <Lua> Entered: Channel 1, player Xeae853fc6IDIGQ, PvPTeamId 0
[2014-07-15T12:54:57:083+00] [359.4 MB] <Lua> EquipPlayer Xeae853fc6IDIGQ
[2014-07-15T12:54:57:096+00] [359.4 MB] [Warning] Ammo class explosiveGrenade02_test_premium not found.
[2014-07-15T12:54:57:103+00] [359.4 MB] [Game rules state changed] New state: InGame
[2014-07-15T12:54:57:108+00] [359.4 MB] [CGameRules::OnClientEnteredGame] First client in game. Starting countdown 30000
[2014-07-15T12:54:57:114+00] [359.4 MB] [net ] CNetwork::UpdateTick() stall detected, socket manager poll waitTime=66, actionsTime=0
[2014-07-15T12:54:57:128+00] [359.4 MB] [net ] CNetwork::UpdateTick() stall detected, socket manager poll waitTime=65, actionsTime=0
[2014-07-15T12:54:57:148+00] [359.4 MB] [SOUND] 402F8880->Blocking/CSoundSystem::CreateListener()
[2014-07-15T12:54:57:156+00] [359.4 MB] -----------------------------------------------------
[2014-07-15T12:54:57:162+00] [359.4 MB] *LOADING: Level lobby_evening loading time: 20.09 seconds
[2014-07-15T12:54:57:179+00] [359.4 MB] -----------------------------------------------------
[2014-07-15T12:54:57:207+00] [384.1 MB] === Precaching render data for cutscene: 4th_Target2_down ===
[2014-07-15T12:54:57:214+00] [384.1 MB] === Precaching render data for cutscene: 4th_Target3_down ===
[2014-07-15T12:54:57:231+00] [384.1 MB] === Precaching render data for cutscene: 6th_Target1_down ===
[2014-07-15T12:54:57:262+00] [384.1 MB] === Precaching render data for cutscene: 6th_Target2_down ===
[2014-07-15T12:54:57:267+00] [384.1 MB] === Precaching render data for cutscene: 3rd_Target1_down ===
[2014-07-15T12:54:57:269+00] [384.1 MB] === Precaching render data for cutscene: 3rd_Target2_down ===
[2014-07-15T12:54:57:270+00] [384.1 MB] === Precaching render data for cutscene: 2nd_Target1_down ===
[2014-07-15T12:54:57:272+00] [384.1 MB] === Precaching render data for cutscene: 2nd_Target2_down ===
[2014-07-15T12:54:57:274+00] [384.1 MB] === Precaching render data for cutscene: 1st_Target1_down ===
[2014-07-15T12:54:57:275+00] [384.1 MB] === Precaching render data for cutscene: 1st_Target2_down ===
[2014-07-15T12:54:57:283+00] [385.7 MB] Pre-caching render meshes for camera position
[2014-07-15T12:54:57:286+00] [385.7 MB] Updating level streaming priorities for 1 cameras (LevelFrameId = 1)
[2014-07-15T12:54:57:302+00] [376.9 MB] [net ] CNetwork::UpdateTick() stall detected, socket manager poll waitTime=64, actionsTime=0
[2014-07-15T12:54:57:354+00] [376.9 MB] Pre-caching render meshes for camera position
[2014-07-15T12:54:57:357+00] [376.9 MB] Updating level streaming priorities for 1 cameras (LevelFrameId = 2)
[2014-07-15T12:54:57:366+00] [376.9 MB] [Warning] Trying to unregister non registered entity from autoaim manager
[2014-07-15T12:54:57:368+00] [376.9 MB] [Warning] Trying to unregister non registered entity from autoaim manager
[2014-07-15T12:54:57:369+00] [376.9 MB] [Warning] Trying to unregister non registered entity from autoaim manager
[2014-07-15T12:54:57:371+00] [376.9 MB] [Warning] Trying to unregister non registered entity from autoaim manager
[2014-07-15T12:54:57:375+00] [376.9 MB] [Warning] Trying to unregister non registered entity from autoaim manager
[2014-07-15T12:54:57:376+00] [376.9 MB] [Warning] Trying to unregister non registered entity from autoaim manager
[2014-07-15T12:54:57:378+00] [376.9 MB] [Warning] Trying to unregister non registered entity from autoaim manager
[2014-07-15T12:54:57:380+00] [376.9 MB] [Warning] Trying to unregister non registered entity from autoaim manager
[2014-07-15T12:54:57:381+00] [376.9 MB] [Warning] Trying to unregister non registered entity from autoaim manager
[2014-07-15T12:54:57:383+00] [376.9 MB] [Warning] Trying to unregister non registered entity from autoaim manager
[2014-07-15T12:54:57:388+00] [376.9 MB] [net ] CNetwork::UpdateTick() stall detected, socket manager poll waitTime=66, actionsTime=0
[2014-07-15T12:54:57:391+00] [376.9 MB] Pre-caching render meshes for camera position
[2014-07-15T12:54:57:393+00] [376.9 MB] Updating level streaming priorities for 1 cameras (LevelFrameId = 3)
[2014-07-15T12:54:57:427+00] [377.1 MB] <Sound> Sound-FmodEx-AudioDevice Thread created: FMOD nonblocking thread (1) (-134215528) 
[2014-07-15T12:54:57:435+00] [377.1 MB] Pre-caching render meshes for camera position
[2014-07-15T12:54:57:436+00] [377.1 MB] Updating level streaming priorities for 1 cameras (LevelFrameId = 4)
[2014-07-15T12:54:57:461+00] [377.2 MB] Pre-caching render meshes for camera position
[2014-07-15T12:54:57:462+00] [377.2 MB] Updating level streaming priorities for 1 cameras (LevelFrameId = 5)
[2014-07-15T12:54:57:475+00] [377.2 MB] Pre-caching render meshes for camera position
[2014-07-15T12:54:57:514+00] [377.2 MB] Updating level streaming priorities for 1 cameras (LevelFrameId = 6)
[2014-07-15T12:54:57:528+00] [377.2 MB] Pre-caching render meshes for camera position
[2014-07-15T12:54:57:530+00] [377.2 MB] Updating level streaming priorities for 1 cameras (LevelFrameId = 7)
[2014-07-15T12:54:57:547+00] [377.2 MB] Pre-caching render meshes for camera position
[2014-07-15T12:54:57:549+00] [377.2 MB] Updating level streaming priorities for 1 cameras (LevelFrameId = 8)
[2014-07-15T12:54:57:572+00] [377.2 MB] Pre-caching render meshes for camera position
[2014-07-15T12:54:57:574+00] [377.2 MB] Updating level streaming priorities for 1 cameras (LevelFrameId = 9)
[2014-07-15T12:54:57:589+00] [377.2 MB] Pre-caching render meshes for camera position
[2014-07-15T12:54:57:591+00] [377.2 MB] Updating level streaming priorities for 1 cameras (LevelFrameId = 10)
[2014-07-15T12:54:57:603+00] [377.2 MB] Pre-caching render meshes for camera position
[2014-07-15T12:54:57:605+00] [377.2 MB] Updating level streaming priorities for 1 cameras (LevelFrameId = 11)
[2014-07-15T12:54:57:618+00] [377.2 MB] Pre-caching render meshes for camera position
[2014-07-15T12:54:57:620+00] [377.2 MB] Updating level streaming priorities for 1 cameras (LevelFrameId = 12)
[2014-07-15T12:54:57:633+00] [377.2 MB] Pre-caching render meshes for camera position
[2014-07-15T12:54:57:635+00] [377.2 MB] Updating level streaming priorities for 1 cameras (LevelFrameId = 13)
[2014-07-15T12:54:57:649+00] [377.2 MB] Pre-caching render meshes for camera position
[2014-07-15T12:54:57:651+00] [377.2 MB] Updating level streaming priorities for 1 cameras (LevelFrameId = 14)
[2014-07-15T12:54:57:664+00] [377.2 MB] Pre-caching render meshes for camera position
[2014-07-15T12:54:57:666+00] [377.2 MB] Updating level streaming priorities for 1 cameras (LevelFrameId = 15)
[2014-07-15T12:54:57:679+00] [377.2 MB] Pre-caching render meshes for camera position
[2014-07-15T12:54:57:681+00] [377.2 MB] Updating level streaming priorities for 1 cameras (LevelFrameId = 16)
[2014-07-15T12:54:57:693+00] [377.2 MB] Pre-caching render meshes for camera position
[2014-07-15T12:54:57:695+00] [377.2 MB] Updating level streaming priorities for 1 cameras (LevelFrameId = 17)
[2014-07-15T12:54:57:710+00] [377.2 MB] Pre-caching render meshes for camera position
[2014-07-15T12:54:57:712+00] [377.2 MB] Updating level streaming priorities for 1 cameras (LevelFrameId = 18)
[2014-07-15T12:54:57:726+00] [377.2 MB] Pre-caching render meshes for camera position
[2014-07-15T12:54:57:728+00] [377.2 MB] Updating level streaming priorities for 1 cameras (LevelFrameId = 19)
[2014-07-15T12:54:57:742+00] [377.2 MB] Pre-caching render meshes for camera position
[2014-07-15T12:54:57:744+00] [377.2 MB] Updating level streaming priorities for 1 cameras (LevelFrameId = 20)
[2014-07-15T12:54:57:759+00] [377.2 MB] Pre-caching render meshes for camera position
[2014-07-15T12:54:57:761+00] [377.2 MB] Updating level streaming priorities for 1 cameras (LevelFrameId = 21)
[2014-07-15T12:54:57:774+00] [377.2 MB] Pre-caching render meshes for camera position
[2014-07-15T12:54:57:775+00] [377.2 MB] Updating level streaming priorities for 1 cameras (LevelFrameId = 22)
[2014-07-15T12:54:57:789+00] [377.2 MB] Pre-caching render meshes for camera position
[2014-07-15T12:54:57:791+00] [377.2 MB] Updating level streaming priorities for 1 cameras (LevelFrameId = 23)
[2014-07-15T12:54:57:804+00] [377.2 MB] Pre-caching render meshes for camera position
[2014-07-15T12:54:57:805+00] [377.2 MB] Updating level streaming priorities for 1 cameras (LevelFrameId = 24)
[2014-07-15T12:54:57:819+00] [377.2 MB] Pre-caching render meshes for camera position
[2014-07-15T12:54:57:821+00] [377.2 MB] Updating level streaming priorities for 1 cameras (LevelFrameId = 25)
[2014-07-15T12:54:57:834+00] [377.2 MB] Pre-caching render meshes for camera position
[2014-07-15T12:54:57:836+00] [377.2 MB] Updating level streaming priorities for 1 cameras (LevelFrameId = 26)
[2014-07-15T12:54:57:849+00] [377.2 MB] Pre-caching render meshes for camera position
[2014-07-15T12:54:57:851+00] [377.2 MB] Updating level streaming priorities for 1 cameras (LevelFrameId = 27)
[2014-07-15T12:54:57:864+00] [377.2 MB] Pre-caching render meshes for camera position
[2014-07-15T12:54:57:866+00] [377.2 MB] Updating level streaming priorities for 1 cameras (LevelFrameId = 28)
[2014-07-15T12:54:57:880+00] [377.2 MB] Pre-caching render meshes for camera position
[2014-07-15T12:54:57:882+00] [377.2 MB] Updating level streaming priorities for 1 cameras (LevelFrameId = 29)
[2014-07-15T12:54:57:895+00] [377.2 MB] Pre-caching render meshes for camera position
[2014-07-15T12:54:57:897+00] [377.2 MB] Updating level streaming priorities for 1 cameras (LevelFrameId = 30)
[2014-07-15T12:54:57:910+00] [377.2 MB] Pre-caching render meshes for camera position
[2014-07-15T12:54:57:912+00] [377.2 MB] Updating level streaming priorities for 1 cameras (LevelFrameId = 31)
[2014-07-15T12:54:57:926+00] [377.2 MB] Pre-caching render meshes for camera position
[2014-07-15T12:54:57:928+00] [377.2 MB] Updating level streaming priorities for 1 cameras (LevelFrameId = 32)
[2014-07-15T12:54:57:943+00] [377.2 MB] Pre-caching render meshes for camera position
[2014-07-15T12:54:57:945+00] [377.2 MB] Updating level streaming priorities for 1 cameras (LevelFrameId = 33)
[2014-07-15T12:54:57:957+00] [377.2 MB] Pre-caching render meshes for camera position
[2014-07-15T12:54:57:958+00] [377.2 MB] Updating level streaming priorities for 1 cameras (LevelFrameId = 34)
[2014-07-15T12:54:57:973+00] [377.2 MB] Pre-caching render meshes for camera position
[2014-07-15T12:54:57:974+00] [377.2 MB] Updating level streaming priorities for 1 cameras (LevelFrameId = 35)
[2014-07-15T12:54:57:987+00] [377.2 MB] Pre-caching render meshes for camera position
[2014-07-15T12:54:57:989+00] [377.2 MB] Updating level streaming priorities for 1 cameras (LevelFrameId = 36)
[2014-07-15T12:54:58:001+00] [377.2 MB] Pre-caching render meshes for camera position
[2014-07-15T12:54:58:003+00] [377.2 MB] Updating level streaming priorities for 1 cameras (LevelFrameId = 37)
[2014-07-15T12:54:58:016+00] [377.2 MB] Pre-caching render meshes for camera position
[2014-07-15T12:54:58:018+00] [377.2 MB] Updating level streaming priorities for 1 cameras (LevelFrameId = 38)
[2014-07-15T12:54:58:031+00] [377.2 MB] Pre-caching render meshes for camera position
[2014-07-15T12:54:58:033+00] [377.2 MB] Updating level streaming priorities for 1 cameras (LevelFrameId = 39)
[2014-07-15T12:54:58:046+00] [377.2 MB] Pre-caching render meshes for camera position
[2014-07-15T12:54:58:047+00] [377.2 MB] Updating level streaming priorities for 1 cameras (LevelFrameId = 40)
[2014-07-15T12:54:58:060+00] [377.2 MB] Pre-caching render meshes for camera position
[2014-07-15T12:54:58:062+00] [377.2 MB] Updating level streaming priorities for 1 cameras (LevelFrameId = 41)
[2014-07-15T12:54:58:077+00] [377.2 MB] Pre-caching render meshes for camera position
[2014-07-15T12:54:58:078+00] [377.2 MB] Updating level streaming priorities for 1 cameras (LevelFrameId = 42)
[2014-07-15T12:54:58:090+00] [377.2 MB] Pre-caching render meshes for camera position
[2014-07-15T12:54:58:092+00] [377.2 MB] Updating level streaming priorities for 1 cameras (LevelFrameId = 43)
[2014-07-15T12:54:58:106+00] [377.2 MB] Pre-caching render meshes for camera position
[2014-07-15T12:54:58:108+00] [377.2 MB] Updating level streaming priorities for 1 cameras (LevelFrameId = 44)
[2014-07-15T12:54:58:122+00] [377.2 MB] Pre-caching render meshes for camera position
[2014-07-15T12:54:58:124+00] [377.2 MB] Updating level streaming priorities for 1 cameras (LevelFrameId = 45)
[2014-07-15T12:54:58:137+00] [377.2 MB] Pre-caching render meshes for camera position
[2014-07-15T12:54:58:139+00] [377.2 MB] Updating level streaming priorities for 1 cameras (LevelFrameId = 46)
[2014-07-15T12:54:58:151+00] [377.2 MB] Pre-caching render meshes for camera position
[2014-07-15T12:54:58:153+00] [377.2 MB] Updating level streaming priorities for 1 cameras (LevelFrameId = 47)
[2014-07-15T12:54:58:167+00] [377.2 MB] Pre-caching render meshes for camera position
[2014-07-15T12:54:58:169+00] [377.2 MB] Updating level streaming priorities for 1 cameras (LevelFrameId = 48)
[2014-07-15T12:54:58:183+00] [377.2 MB] Pre-caching render meshes for camera position
[2014-07-15T12:54:58:185+00] [377.2 MB] Updating level streaming priorities for 1 cameras (LevelFrameId = 49)
[2014-07-15T12:54:58:198+00] [377.2 MB] Pre-caching render meshes for camera position
[2014-07-15T12:54:58:200+00] [377.2 MB] Updating level streaming priorities for 1 cameras (LevelFrameId = 50)
[2014-07-15T12:54:58:213+00] [377.2 MB] Pre-caching render meshes for camera position
[2014-07-15T12:54:58:215+00] [377.2 MB] Updating level streaming priorities for 1 cameras (LevelFrameId = 51)
[2014-07-15T12:54:58:229+00] [377.2 MB] Pre-caching render meshes for camera position
[2014-07-15T12:54:58:231+00] [377.2 MB] Updating level streaming priorities for 1 cameras (LevelFrameId = 52)
[2014-07-15T12:54:58:245+00] [377.2 MB] Pre-caching render meshes for camera position
[2014-07-15T12:54:58:246+00] [377.2 MB] Updating level streaming priorities for 1 cameras (LevelFrameId = 53)
[2014-07-15T12:54:58:261+00] [377.2 MB] Pre-caching render meshes for camera position
[2014-07-15T12:54:58:263+00] [377.2 MB] Updating level streaming priorities for 1 cameras (LevelFrameId = 54)
[2014-07-15T12:54:58:276+00] [377.2 MB] Pre-caching render meshes for camera position
[2014-07-15T12:54:58:277+00] [377.2 MB] Updating level streaming priorities for 1 cameras (LevelFrameId = 55)
[2014-07-15T12:54:58:293+00] [377.2 MB] Pre-caching render meshes for camera position
[2014-07-15T12:54:58:295+00] [377.2 MB] Updating level streaming priorities for 1 cameras (LevelFrameId = 56)
[2014-07-15T12:54:58:307+00] [377.2 MB] Pre-caching render meshes for camera position
[2014-07-15T12:54:58:309+00] [377.2 MB] Updating level streaming priorities for 1 cameras (LevelFrameId = 57)
[2014-07-15T12:54:58:323+00] [377.2 MB] Pre-caching render meshes for camera position
[2014-07-15T12:54:58:324+00] [377.2 MB] Updating level streaming priorities for 1 cameras (LevelFrameId = 58)
[2014-07-15T12:54:58:339+00] [377.2 MB] Pre-caching render meshes for camera position
[2014-07-15T12:54:58:341+00] [377.2 MB] Updating level streaming priorities for 1 cameras (LevelFrameId = 59)
[2014-07-15T12:54:58:354+00] [377.2 MB] Pre-caching render meshes for camera position
[2014-07-15T12:54:58:356+00] [377.2 MB] Updating level streaming priorities for 1 cameras (LevelFrameId = 60)
[2014-07-15T12:54:58:369+00] [377.2 MB] Pre-caching render meshes for camera position
[2014-07-15T12:54:58:371+00] [377.2 MB] Updating level streaming priorities for 1 cameras (LevelFrameId = 61)
[2014-07-15T12:54:58:385+00] [377.2 MB] Pre-caching render meshes for camera position
[2014-07-15T12:54:58:387+00] [377.2 MB] Updating level streaming priorities for 1 cameras (LevelFrameId = 62)
[2014-07-15T12:54:58:399+00] [377.2 MB] Pre-caching render meshes for camera position
[2014-07-15T12:54:58:401+00] [377.2 MB] Updating level streaming priorities for 1 cameras (LevelFrameId = 63)
[2014-07-15T12:54:58:414+00] [377.2 MB] Pre-caching render meshes for camera position
[2014-07-15T12:54:58:416+00] [377.2 MB] Updating level streaming priorities for 1 cameras (LevelFrameId = 64)
[2014-07-15T12:54:58:428+00] [377.2 MB] Pre-caching render meshes for camera position
[2014-07-15T12:54:58:430+00] [377.2 MB] Updating level streaming priorities for 1 cameras (LevelFrameId = 65)
[2014-07-15T12:54:58:443+00] [377.2 MB] Pre-caching render meshes for camera position
[2014-07-15T12:54:58:445+00] [377.2 MB] Updating level streaming priorities for 1 cameras (LevelFrameId = 66)
[2014-07-15T12:54:58:458+00] [377.2 MB] Pre-caching render meshes for camera position
[2014-07-15T12:54:58:459+00] [377.2 MB] Updating level streaming priorities for 1 cameras (LevelFrameId = 67)
[2014-07-15T12:54:58:473+00] [377.2 MB] Pre-caching render meshes for camera position
[2014-07-15T12:54:58:475+00] [377.2 MB] Updating level streaming priorities for 1 cameras (LevelFrameId = 68)
[2014-07-15T12:54:58:488+00] [377.2 MB] Pre-caching render meshes for camera position
[2014-07-15T12:54:58:489+00] [377.2 MB] Updating level streaming priorities for 1 cameras (LevelFrameId = 69)
[2014-07-15T12:54:58:502+00] [377.2 MB] Pre-caching render meshes for camera position
[2014-07-15T12:54:58:504+00] [377.2 MB] Updating level streaming priorities for 1 cameras (LevelFrameId = 70)
[2014-07-15T12:54:58:517+00] [377.2 MB] Pre-caching render meshes for camera position
[2014-07-15T12:54:58:519+00] [377.2 MB] Updating level streaming priorities for 1 cameras (LevelFrameId = 71)
[2014-07-15T12:54:58:532+00] [377.2 MB] Pre-caching render meshes for camera position
[2014-07-15T12:54:58:534+00] [377.2 MB] Updating level streaming priorities for 1 cameras (LevelFrameId = 72)
[2014-07-15T12:54:58:547+00] [377.2 MB] Pre-caching render meshes for camera position
[2014-07-15T12:54:58:549+00] [377.2 MB] Updating level streaming priorities for 1 cameras (LevelFrameId = 73)
[2014-07-15T12:54:58:561+00] [377.2 MB] Pre-caching render meshes for camera position
[2014-07-15T12:54:58:564+00] [377.2 MB] Updating level streaming priorities for 1 cameras (LevelFrameId = 74)
[2014-07-15T12:54:58:577+00] [377.2 MB] Pre-caching render meshes for camera position
[2014-07-15T12:54:58:580+00] [377.2 MB] Updating level streaming priorities for 1 cameras (LevelFrameId = 75)
[2014-07-15T12:54:58:595+00] [377.2 MB] Pre-caching render meshes for camera position
[2014-07-15T12:54:58:597+00] [377.2 MB] Updating level streaming priorities for 1 cameras (LevelFrameId = 76)
[2014-07-15T12:54:58:610+00] [377.2 MB] Pre-caching render meshes for camera position
[2014-07-15T12:54:58:612+00] [377.2 MB] Updating level streaming priorities for 1 cameras (LevelFrameId = 77)
[2014-07-15T12:54:58:625+00] [377.2 MB] Pre-caching render meshes for camera position
[2014-07-15T12:54:58:628+00] [377.2 MB] Updating level streaming priorities for 1 cameras (LevelFrameId = 78)
[2014-07-15T12:54:58:640+00] [377.2 MB] Pre-caching render meshes for camera position
[2014-07-15T12:54:58:642+00] [377.2 MB] Updating level streaming priorities for 1 cameras (LevelFrameId = 79)
[2014-07-15T12:54:58:656+00] [377.2 MB] Pre-caching render meshes for camera position
[2014-07-15T12:54:58:658+00] [377.2 MB] Updating level streaming priorities for 1 cameras (LevelFrameId = 80)
[2014-07-15T12:54:58:672+00] [377.2 MB] Pre-caching render meshes for camera position
[2014-07-15T12:54:58:674+00] [377.2 MB] Updating level streaming priorities for 1 cameras (LevelFrameId = 81)
[2014-07-15T12:54:58:687+00] [377.2 MB] Pre-caching render meshes for camera position
[2014-07-15T12:54:58:688+00] [377.2 MB] Updating level streaming priorities for 1 cameras (LevelFrameId = 82)
[2014-07-15T12:54:58:705+00] [377.2 MB] Pre-caching render meshes for camera position
[2014-07-15T12:54:58:707+00] [377.2 MB] Updating level streaming priorities for 1 cameras (LevelFrameId = 83)
[2014-07-15T12:54:58:804+00] [377.2 MB] [net ] CNetwork::UpdateTick() stall detected, socket manager poll waitTime=65, actionsTime=0
[2014-07-15T12:54:58:809+00] [377.2 MB] Pre-caching render meshes for camera position
[2014-07-15T12:54:58:811+00] [377.3 MB] Updating level streaming priorities for 1 cameras (LevelFrameId = 84)
[2014-07-15T12:54:58:832+00] [377.7 MB] Pre-caching render meshes for camera position
[2014-07-15T12:54:58:849+00] [377.8 MB] Updating level streaming priorities for 1 cameras (LevelFrameId = 85)
[2014-07-15T12:54:58:862+00] [377.9 MB] Pre-caching render meshes for camera position
[2014-07-15T12:54:58:869+00] [377.9 MB] Updating level streaming priorities for 1 cameras (LevelFrameId = 86)
[2014-07-15T12:54:58:882+00] [378.0 MB] Pre-caching render meshes for camera position
[2014-07-15T12:54:58:885+00] [378.0 MB] Updating level streaming priorities for 1 cameras (LevelFrameId = 87)
[2014-07-15T12:54:58:900+00] [378.1 MB] Pre-caching render meshes for camera position
[2014-07-15T12:54:58:907+00] [378.1 MB] Updating level streaming priorities for 1 cameras (LevelFrameId = 88)
[2014-07-15T12:54:58:923+00] [378.2 MB] Pre-caching render meshes for camera position
[2014-07-15T12:54:58:924+00] [378.2 MB] Updating level streaming priorities for 1 cameras (LevelFrameId = 89)
[2014-07-15T12:54:58:937+00] [378.2 MB] Pre-caching render meshes for camera position
[2014-07-15T12:54:58:962+00] [378.2 MB] Updating level streaming priorities for 1 cameras (LevelFrameId = 90)
[2014-07-15T12:54:58:975+00] [378.2 MB] Pre-caching render meshes for camera position
[2014-07-15T12:54:58:987+00] [378.2 MB] Updating level streaming priorities for 1 cameras (LevelFrameId = 91)
[2014-07-15T12:54:59:000+00] [378.2 MB] Pre-caching render meshes for camera position
[2014-07-15T12:54:59:001+00] [378.2 MB] Updating level streaming priorities for 1 cameras (LevelFrameId = 92)
[2014-07-15T12:54:59:018+00] [378.2 MB] Pre-caching render meshes for camera position
[2014-07-15T12:54:59:024+00] [378.2 MB] Updating level streaming priorities for 1 cameras (LevelFrameId = 93)
[2014-07-15T12:54:59:036+00] [378.2 MB] Pre-caching render meshes for camera position
[2014-07-15T12:54:59:038+00] [378.2 MB] Updating level streaming priorities for 1 cameras (LevelFrameId = 94)
[2014-07-15T12:54:59:051+00] [378.2 MB] Pre-caching render meshes for camera position
[2014-07-15T12:54:59:054+00] [378.2 MB] Updating level streaming priorities for 1 cameras (LevelFrameId = 95)
[2014-07-15T12:54:59:074+00] [378.2 MB] Pre-caching render meshes for camera position
[2014-07-15T12:54:59:076+00] [378.2 MB] Updating level streaming priorities for 1 cameras (LevelFrameId = 96)
[2014-07-15T12:54:59:090+00] [378.7 MB] Pre-caching render meshes for camera position
[2014-07-15T12:54:59:095+00] [378.7 MB] Updating level streaming priorities for 1 cameras (LevelFrameId = 97)
[2014-07-15T12:54:59:109+00] [378.7 MB] Pre-caching render meshes for camera position
[2014-07-15T12:54:59:119+00] [378.7 MB] Updating level streaming priorities for 1 cameras (LevelFrameId = 98)
[2014-07-15T12:54:59:132+00] [378.7 MB] Pre-caching render meshes for camera position
[2014-07-15T12:54:59:134+00] [378.7 MB] Updating level streaming priorities for 1 cameras (LevelFrameId = 99)
[2014-07-15T12:54:59:160+00] [378.7 MB] Pre-caching render meshes for camera position
[2014-07-15T12:54:59:162+00] [378.7 MB] Updating level streaming priorities for 1 cameras (LevelFrameId = 100)
[2014-07-15T12:54:59:175+00] [378.7 MB] Pre-caching render meshes for camera position
[2014-07-15T12:54:59:183+00] [378.7 MB] Updating level streaming priorities for 1 cameras (LevelFrameId = 101)
[2014-07-15T12:54:59:196+00] [378.7 MB] Pre-caching render meshes for camera position
[2014-07-15T12:54:59:198+00] [378.7 MB] Updating level streaming priorities for 1 cameras (LevelFrameId = 102)
[2014-07-15T12:54:59:211+00] [378.7 MB] Pre-caching render meshes for camera position
[2014-07-15T12:54:59:213+00] [378.7 MB] Updating level streaming priorities for 1 cameras (LevelFrameId = 103)
[2014-07-15T12:54:59:225+00] [378.7 MB] Pre-caching render meshes for camera position
[2014-07-15T12:54:59:233+00] [378.7 MB] Updating level streaming priorities for 1 cameras (LevelFrameId = 104)
[2014-07-15T12:54:59:254+00] [379.2 MB] Pre-caching render meshes for camera position
[2014-07-15T12:54:59:255+00] [379.2 MB] Updating level streaming priorities for 1 cameras (LevelFrameId = 105)
[2014-07-15T12:54:59:270+00] [379.2 MB] Pre-caching render meshes for camera position
[2014-07-15T12:54:59:281+00] [379.2 MB] Updating level streaming priorities for 1 cameras (LevelFrameId = 106)
[2014-07-15T12:54:59:295+00] [379.2 MB] Pre-caching render meshes for camera position
[2014-07-15T12:54:59:297+00] [379.2 MB] Updating level streaming priorities for 1 cameras (LevelFrameId = 107)
[2014-07-15T12:54:59:309+00] [379.2 MB] Pre-caching render meshes for camera position
[2014-07-15T12:54:59:312+00] [379.2 MB] Updating level streaming priorities for 1 cameras (LevelFrameId = 108)
[2014-07-15T12:54:59:325+00] [379.7 MB] Pre-caching render meshes for camera position
[2014-07-15T12:54:59:327+00] [379.7 MB] Updating level streaming priorities for 1 cameras (LevelFrameId = 109)
[2014-07-15T12:54:59:339+00] [379.7 MB] Pre-caching render meshes for camera position
[2014-07-15T12:54:59:353+00] [379.7 MB] Updating level streaming priorities for 1 cameras (LevelFrameId = 110)
[2014-07-15T12:54:59:367+00] [379.9 MB] Pre-caching render meshes for camera position
[2014-07-15T12:54:59:369+00] [379.9 MB] Updating level streaming priorities for 1 cameras (LevelFrameId = 111)
[2014-07-15T12:54:59:382+00] [379.9 MB] Pre-caching render meshes for camera position
[2014-07-15T12:54:59:387+00] [379.9 MB] Updating level streaming priorities for 1 cameras (LevelFrameId = 112)
[2014-07-15T12:54:59:409+00] [379.9 MB] Pre-caching render meshes for camera position
[2014-07-15T12:54:59:413+00] [379.9 MB] Updating level streaming priorities for 1 cameras (LevelFrameId = 113)
[2014-07-15T12:54:59:426+00] [380.4 MB] Pre-caching render meshes for camera position
[2014-07-15T12:54:59:433+00] [380.4 MB] Updating level streaming priorities for 1 cameras (LevelFrameId = 114)
[2014-07-15T12:54:59:446+00] [380.4 MB] Pre-caching render meshes for camera position
[2014-07-15T12:54:59:448+00] [380.4 MB] Updating level streaming priorities for 1 cameras (LevelFrameId = 115)
[2014-07-15T12:54:59:461+00] [380.4 MB] Pre-caching render meshes for camera position
[2014-07-15T12:54:59:463+00] [380.4 MB] Updating level streaming priorities for 1 cameras (LevelFrameId = 116)
[2014-07-15T12:54:59:477+00] [380.9 MB] Pre-caching render meshes for camera position
[2014-07-15T12:54:59:482+00] [380.9 MB] Updating level streaming priorities for 1 cameras (LevelFrameId = 117)
[2014-07-15T12:54:59:496+00] [380.9 MB] Pre-caching render meshes for camera position
[2014-07-15T12:54:59:498+00] [380.9 MB] Updating level streaming priorities for 1 cameras (LevelFrameId = 118)
[2014-07-15T12:54:59:512+00] [381.4 MB] Pre-caching render meshes for camera position
[2014-07-15T12:54:59:513+00] [381.4 MB] Updating level streaming priorities for 1 cameras (LevelFrameId = 119)
[2014-07-15T12:54:59:531+00] [381.4 MB] Pre-caching render meshes for camera position
[2014-07-15T12:54:59:537+00] [381.4 MB] Updating level streaming priorities for 1 cameras (LevelFrameId = 120)
[2014-07-15T12:54:59:551+00] [381.4 MB] Pre-caching render meshes for camera position
[2014-07-15T12:54:59:553+00] [381.4 MB] Updating level streaming priorities for 1 cameras (LevelFrameId = 121)
[2014-07-15T12:54:59:570+00] [381.4 MB] Pre-caching render meshes for camera position
[2014-07-15T12:54:59:572+00] [381.4 MB] Updating level streaming priorities for 1 cameras (LevelFrameId = 122)
[2014-07-15T12:54:59:584+00] [381.4 MB] Pre-caching render meshes for camera position
[2014-07-15T12:54:59:596+00] [381.4 MB] Updating level streaming priorities for 1 cameras (LevelFrameId = 123)
[2014-07-15T12:54:59:609+00] [381.4 MB] Pre-caching render meshes for camera position
[2014-07-15T12:54:59:623+00] [381.9 MB] Updating level streaming priorities for 1 cameras (LevelFrameId = 124)
[2014-07-15T12:54:59:636+00] [381.9 MB] Pre-caching render meshes for camera position
[2014-07-15T12:54:59:640+00] [381.9 MB] Updating level streaming priorities for 1 cameras (LevelFrameId = 125)
[2014-07-15T12:54:59:652+00] [381.9 MB] Pre-caching render meshes for camera position
[2014-07-15T12:54:59:657+00] [381.9 MB] Updating level streaming priorities for 1 cameras (LevelFrameId = 126)
[2014-07-15T12:54:59:669+00] [381.9 MB] Pre-caching render meshes for camera position
[2014-07-15T12:54:59:672+00] [381.9 MB] Updating level streaming priorities for 1 cameras (LevelFrameId = 127)
[2014-07-15T12:54:59:690+00] [382.2 MB] Pre-caching render meshes for camera position
[2014-07-15T12:54:59:699+00] [382.2 MB] Updating level streaming priorities for 1 cameras (LevelFrameId = 128)
[2014-07-15T12:54:59:711+00] [382.7 MB] Pre-caching render meshes for camera position
[2014-07-15T12:54:59:715+00] [382.7 MB] Updating level streaming priorities for 1 cameras (LevelFrameId = 129)
[2014-07-15T12:54:59:728+00] [382.7 MB] Pre-caching render meshes for camera position
[2014-07-15T12:54:59:730+00] [382.7 MB] Updating level streaming priorities for 1 cameras (LevelFrameId = 130)
[2014-07-15T12:54:59:749+00] [382.7 MB] Pre-caching render meshes for camera position
[2014-07-15T12:54:59:755+00] [382.7 MB] Updating level streaming priorities for 1 cameras (LevelFrameId = 131)
[2014-07-15T12:54:59:770+00] [382.7 MB] Pre-caching render meshes for camera position
[2014-07-15T12:54:59:776+00] [382.7 MB] Updating level streaming priorities for 1 cameras (LevelFrameId = 132)
[2014-07-15T12:54:59:789+00] [382.7 MB] Pre-caching render meshes for camera position
[2014-07-15T12:54:59:792+00] [382.7 MB] Updating level streaming priorities for 1 cameras (LevelFrameId = 133)
[2014-07-15T12:54:59:813+00] [382.7 MB] Pre-caching render meshes for camera position
[2014-07-15T12:54:59:815+00] [382.7 MB] Updating level streaming priorities for 1 cameras (LevelFrameId = 134)
[2014-07-15T12:54:59:831+00] [382.7 MB] Pre-caching render meshes for camera position
[2014-07-15T12:54:59:836+00] [382.7 MB] Updating level streaming priorities for 1 cameras (LevelFrameId = 135)
[2014-07-15T12:54:59:849+00] [382.7 MB] Pre-caching render meshes for camera position
[2014-07-15T12:54:59:855+00] [382.7 MB] Updating level streaming priorities for 1 cameras (LevelFrameId = 136)
[2014-07-15T12:54:59:869+00] [382.7 MB] Pre-caching render meshes for camera position
[2014-07-15T12:54:59:881+00] [382.7 MB] Updating level streaming priorities for 1 cameras (LevelFrameId = 137)
[2014-07-15T12:54:59:894+00] [383.2 MB] Pre-caching render meshes for camera position
[2014-07-15T12:54:59:896+00] [383.2 MB] Updating level streaming priorities for 1 cameras (LevelFrameId = 138)
[2014-07-15T12:54:59:909+00] [383.2 MB] Pre-caching render meshes for camera position
[2014-07-15T12:54:59:911+00] [383.2 MB] Updating level streaming priorities for 1 cameras (LevelFrameId = 139)
[2014-07-15T12:54:59:925+00] [383.2 MB] Pre-caching render meshes for camera position
[2014-07-15T12:54:59:929+00] [383.2 MB] Updating level streaming priorities for 1 cameras (LevelFrameId = 140)
[2014-07-15T12:54:59:944+00] [383.2 MB] Pre-caching render meshes for camera position
[2014-07-15T12:54:59:949+00] [383.2 MB] Updating level streaming priorities for 1 cameras (LevelFrameId = 141)
[2014-07-15T12:54:59:962+00] [383.2 MB] Pre-caching render meshes for camera position
[2014-07-15T12:54:59:964+00] [383.2 MB] Updating level streaming priorities for 1 cameras (LevelFrameId = 142)
[2014-07-15T12:54:59:977+00] [383.2 MB] Pre-caching render meshes for camera position
[2014-07-15T12:54:59:979+00] [383.2 MB] Updating level streaming priorities for 1 cameras (LevelFrameId = 143)
[2014-07-15T12:54:59:993+00] [383.2 MB] Pre-caching render meshes for camera position
[2014-07-15T12:55:00:005+00] [383.2 MB] Updating level streaming priorities for 1 cameras (LevelFrameId = 144)
[2014-07-15T12:55:00:017+00] [383.2 MB] Pre-caching render meshes for camera position
[2014-07-15T12:55:00:024+00] [383.2 MB] Updating level streaming priorities for 1 cameras (LevelFrameId = 145)
[2014-07-15T12:55:00:037+00] [383.2 MB] Pre-caching render meshes for camera position
[2014-07-15T12:55:00:056+00] [383.2 MB] Updating level streaming priorities for 1 cameras (LevelFrameId = 146)
[2014-07-15T12:55:00:068+00] [383.2 MB] Pre-caching render meshes for camera position
[2014-07-15T12:55:00:078+00] [383.2 MB] Updating level streaming priorities for 1 cameras (LevelFrameId = 147)
[2014-07-15T12:55:00:093+00] [383.2 MB] Pre-caching render meshes for camera position
[2014-07-15T12:55:00:095+00] [383.2 MB] Updating level streaming priorities for 1 cameras (LevelFrameId = 148)
[2014-07-15T12:55:00:109+00] [383.2 MB] Pre-caching render meshes for camera position
[2014-07-15T12:55:00:111+00] [383.2 MB] Updating level streaming priorities for 1 cameras (LevelFrameId = 149)
[2014-07-15T12:55:00:125+00] [383.2 MB] Pre-caching render meshes for camera position
[2014-07-15T12:55:00:127+00] [383.2 MB] Updating level streaming priorities for 1 cameras (LevelFrameId = 150)
[2014-07-15T12:55:00:141+00] [383.2 MB] Pre-caching render meshes for camera position
[2014-07-15T12:55:00:143+00] [383.2 MB] Updating level streaming priorities for 1 cameras (LevelFrameId = 151)
[2014-07-15T12:55:00:156+00] [383.2 MB] Pre-caching render meshes for camera position
[2014-07-15T12:55:00:157+00] [383.2 MB] Updating level streaming priorities for 1 cameras (LevelFrameId = 152)
[2014-07-15T12:55:00:172+00] [383.2 MB] Pre-caching render meshes for camera position
[2014-07-15T12:55:00:174+00] [383.2 MB] Updating level streaming priorities for 1 cameras (LevelFrameId = 153)
[2014-07-15T12:55:00:188+00] [383.2 MB] Pre-caching render meshes for camera position
[2014-07-15T12:55:00:189+00] [383.2 MB] Updating level streaming priorities for 1 cameras (LevelFrameId = 154)
[2014-07-15T12:55:00:204+00] [383.2 MB] Pre-caching render meshes for camera position
[2014-07-15T12:55:00:227+00] [383.2 MB] Updating level streaming priorities for 1 cameras (LevelFrameId = 155)
[2014-07-15T12:55:00:240+00] [383.2 MB] Pre-caching render meshes for camera position
[2014-07-15T12:55:00:245+00] [383.2 MB] Updating level streaming priorities for 1 cameras (LevelFrameId = 156)
[2014-07-15T12:55:00:259+00] [383.2 MB] Pre-caching render meshes for camera position
[2014-07-15T12:55:00:261+00] [383.2 MB] Updating level streaming priorities for 1 cameras (LevelFrameId = 157)
[2014-07-15T12:55:00:276+00] [383.2 MB] Pre-caching render meshes for camera position
[2014-07-15T12:55:00:278+00] [383.2 MB] Updating level streaming priorities for 1 cameras (LevelFrameId = 158)
[2014-07-15T12:55:00:292+00] [383.2 MB] Pre-caching render meshes for camera position
[2014-07-15T12:55:00:297+00] [383.2 MB] Updating level streaming priorities for 1 cameras (LevelFrameId = 159)
[2014-07-15T12:55:00:322+00] [383.2 MB] Pre-caching render meshes for camera position
[2014-07-15T12:55:00:327+00] [383.2 MB] Updating level streaming priorities for 1 cameras (LevelFrameId = 160)
[2014-07-15T12:55:00:349+00] [383.2 MB] Pre-caching render meshes for camera position
[2014-07-15T12:55:00:352+00] [383.2 MB] Updating level streaming priorities for 1 cameras (LevelFrameId = 161)
[2014-07-15T12:55:00:372+00] [383.2 MB] Pre-caching render meshes for camera position
[2014-07-15T12:55:00:384+00] [383.2 MB] Updating level streaming priorities for 1 cameras (LevelFrameId = 162)
[2014-07-15T12:55:00:398+00] [383.2 MB] Pre-caching render meshes for camera position
[2014-07-15T12:55:00:400+00] [383.2 MB] Updating level streaming priorities for 1 cameras (LevelFrameId = 163)
[2014-07-15T12:55:00:413+00] [383.2 MB] Pre-caching render meshes for camera position
[2014-07-15T12:55:00:425+00] [383.2 MB] Updating level streaming priorities for 1 cameras (LevelFrameId = 164)
[2014-07-15T12:55:00:450+00] [383.2 MB] Pre-caching render meshes for camera position
[2014-07-15T12:55:00:455+00] [383.2 MB] Updating level streaming priorities for 1 cameras (LevelFrameId = 165)
[2014-07-15T12:55:00:468+00] [383.2 MB] Pre-caching render meshes for camera position
[2014-07-15T12:55:00:473+00] [383.2 MB] Updating level streaming priorities for 1 cameras (LevelFrameId = 166)
[2014-07-15T12:55:00:500+00] [383.2 MB] Pre-caching render meshes for camera position
[2014-07-15T12:55:00:507+00] [383.2 MB] Updating level streaming priorities for 1 cameras (LevelFrameId = 167)
[2014-07-15T12:55:00:531+00] [383.2 MB] Pre-caching render meshes for camera position
[2014-07-15T12:55:00:554+00] [383.2 MB] Updating level streaming priorities for 1 cameras (LevelFrameId = 168)
[2014-07-15T12:55:00:565+00] [383.2 MB] Pre-caching render meshes for camera position
[2014-07-15T12:55:00:574+00] [383.2 MB] Updating level streaming priorities for 1 cameras (LevelFrameId = 169)
[2014-07-15T12:55:00:599+00] [383.2 MB] Pre-caching render meshes for camera position
[2014-07-15T12:55:00:601+00] [383.2 MB] Updating level streaming priorities for 1 cameras (LevelFrameId = 170)
[2014-07-15T12:55:00:614+00] [383.2 MB] Pre-caching render meshes for camera position
[2014-07-15T12:55:00:620+00] [383.2 MB] Updating level streaming priorities for 1 cameras (LevelFrameId = 171)
[2014-07-15T12:55:00:632+00] [383.2 MB] Pre-caching render meshes for camera position
[2014-07-15T12:55:00:635+00] [383.2 MB] Updating level streaming priorities for 1 cameras (LevelFrameId = 172)
[2014-07-15T12:55:00:661+00] [383.2 MB] Pre-caching render meshes for camera position
[2014-07-15T12:55:00:663+00] [383.2 MB] Updating level streaming priorities for 1 cameras (LevelFrameId = 173)
[2014-07-15T12:55:00:685+00] [383.2 MB] Pre-caching render meshes for camera position
[2014-07-15T12:55:00:689+00] [383.2 MB] Updating level streaming priorities for 1 cameras (LevelFrameId = 174)
[2014-07-15T12:55:00:702+00] [383.2 MB] Pre-caching render meshes for camera position
[2014-07-15T12:55:00:704+00] [383.2 MB] Updating level streaming priorities for 1 cameras (LevelFrameId = 175)
[2014-07-15T12:55:00:716+00] [383.2 MB] Pre-caching render meshes for camera position
[2014-07-15T12:55:00:726+00] [383.2 MB] Updating level streaming priorities for 1 cameras (LevelFrameId = 176)
[2014-07-15T12:55:00:752+00] [383.2 MB] Pre-caching render meshes for camera position
[2014-07-15T12:55:00:766+00] [383.2 MB] Updating level streaming priorities for 1 cameras (LevelFrameId = 177)
[2014-07-15T12:55:00:779+00] [383.2 MB] Pre-caching render meshes for camera position
[2014-07-15T12:55:00:783+00] [383.2 MB] Updating level streaming priorities for 1 cameras (LevelFrameId = 178)
[2014-07-15T12:55:00:803+00] [383.2 MB] Pre-caching render meshes for camera position
[2014-07-15T12:55:00:819+00] [383.2 MB] Updating level streaming priorities for 1 cameras (LevelFrameId = 179)
[2014-07-15T12:55:00:834+00] [383.2 MB] Pre-caching render meshes for camera position
[2014-07-15T12:55:00:836+00] [383.2 MB] Updating level streaming priorities for 1 cameras (LevelFrameId = 180)
[2014-07-15T12:55:00:849+00] [383.2 MB] Pre-caching render meshes for camera position
[2014-07-15T12:55:00:863+00] [383.2 MB] Updating level streaming priorities for 1 cameras (LevelFrameId = 181)
[2014-07-15T12:55:00:886+00] [383.2 MB] Pre-caching render meshes for camera position
[2014-07-15T12:55:00:889+00] [383.2 MB] Updating level streaming priorities for 1 cameras (LevelFrameId = 182)
[2014-07-15T12:55:00:908+00] [383.2 MB] Pre-caching render meshes for camera position
[2014-07-15T12:55:00:912+00] [383.2 MB] Updating level streaming priorities for 1 cameras (LevelFrameId = 183)
[2014-07-15T12:55:00:928+00] [383.2 MB] Pre-caching render meshes for camera position
[2014-07-15T12:55:00:937+00] [383.2 MB] Updating level streaming priorities for 1 cameras (LevelFrameId = 184)
[2014-07-15T12:55:00:951+00] [383.2 MB] Pre-caching render meshes for camera position
[2014-07-15T12:55:00:960+00] [383.2 MB] Updating level streaming priorities for 1 cameras (LevelFrameId = 185)
[2014-07-15T12:55:00:977+00] [383.2 MB] Pre-caching render meshes for camera position
[2014-07-15T12:55:00:982+00] [383.2 MB] Updating level streaming priorities for 1 cameras (LevelFrameId = 186)
[2014-07-15T12:55:01:004+00] [383.2 MB] Pre-caching render meshes for camera position
[2014-07-15T12:55:01:015+00] [383.2 MB] Updating level streaming priorities for 1 cameras (LevelFrameId = 187)
[2014-07-15T12:55:01:032+00] [383.2 MB] Pre-caching render meshes for camera position
[2014-07-15T12:55:01:044+00] [383.2 MB] Updating level streaming priorities for 1 cameras (LevelFrameId = 188)
[2014-07-15T12:55:01:072+00] [383.2 MB] Pre-caching render meshes for camera position
[2014-07-15T12:55:01:077+00] [383.2 MB] Updating level streaming priorities for 1 cameras (LevelFrameId = 189)
[2014-07-15T12:55:01:098+00] [383.2 MB] Pre-caching render meshes for camera position
[2014-07-15T12:55:01:114+00] [383.2 MB] Updating level streaming priorities for 1 cameras (LevelFrameId = 190)
[2014-07-15T12:55:01:135+00] [383.2 MB] Pre-caching render meshes for camera position
[2014-07-15T12:55:01:144+00] [383.2 MB] Updating level streaming priorities for 1 cameras (LevelFrameId = 191)
[2014-07-15T12:55:01:150+00] [383.2 MB] Textures startup streaming finished in 3.8 sec
[2014-07-15T12:55:01:163+00] [382.9 MB] [ScreenManager] [12:55:01] Close screen: 'loading', frame 3411
[2014-07-15T12:55:01:164+00] [382.9 MB] [CFlowchartManager] Leaving state 'loading_lobby'
[2014-07-15T12:55:01:165+00] [382.9 MB] [CFlowchartManager] Entering state 'lobby'
[2014-07-15T12:55:01:166+00] [382.9 MB] [CUIBackgroundManager] Loading default background
[2014-07-15T12:55:01:178+00] [383.3 MB] [Error] File: d:\game\objects\characters\soldier\arms\soldier_arms_01\soldier_arms_01.chr opened when runtime file access is disabled (mode rb)
[2014-07-15T12:55:01:212+00] [383.3 MB] [Error] File: d:\game\objects\characters\soldier\arms\soldier_arms_01\soldier_arms_01.mtl opened when runtime file access is disabled (mode rb)
[2014-07-15T12:55:01:231+00] [383.3 MB] [Error] File: d:\game\objects\characters\soldier\arms\soldier_arms_01\textures\soldier_arms_01_diff.dds.0 opened when runtime file access is disabled (mode rb)
[2014-07-15T12:55:01:240+00] [383.3 MB] [Error] File: d:\game\objects\characters\soldier\arms\soldier_arms_01\textures\soldier_arms_01_ddn.dds.0 opened when runtime file access is disabled (mode rb)
[2014-07-15T12:55:01:253+00] [383.3 MB] [Error] File: d:\game\objects\characters\soldier\arms\soldier_arms_01\textures\soldier_arms_01_spec.dds.0 opened when runtime file access is disabled (mode rb)
[2014-07-15T12:55:01:292+00] [383.4 MB] [Error] File: d:\game\objects\characters\soldier\arms\soldier_arms_01\soldier_arms_01_hp.chr opened when runtime file access is disabled (mode rb)
[2014-07-15T12:55:01:341+00] [383.4 MB] [Error] File: d:\game\objects\characters\soldier\arms\soldier_arms_01\soldier_arms_01_fp.mtl opened when runtime file access is disabled (mode rb)
[2014-07-15T12:55:01:345+00] [383.4 MB] [Error] File: d:\game\objects\characters\soldier\arms\soldier_arms_01\textures\soldier_arms_01_fp_diff.dds.0 opened when runtime file access is disabled (mode rb)
[2014-07-15T12:55:01:400+00] [383.4 MB] [Error] File: d:\game\objects\characters\soldier\arms\soldier_arms_01\textures\soldier_arms_01_fp_ddn.dds.0 opened when runtime file access is disabled (mode rb)
[2014-07-15T12:55:01:420+00] [383.4 MB] [Error] File: d:\game\objects\characters\soldier\arms\soldier_arms_01\textures\soldier_arms_01_fp_spec.dds.0 opened when runtime file access is disabled (mode rb)
[2014-07-15T12:55:01:468+00] [383.5 MB] [Error] File: d:\game\objects\characters\shared\hands\shared_hands_01\shared_hands_01_hp.chr opened when runtime file access is disabled (mode rb)
[2014-07-15T12:55:01:648+00] [383.5 MB] [Error] File: d:\game\objects\characters\shared\hands\shared_hands_01\shared_hands_01_fp.mtl opened when runtime file access is disabled (mode rb)
[2014-07-15T12:55:01:667+00] [383.5 MB] [Error] File: d:\game\objects\characters\shared\hands\shared_hands_01\textures\shared_hands_01_fp_diff.dds.0 opened when runtime file access is disabled (mode rb)
[2014-07-15T12:55:01:693+00] [383.5 MB] [Error] File: d:\game\objects\characters\shared\hands\shared_hands_01\textures\shared_hands_01_fp_ddn.dds.0 opened when runtime file access is disabled (mode rb)
[2014-07-15T12:55:01:705+00] [383.5 MB] [Error] File: d:\game\objects\characters\shared\hands\shared_hands_01\textures\shared_hands_01_fp_spec.dds.0 opened when runtime file access is disabled (mode rb)
[2014-07-15T12:55:01:761+00] [383.6 MB] [Error] File: d:\game\objects\characters\shared\hands\shared_hands_01\shared_hands_01.chr opened when runtime file access is disabled (mode rb)
[2014-07-15T12:55:01:785+00] [383.6 MB] [Error] File: d:\game\objects\characters\shared\hands\shared_hands_01\shared_hands_01.mtl opened when runtime file access is disabled (mode rb)
[2014-07-15T12:55:01:790+00] [383.6 MB] [Error] File: d:\game\objects\characters\shared\hands\shared_hands_01\textures\shared_hands_01_diff.dds.0 opened when runtime file access is disabled (mode rb)
[2014-07-15T12:55:01:799+00] [383.6 MB] [Error] File: d:\game\objects\characters\shared\hands\shared_hands_01\textures\shared_hands_01_ddn.dds.0 opened when runtime file access is disabled (mode rb)
[2014-07-15T12:55:01:810+00] [383.6 MB] [Error] File: d:\game\objects\characters\shared\hands\shared_hands_01\textures\shared_hands_01_spec.dds.0 opened when runtime file access is disabled (mode rb)
[2014-07-15T12:55:01:841+00] [383.7 MB] [Error] File: d:\game\objects\characters\soldier\helmets\soldier_helmet_05\soldier_helmet_05.chr opened when runtime file access is disabled (mode rb)
[2014-07-15T12:55:01:874+00] [383.7 MB] [Warning] Fixing material name chunk with wrong endianness: Objects/Characters/soldier/helmets/soldier_helmet_05/soldier_helmet_05, objects/characters/soldier/helmets/soldier_helmet_05/soldier_helmet_05.chr
[2014-07-15T12:55:01:876+00] [383.7 MB] [Warning]  bSwapEndian=0, nSubMaterials=0x00000000, nPhysicalizeType=0x00100000, nFlags=0x01000000
[2014-07-15T12:55:01:880+00] [383.7 MB] [Error] File: d:\game\objects\characters\soldier\helmets\soldier_helmet_05\soldier_helmet_05.mtl opened when runtime file access is disabled (mode rb)
[2014-07-15T12:55:01:883+00] [383.7 MB] [Error] File: d:\game\objects\characters\soldier\helmets\soldier_helmet_05\textures\soldier_helmet_05_diff.dds.0 opened when runtime file access is disabled (mode rb)
[2014-07-15T12:55:01:889+00] [383.7 MB] [Error] File: d:\game\objects\characters\soldier\helmets\soldier_helmet_05\textures\soldier_helmet_05_ddn.dds.0 opened when runtime file access is disabled (mode rb)
[2014-07-15T12:55:01:893+00] [383.7 MB] [Error] File: d:\game\objects\characters\soldier\helmets\soldier_helmet_05\textures\soldier_helmet_05_spec.dds.0 opened when runtime file access is disabled (mode rb)
[2014-07-15T12:55:01:925+00] [383.8 MB] [Error] File: d:\game\objects\characters\soldier\jackets\soldier_jacket_01\soldier_jacket_01.chr opened when runtime file access is disabled (mode rb)
[2014-07-15T12:55:02:042+00] [383.8 MB] [Error] File: d:\game\objects\characters\soldier\jackets\soldier_jacket_01\soldier_jacket_01.mtl opened when runtime file access is disabled (mode rb)
[2014-07-15T12:55:02:044+00] [383.8 MB] [Error] File: d:\game\objects\characters\soldier\jackets\soldier_jacket_01\textures\soldier_jacket_01_diff.dds.0 opened when runtime file access is disabled (mode rb)
[2014-07-15T12:55:02:049+00] [383.8 MB] [Error] File: d:\game\objects\characters\soldier\jackets\soldier_jacket_01\textures\soldier_jacket_01_ddn.dds.0 opened when runtime file access is disabled (mode rb)
[2014-07-15T12:55:02:053+00] [383.8 MB] [Error] File: d:\game\objects\characters\soldier\jackets\soldier_jacket_01\textures\soldier_jacket_01_spec.dds.0 opened when runtime file access is disabled (mode rb)
[2014-07-15T12:55:02:231+00] [383.9 MB] [Error] File: d:\game\objects\characters\soldier\kneepads\soldier_kneepads_01\soldier_kneepads_01.chr opened when runtime file access is disabled (mode rb)
[2014-07-15T12:55:02:268+00] [383.9 MB] [Error] File: d:\game\objects\characters\soldier\kneepads\soldier_kneepads_01\soldier_kneepads_01.mtl opened when runtime file access is disabled (mode rb)
[2014-07-15T12:55:02:274+00] [383.9 MB] [Error] File: d:\game\objects\characters\soldier\kneepads\soldier_kneepads_01\textures\soldier_kneepads_01_diff.dds.0 opened when runtime file access is disabled (mode rb)
[2014-07-15T12:55:02:283+00] [383.9 MB] [Error] File: d:\game\objects\characters\soldier\kneepads\soldier_kneepads_01\textures\soldier_kneepads_01_ddn.dds.0 opened when runtime file access is disabled (mode rb)
[2014-07-15T12:55:02:289+00] [383.9 MB] [Error] File: d:\game\objects\characters\soldier\kneepads\soldier_kneepads_01\textures\soldier_kneepads_01_spec.dds.0 opened when runtime file access is disabled (mode rb)
[2014-07-15T12:55:02:319+00] [384.4 MB] [Error] File: d:\game\objects\characters\soldier\pants\soldier_pants_01\soldier_pants_01.chr opened when runtime file access is disabled (mode rb)
[2014-07-15T12:55:02:399+00] [384.4 MB] [Error] File: d:\game\objects\characters\soldier\pants\soldier_pants_01\soldier_pants_01.mtl opened when runtime file access is disabled (mode rb)
[2014-07-15T12:55:02:403+00] [384.4 MB] [Error] File: d:\game\objects\characters\soldier\pants\soldier_pants_01\textures\soldier_pants_01_diff.dds.0 opened when runtime file access is disabled (mode rb)
[2014-07-15T12:55:02:406+00] [384.4 MB] [Error] File: d:\game\objects\characters\soldier\pants\soldier_pants_01\textures\soldier_pants_01_ddn.dds.0 opened when runtime file access is disabled (mode rb)
[2014-07-15T12:55:02:410+00] [384.4 MB] [Error] File: d:\game\objects\characters\soldier\pants\soldier_pants_01\textures\soldier_pants_01_spec.dds.0 opened when runtime file access is disabled (mode rb)
[2014-07-15T12:55:02:528+00] [384.6 MB] [Error] File: d:\game\objects\characters\shared\shoes\shared_shoes_01\shared_shoes_01.chr opened when runtime file access is disabled (mode rb)
[2014-07-15T12:55:02:563+00] [384.6 MB] [Error] File: d:\game\objects\characters\shared\shoes\shared_shoes_01\shared_shoes_01.mtl opened when runtime file access is disabled (mode rb)
[2014-07-15T12:55:02:565+00] [384.6 MB] [Error] File: d:\game\objects\characters\shared\shoes\shared_shoes_01\textures\shared_shoes_01_diff.dds.0 opened when runtime file access is disabled (mode rb)
[2014-07-15T12:55:02:570+00] [384.6 MB] [Error] File: d:\game\objects\characters\shared\shoes\shared_shoes_01\textures\shared_shoes_01_ddn.dds.0 opened when runtime file access is disabled (mode rb)
[2014-07-15T12:55:02:573+00] [384.6 MB] [Error] File: d:\game\objects\characters\shared\shoes\shared_shoes_01\textures\shared_shoes_01_spec.dds.0 opened when runtime file access is disabled (mode rb)
[2014-07-15T12:55:02:637+00] [384.7 MB] [Error] File: d:\game\objects\characters\shared\vests\shared_vest_01\shared_vest_01.chr opened when runtime file access is disabled (mode rb)
[2014-07-15T12:55:03:031+00] [384.7 MB] [Warning] Fixing material name chunk with wrong endianness: Objects/Characters/shared/vests/shared_vest_01/shared_vest_01, objects/characters/shared/vests/shared_vest_01/shared_vest_01.chr
[2014-07-15T12:55:03:033+00] [384.7 MB] [Warning]  bSwapEndian=0, nSubMaterials=0x00000000, nPhysicalizeType=0x00100000, nFlags=0x01000000
[2014-07-15T12:55:03:037+00] [384.7 MB] [Error] File: d:\game\objects\characters\shared\vests\shared_vest_01\shared_vest_01.mtl opened when runtime file access is disabled (mode rb)
[2014-07-15T12:55:03:040+00] [384.7 MB] [Error] File: d:\game\objects\characters\shared\vests\shared_vest_01\textures\shared_vest_01_diff.dds.0 opened when runtime file access is disabled (mode rb)
[2014-07-15T12:55:03:047+00] [384.7 MB] [Error] File: d:\game\objects\characters\shared\vests\shared_vest_01\textures\shared_vest_01_ddn.dds.0 opened when runtime file access is disabled (mode rb)
[2014-07-15T12:55:03:053+00] [384.7 MB] [Error] File: d:\game\objects\characters\shared\vests\shared_vest_01\textures\shared_vest_01_spec.dds.0 opened when runtime file access is disabled (mode rb)
[2014-07-15T12:55:03:070+00] [384.7 MB] [Error] File: d:\game\objects\characters\shared\vests\shared_vest_01\textures\shared_vest_01_text_diff.dds.0 opened when runtime file access is disabled (mode rb)
[2014-07-15T12:55:03:073+00] [384.7 MB] [Error] File: d:\game\objects\characters\shared\vests\shared_vest_01\textures\shared_vest_01_text_spec.dds.0 opened when runtime file access is disabled (mode rb)
[2014-07-15T12:55:03:112+00] [384.7 MB] [SOUND] 402CF8A0->Blocking/CMusicSystem::GetTheme()
[2014-07-15T12:55:03:113+00] [384.7 MB] [SOUND] 402CF8A0->Blocking/CMusicSystem::GetMood()
[2014-07-15T12:55:03:116+00] [384.7 MB] [CUIBackgroundManager] Loading default background
[2014-07-15T12:55:03:219+00] [384.7 MB] [ScreenManager] Destroy screen: 'loading', frame 3411
[2014-07-15T12:55:03:464+00] [382.4 MB] [Error] <Flash> Missing font "Warface Condensed" in "_level0.instBL.instContentContainer.instContent.instLabel.instBase.textField". Search log:
   Searching for font: "Warface Condensed" 
      Movie resource: "Warface Condensed"  not found.
      Imports       : "Warface Condensed"  not found.
                    : "ColorController.swf", "shared_locfont.swf".
      Exported      : "Warface Condensed"  not found.
   Font not found. [libs/ui/360/controls/buttonlabel.gfx]
[2014-07-15T12:55:03:471+00] [382.4 MB] [Error] <Flash> Missing font "Warface Condensed" in "_level0.instBL.instContentContainer.instContent.instLabel.instTop.textField". Search log:
   Searching for font: "Warface Condensed" 
      Movie resource: "Warface Condensed"  not found.
      Imports       : "Warface Condensed"  not found.
                    : "ColorController.swf", "shared_locfont.swf".
      Exported      : "Warface Condensed"  not found.
   Font not found. [libs/ui/360/controls/buttonlabel.gfx]
[2014-07-15T12:55:03:549+00] [384.2 MB] [Error] <Flash> Missing font "Warface Condensed" in "_level0.instBL.instContentContainer.instContent.instLabel.instBase.textField". Search log:
   Searching for font: "Warface Condensed" 
      Movie resource: "Warface Condensed"  not found.
      Imports       : "Warface Condensed"  not found.
                    : "ColorController.swf", "shared_locfont.swf".
      Exported      : "Warface Condensed"  not found.
   Font not found. [libs/ui/360/controls/buttonlabel.gfx]
[2014-07-15T12:55:03:551+00] [384.2 MB] [Error] <Flash> Missing font "Warface Condensed" in "_level0.instBL.instContentContainer.instContent.instLabel.instTop.textField". Search log:
   Searching for font: "Warface Condensed" 
      Movie resource: "Warface Condensed"  not found.
      Imports       : "Warface Condensed"  not found.
                    : "ColorController.swf", "shared_locfont.swf".
      Exported      : "Warface Condensed"  not found.
   Font not found. [libs/ui/360/controls/buttonlabel.gfx]
[2014-07-15T12:55:03:576+00] [384.7 MB] [Error] <Flash> Missing font "Warface Condensed" in "_level0.instBL.instContentContainer.instContent.instLabel.instBase.textField". Search log:
   Searching for font: "Warface Condensed" 
      Movie resource: "Warface Condensed"  not found.
      Imports       : "Warface Condensed"  not found.
                    : "ColorController.swf", "shared_locfont.swf".
      Exported      : "Warface Condensed"  not found.
   Font not found. [libs/ui/360/controls/buttonlabel.gfx]
[2014-07-15T12:55:03:680+00] [384.7 MB] [Error] <Flash> Missing font "Warface Condensed" in "_level0.instBL.instContentContainer.instContent.instLabel.instTop.textField". Search log:
   Searching for font: "Warface Condensed" 
      Movie resource: "Warface Condensed"  not found.
      Imports       : "Warface Condensed"  not found.
                    : "ColorController.swf", "shared_locfont.swf".
      Exported      : "Warface Condensed"  not found.
   Font not found. [libs/ui/360/controls/buttonlabel.gfx]
[2014-07-15T12:55:03:717+00] [384.8 MB] CScreenManager::ResetCursorPosition() Calling OnResetCursor() on contract_progress
[2014-07-15T12:55:03:722+00] [384.8 MB] [ScreenManager] [12:55:03] Open screen: 'contract_progress' opened in 501 ms time, frame 3411
[2014-07-15T12:55:03:779+00] [385.2 MB] CScreenManager::ResetCursorPosition() Calling OnResetCursor() on rss_ticker
[2014-07-15T12:55:03:785+00] [385.2 MB] [ScreenManager] [12:55:03] Open screen: 'rss_ticker' opened in 40 ms time, frame 3411
[2014-07-15T12:55:03:802+00] [385.6 MB] [Error] <Flash> Missing font "Warface Condensed" in "_level0.instBL.instContentContainer.instContent.instLabel.instBase.textField". Search log:
   Searching for font: "Warface Condensed" 
      Movie resource: "Warface Condensed"  not found.
      Imports       : "Warface Condensed"  not found.
                    : "ColorController.swf", "shared_locfont.swf".
      Exported      : "Warface Condensed"  not found.
   Font not found. [libs/ui/360/controls/buttonlabel.gfx]
[2014-07-15T12:55:03:804+00] [385.6 MB] [Error] <Flash> Missing font "Warface Condensed" in "_level0.instBL.instContentContainer.instContent.instLabel.instTop.textField". Search log:
   Searching for font: "Warface Condensed" 
      Movie resource: "Warface Condensed"  not found.
      Imports       : "Warface Condensed"  not found.
                    : "ColorController.swf", "shared_locfont.swf".
      Exported      : "Warface Condensed"  not found.
   Font not found. [libs/ui/360/controls/buttonlabel.gfx]
[2014-07-15T12:55:03:831+00] [386.1 MB] [Error] <Flash> Missing font "Warface Condensed" in "_level0.instBL.instContentContainer.instContent.instLabel.instBase.textField". Search log:
   Searching for font: "Warface Condensed" 
      Movie resource: "Warface Condensed"  not found.
      Imports       : "Warface Condensed"  not found.
                    : "ColorController.swf", "shared_locfont.swf".
      Exported      : "Warface Condensed"  not found.
   Font not found. [libs/ui/360/controls/buttonlabel.gfx]
[2014-07-15T12:55:03:835+00] [386.1 MB] [Error] <Flash> Missing font "Warface Condensed" in "_level0.instBL.instContentContainer.instContent.instLabel.instTop.textField". Search log:
   Searching for font: "Warface Condensed" 
      Movie resource: "Warface Condensed"  not found.
      Imports       : "Warface Condensed"  not found.
                    : "ColorController.swf", "shared_locfont.swf".
      Exported      : "Warface Condensed"  not found.
   Font not found. [libs/ui/360/controls/buttonlabel.gfx]
[2014-07-15T12:55:03:864+00] [386.6 MB] [Error] <Flash> Missing font "Warface Condensed" in "_level0.instBL.instContentContainer.instContent.instLabel.instBase.textField". Search log:
   Searching for font: "Warface Condensed" 
      Movie resource: "Warface Condensed"  not found.
      Imports       : "Warface Condensed"  not found.
                    : "ColorController.swf", "shared_locfont.swf".
      Exported      : "Warface Condensed"  not found.
   Font not found. [libs/ui/360/controls/buttonlabel.gfx]
[2014-07-15T12:55:03:869+00] [386.6 MB] [Error] <Flash> Missing font "Warface Condensed" in "_level0.instBL.instContentContainer.instContent.instLabel.instTop.textField". Search log:
   Searching for font: "Warface Condensed" 
      Movie resource: "Warface Condensed"  not found.
      Imports       : "Warface Condensed"  not found.
                    : "ColorController.swf", "shared_locfont.swf".
      Exported      : "Warface Condensed"  not found.
   Font not found. [libs/ui/360/controls/buttonlabel.gfx]
[2014-07-15T12:55:03:902+00] [386.7 MB] CScreenManager::ResetCursorPosition() Calling OnResetCursor() on lobby_ingame_start
[2014-07-15T12:55:03:906+00] [386.7 MB] [ScreenManager] [12:55:03] Open screen: 'lobby_ingame_start' opened in 114 ms time, frame 3411
[2014-07-15T12:55:03:914+00] [386.8 MB] [Error] <Flash> Error: Can't find method '_level0.set_font_scale' to invoke. [libs/ui/360/controls/quickchatwheel.gfx]
[2014-07-15T12:55:03:963+00] [387.1 MB] [Error] File: d:\game\libs\icons\360\buttons_dpad_down.dds.0 opened when runtime file access is disabled (mode rb)
[2014-07-15T12:55:04:083+00] [387.1 MB] [Error] File: d:\game\libs\icons\360\buttons_dpad_right.dds.0 opened when runtime file access is disabled (mode rb)
[2014-07-15T12:55:04:131+00] [387.2 MB] CScreenManager::ResetCursorPosition() Calling OnResetCursor() on vo_quick_chat
[2014-07-15T12:55:04:134+00] [387.2 MB] [ScreenManager] [12:55:04] Open screen: 'vo_quick_chat' opened in 223 ms time, frame 3411
[2014-07-15T12:55:04:170+00] [387.9 MB] [Error] <Flash> Error: Can't find method '_level0.set_size' to invoke. [libs/ui/360/controls/creditspinner.gfx]
[2014-07-15T12:55:04:175+00] [387.9 MB] [Error] <Flash> Error: Can't find method '_level0.set_font_scale' to invoke. [libs/ui/360/controls/creditspinner.gfx]
[2014-07-15T12:55:04:180+00] [387.9 MB] [Error] <Flash> Error: Can't find method '_level0.enable' to invoke. [libs/ui/360/controls/creditspinner.gfx]
[2014-07-15T12:55:04:196+00] [388.3 MB] [Error] <Flash> Missing font "Warface Condensed" in "_level0.instBL.instContentContainer.instContent.instLabel.instBase.textField". Search log:
   Searching for font: "Warface Condensed" 
      Movie resource: "Warface Condensed"  not found.
      Imports       : "Warface Condensed"  not found.
                    : "ColorController.swf", "shared_locfont.swf".
      Exported      : "Warface Condensed"  not found.
   Font not found. [libs/ui/360/controls/buttonlabel.gfx]
[2014-07-15T12:55:04:201+00] [388.3 MB] [Error] <Flash> Missing font "Warface Condensed" in "_level0.instBL.instContentContainer.instContent.instLabel.instTop.textField". Search log:
   Searching for font: "Warface Condensed" 
      Movie resource: "Warface Condensed"  not found.
      Imports       : "Warface Condensed"  not found.
                    : "ColorController.swf", "shared_locfont.swf".
      Exported      : "Warface Condensed"  not found.
   Font not found. [libs/ui/360/controls/buttonlabel.gfx]
[2014-07-15T12:55:04:251+00] [389.2 MB] [Error] <Flash> Error: Can't find method '_level0.set_size' to invoke. [libs/ui/360/controls/creditspinner.gfx]
[2014-07-15T12:55:04:267+00] [389.2 MB] CScreenManager::ResetCursorPosition() Calling OnResetCursor() on lobby_status_bar
[2014-07-15T12:55:04:269+00] [389.2 MB] [ScreenManager] [12:55:04] Open screen: 'lobby_status_bar' opened in 129 ms time, frame 3411
[2014-07-15T12:55:04:330+00] [390.2 MB] [Error] File: d:\game\libs\icons\360\entry_images_options.dds.0 opened when runtime file access is disabled (mode rb)
[2014-07-15T12:55:04:423+00] [390.2 MB] [Error] File: d:\game\libs\icons\360\entry_images_options.dds.0 opened when runtime file access is disabled (mode rb)
[2014-07-15T12:55:04:570+00] [393.3 MB] [Error] File: d:\game\libs\icons\360\saleicon.dds.0 opened when runtime file access is disabled (mode rb)
[2014-07-15T12:55:04:645+00] [393.3 MB] [Error] File: d:\game\libs\icons\360\saleicon.dds.0 opened when runtime file access is disabled (mode rb)
[2014-07-15T12:55:04:677+00] [393.3 MB] [Error] File: d:\game\libs\icons\360\saleicon.dds.0 opened when runtime file access is disabled (mode rb)
[2014-07-15T12:55:04:687+00] [393.6 MB] [Error] File: d:\game\libs\icons\360\hoticon.dds.0 opened when runtime file access is disabled (mode rb)
[2014-07-15T12:55:04:735+00] [393.6 MB] [Error] File: d:\game\libs\icons\360\hoticon.dds.0 opened when runtime file access is disabled (mode rb)
[2014-07-15T12:55:04:743+00] [393.6 MB] [Error] File: d:\game\libs\icons\360\hoticon.dds.0 opened when runtime file access is disabled (mode rb)
[2014-07-15T12:55:04:755+00] [393.8 MB] [Error] File: d:\game\libs\icons\360\newicon.dds.0 opened when runtime file access is disabled (mode rb)
[2014-07-15T12:55:04:832+00] [393.8 MB] [Error] File: d:\game\libs\icons\360\newicon.dds.0 opened when runtime file access is disabled (mode rb)
[2014-07-15T12:55:04:840+00] [393.8 MB] [Error] File: d:\game\libs\icons\360\newicon.dds.0 opened when runtime file access is disabled (mode rb)
[2014-07-15T12:55:04:851+00] [394.1 MB] [Error] File: d:\game\libs\icons\360\entry_images6.dds.0 opened when runtime file access is disabled (mode rb)
[2014-07-15T12:55:04:942+00] [394.1 MB] [Error] File: d:\game\libs\icons\360\entry_images6.dds.0 opened when runtime file access is disabled (mode rb)
[2014-07-15T12:55:05:010+00] [395.3 MB] [Error] File: d:\game\libs\icons\360\entry_images1.dds.0 opened when runtime file access is disabled (mode rb)
[2014-07-15T12:55:05:174+00] [395.3 MB] [Error] File: d:\game\libs\icons\360\entry_images1.dds.0 opened when runtime file access is disabled (mode rb)
[2014-07-15T12:55:05:245+00] [396.9 MB] [Warning] [RSS/DataFeed] Unable to set callback, previous callback still active
[2014-07-15T12:55:05:318+00] [396.9 MB] [Warning] [CScreen] Control 'frame' already exists in screen 'landing'
[2014-07-15T12:55:05:329+00] [397.1 MB] [Error] File: d:\game\libs\icons\360\buttons_dpad_down.dds.0 opened when runtime file access is disabled (mode rb)
[2014-07-15T12:55:05:333+00] [397.1 MB] [Error] File: d:\game\libs\icons\360\buttons_dpad_right.dds.0 opened when runtime file access is disabled (mode rb)
[2014-07-15T12:55:05:355+00] [397.4 MB] [Error] File: d:\game\libs\icons\360\buttons_dpad_down.dds.0 opened when runtime file access is disabled (mode rb)
[2014-07-15T12:55:05:404+00] [397.4 MB] [Error] File: d:\game\libs\icons\360\buttons_dpad_right.dds.0 opened when runtime file access is disabled (mode rb)
[2014-07-15T12:55:05:418+00] [397.5 MB] [Warning] [CScreen] Control 'VendorIcon1' already exists in screen 'landing'
[2014-07-15T12:55:05:432+00] [397.9 MB] [Error] File: d:\game\libs\icons\360\buttons_dpad_down.dds.0 opened when runtime file access is disabled (mode rb)
[2014-07-15T12:55:05:438+00] [397.9 MB] [Error] File: d:\game\libs\icons\360\buttons_dpad_right.dds.0 opened when runtime file access is disabled (mode rb)
[2014-07-15T12:55:05:453+00] [398.0 MB] [Warning] [CScreen] Control 'txt1' already exists in screen 'landing'
[2014-07-15T12:55:05:467+00] [398.3 MB] [Error] File: d:\game\libs\icons\360\buttons_dpad_down.dds.0 opened when runtime file access is disabled (mode rb)
[2014-07-15T12:55:05:473+00] [398.3 MB] [Error] File: d:\game\libs\icons\360\buttons_dpad_right.dds.0 opened when runtime file access is disabled (mode rb)
[2014-07-15T12:55:05:487+00] [398.3 MB] [Warning] [CScreen] Control 'txt1' already exists in screen 'landing'
[2014-07-15T12:55:05:493+00] [398.3 MB] [Warning] [CScreen] Control 'VendorIcon1' already exists in screen 'landing'
[2014-07-15T12:55:05:620+00] [400.0 MB] [Warning] [CScreen] Control '' already exists in screen 'landing'
[2014-07-15T12:55:05:651+00] [400.3 MB] [Warning] [CScreen] Control '' already exists in screen 'landing'
[2014-07-15T12:55:05:691+00] [400.9 MB] [Warning] [CScreen] Control '' already exists in screen 'landing'
[2014-07-15T12:55:05:786+00] [401.5 MB] [Warning] [CScreen] Control '' already exists in screen 'landing'
[2014-07-15T12:55:05:827+00] [402.1 MB] [Error] File: d:\game\libs\icons\360\entry_images3.dds.0 opened when runtime file access is disabled (mode rb)
[2014-07-15T12:55:05:858+00] [402.1 MB] [Error] File: d:\game\libs\icons\360\entry_images3.dds.0 opened when runtime file access is disabled (mode rb)
[2014-07-15T12:55:05:935+00] [403.3 MB] [Error] File: d:\game\libs\icons\360\entry_images_extras.dds.0 opened when runtime file access is disabled (mode rb)
[2014-07-15T12:55:06:024+00] [403.3 MB] [Error] File: d:\game\libs\icons\360\entry_images_extras.dds.0 opened when runtime file access is disabled (mode rb)
[2014-07-15T12:55:06:054+00] [403.4 MB] [Error] File: d:\game\libs\icons\360\bundle_vip.dds.0 opened when runtime file access is disabled (mode rb)
[2014-07-15T12:55:06:155+00] [403.4 MB] [CUIBackgroundManager] Loading background type 'default' for screen 'landing' and state 'lobby'
[2014-07-15T12:55:06:254+00] [403.4 MB] CScreenManager::ResetCursorPosition() Calling OnResetCursor() on landing
[2014-07-15T12:55:06:313+00] [403.4 MB] [ScreenManager] [12:55:06] Open screen: 'landing' opened in 2034 ms time, frame 3411
[2014-07-15T12:55:06:357+00] [403.4 MB] CScreenManager::ResetCursorPosition() Calling OnResetCursor() on landing
[2014-07-15T12:55:06:482+00] [404.0 MB] [Error] <Flash> Error: CallMethod - 'setImageSubstitutions' on invalid object. [libs/ui/360/controls/messagechallenge.gfx]
[2014-07-15T12:55:06:652+00] [404.0 MB] [Error] <Flash> Error: CallMethod - 'setImageSubstitutions' on invalid object. [libs/ui/360/controls/messagechallenge.gfx]
[2014-07-15T12:55:06:658+00] [404.0 MB] [Error] <Flash> Error: CallMethod - 'setImageSubstitutions' on invalid object. [libs/ui/360/controls/messagechallenge.gfx]
[2014-07-15T12:55:06:664+00] [404.0 MB] [Error] <Flash> Error: CallMethod - 'setImageSubstitutions' on invalid object. [libs/ui/360/controls/messagechallenge.gfx]
[2014-07-15T12:55:06:669+00] [404.0 MB] [Error] <Flash> Error: CallMethod - 'setImageSubstitutions' on invalid object. [libs/ui/360/controls/messagechallenge.gfx]
[2014-07-15T12:55:06:675+00] [404.0 MB] [Error] <Flash> Error: CallMethod - 'setImageSubstitutions' on invalid object. [libs/ui/360/controls/messagechallenge.gfx]
[2014-07-15T12:55:06:681+00] [404.0 MB] [Error] <Flash> Error: CallMethod - 'setImageSubstitutions' on invalid object. [libs/ui/360/controls/messagechallenge.gfx]
[2014-07-15T12:55:06:687+00] [404.0 MB] [Error] <Flash> Error: CallMethod - 'setImageSubstitutions' on invalid object. [libs/ui/360/controls/messagechallenge.gfx]
[2014-07-15T12:55:06:693+00] [404.0 MB] [Error] <Flash> Error: CallMethod - 'setImageSubstitutions' on invalid object. [libs/ui/360/controls/messagechallenge.gfx]
[2014-07-15T12:55:06:698+00] [404.0 MB] [Error] File: d:\game\libs\icons\360\buttons_dpad_down.dds.0 opened when runtime file access is disabled (mode rb)
[2014-07-15T12:55:06:704+00] [404.0 MB] [Error] <Flash> Error: CallMethod - 'setImageSubstitutions' on invalid object. [libs/ui/360/controls/messagechallenge.gfx]
[2014-07-15T12:55:06:710+00] [404.0 MB] [Error] <Flash> Error: CallMethod - 'setImageSubstitutions' on invalid object. [libs/ui/360/controls/messagechallenge.gfx]
[2014-07-15T12:55:06:716+00] [404.0 MB] [Error] File: d:\game\libs\icons\360\buttons_dpad_right.dds.0 opened when runtime file access is disabled (mode rb)
[2014-07-15T12:55:06:722+00] [404.0 MB] [Error] <Flash> Error: CallMethod - 'setImageSubstitutions' on invalid object. [libs/ui/360/controls/messagechallenge.gfx]
[2014-07-15T12:55:06:727+00] [404.0 MB] [Error] <Flash> Error: CallMethod - 'setImageSubstitutions' on invalid object. [libs/ui/360/controls/messagechallenge.gfx]
[2014-07-15T12:55:06:733+00] [404.0 MB] [Error] <Flash> Error: CallMethod - 'setImageSubstitutions' on invalid object. [libs/ui/360/controls/messagechallenge.gfx]
[2014-07-15T12:55:06:737+00] [404.0 MB] [Error] <Flash> Error: CallMethod - 'setImageSubstitutions' on invalid object. [libs/ui/360/controls/messagechallenge.gfx]
[2014-07-15T12:55:06:739+00] [404.0 MB] [Error] <Flash> Error: CallMethod - 'setImageSubstitutions' on invalid object. [libs/ui/360/controls/messagechallenge.gfx]
[2014-07-15T12:55:06:742+00] [404.0 MB] [Error] <Flash> Error: CallMethod - 'setImageSubstitutions' on invalid object. [libs/ui/360/controls/messagechallenge.gfx]
[2014-07-15T12:55:06:744+00] [404.0 MB] [Error] <Flash> Error: CallMethod - 'setImageSubstitutions' on invalid object. [libs/ui/360/controls/messagechallenge.gfx]
[2014-07-15T12:55:06:746+00] [404.0 MB] [Error] <Flash> Error: CallMethod - 'setImageSubstitutions' on invalid object. [libs/ui/360/controls/messagechallenge.gfx]
[2014-07-15T12:55:06:750+00] [404.0 MB] [Error] <Flash> Error: CallMethod - 'setImageSubstitutions' on invalid object. [libs/ui/360/controls/messagechallenge.gfx]
[2014-07-15T12:55:06:753+00] [404.0 MB] [Error] <Flash> Error: CallMethod - 'setImageSubstitutions' on invalid object. [libs/ui/360/controls/messagechallenge.gfx]
[2014-07-15T12:55:06:756+00] [404.0 MB] [Error] <Flash> Error: CallMethod - 'setImageSubstitutions' on invalid object. [libs/ui/360/controls/messagechallenge.gfx]
[2014-07-15T12:55:06:762+00] [404.0 MB] CScreenManager::ResetCursorPosition() Calling OnResetCursor() on achievements_notifier
[2014-07-15T12:55:06:766+00] [404.0 MB] [ScreenManager] [12:55:06] Open screen: 'achievements_notifier' opened in 298 ms time, frame 3411
[2014-07-15T12:55:06:771+00] [404.0 MB] [SOUND] 402CF8A0->Blocking/CMusicSystem::GetTheme()
[2014-07-15T12:55:06:774+00] [404.0 MB] [SOUND] 402CF8A0->Blocking/CMusicSystem::GetMood()
[2014-07-15T12:55:06:777+00] [404.0 MB] [Rich Presence] SetRichPresence 2 userIndex 0
[2014-07-15T12:55:06:781+00] [404.0 MB] [Rich Presence] SetRichPresence - Rich presence has been successfully started
[2014-07-15T12:55:06:785+00] [404.0 MB] [IMemoryFileSystem] Dumping files - before save
[2014-07-15T12:55:06:788+00] [404.0 MB] [0] %USER%/Profiles/profile.xml, Clean
[2014-07-15T12:55:06:792+00] [404.0 MB] [0] %USER%/Profiles/QueryCache/items.xml, Clean
[2014-07-15T12:55:06:795+00] [404.0 MB] [0] %USER%/Profiles/QueryCache/persistent_settings_get.xml, Clean
[2014-07-15T12:55:06:798+00] [404.0 MB] [0] %USER%/Profiles/QueryCache/shop_get_offers.xml, Clean
[2014-07-15T12:55:06:801+00] [404.0 MB] [CSaveWriter_Memory:0] "%USER%/Profiles/profile.xml" opened for write
[2014-07-15T12:55:06:805+00] [404.0 MB] [IMemoryFileSystem] Dumping files - after save
[2014-07-15T12:55:06:808+00] [404.0 MB] [0] %USER%/Profiles/profile.xml, Clean
[2014-07-15T12:55:06:809+00] [404.0 MB] [0] %USER%/Profiles/QueryCache/items.xml, Clean
[2014-07-15T12:55:06:813+00] [404.0 MB] [0] %USER%/Profiles/QueryCache/persistent_settings_get.xml, Clean
[2014-07-15T12:55:06:816+00] [404.0 MB] [0] %USER%/Profiles/QueryCache/shop_get_offers.xml, Clean
[2014-07-15T12:55:06:829+00] [404.0 MB] Average block size: 39 KB, Average throughput: 5.2 MB/sec, Jobs processed: 515 (19.9 MB), File IO Bandwidth: 2.27MB/s
[2014-07-15T12:55:06:873+00] [404.0 MB] Stalling CryOnline tick for 5728 ms
[2014-07-15T12:55:06:884+00] [404.0 MB] [net ] CNetwork::UpdateTick() stall detected, socket manager poll waitTime=66, actionsTime=0
[2014-07-15T12:55:06:910+00] [404.0 MB] [net ] CNetwork::UpdateTick() stall detected, socket manager poll waitTime=65, actionsTime=0
[2014-07-15T12:55:06:913+00] [404.0 MB] [net ] CNetwork::UpdateTick() stall detected, socket manager poll waitTime=65, actionsTime=0
[2014-07-15T12:55:06:916+00] [404.0 MB] [net ] CNetwork::UpdateTick() stall detected, socket manager poll waitTime=65, actionsTime=0
[2014-07-15T12:55:06:918+00] [404.0 MB] [net ] CNetwork::UpdateTick() stall detected, socket manager poll waitTime=65, actionsTime=0
[2014-07-15T12:55:07:155+00] [404.0 MB] [net ] CNetwork::UpdateTick() stall detected, socket manager poll waitTime=65, actionsTime=0
[2014-07-15T12:55:07:194+00] [404.0 MB] [net ] CNetwork::UpdateTick() stall detected, socket manager poll waitTime=65, actionsTime=0
[2014-07-15T12:55:07:203+00] [404.0 MB] [net ] CNetwork::UpdateTick() stall detected, socket manager poll waitTime=65, actionsTime=0
[2014-07-15T12:55:07:209+00] [404.0 MB] [net ] CNetwork::UpdateTick() stall detected, socket manager poll waitTime=65, actionsTime=0
[2014-07-15T12:55:07:215+00] [404.0 MB] [net ] CNetwork::UpdateTick() stall detected, socket manager poll waitTime=65, actionsTime=0
[2014-07-15T12:55:07:221+00] [404.0 MB] [net ] CNetwork::UpdateTick() stall detected, socket manager poll waitTime=65, actionsTime=0
[2014-07-15T12:55:07:227+00] [404.0 MB] [net ] CNetwork::UpdateTick() stall detected, socket manager poll waitTime=66, actionsTime=0
[2014-07-15T12:55:07:233+00] [404.0 MB] [net ] CNetwork::UpdateTick() stall detected, socket manager poll waitTime=65, actionsTime=0
[2014-07-15T12:55:07:239+00] [404.0 MB] [net ] CNetwork::UpdateTick() stall detected, socket manager poll waitTime=66, actionsTime=0
[2014-07-15T12:55:07:260+00] [404.0 MB] [net ] CNetwork::UpdateTick() stall detected, socket manager poll waitTime=65, actionsTime=0
[2014-07-15T12:55:07:266+00] [404.0 MB] [net ] CNetwork::UpdateTick() stall detected, socket manager poll waitTime=65, actionsTime=0
[2014-07-15T12:55:07:271+00] [404.0 MB] [net ] CNetwork::UpdateTick() stall detected, socket manager poll waitTime=65, actionsTime=0
[2014-07-15T12:55:07:278+00] [404.0 MB] [net ] CNetwork::UpdateTick() stall detected, socket manager poll waitTime=66, actionsTime=0
[2014-07-15T12:55:07:283+00] [404.0 MB] [net ] CNetwork::UpdateTick() stall detected, socket manager poll waitTime=65, actionsTime=0
[2014-07-15T12:55:07:289+00] [404.0 MB] [net ] CNetwork::UpdateTick() stall detected, socket manager poll waitTime=65, actionsTime=0
[2014-07-15T12:55:07:311+00] [404.0 MB] [net ] CNetwork::UpdateTick() stall detected, socket manager poll waitTime=65, actionsTime=0
[2014-07-15T12:55:07:314+00] [404.0 MB] [net ] CNetwork::UpdateTick() stall detected, socket manager poll waitTime=65, actionsTime=0
[2014-07-15T12:55:07:318+00] [404.0 MB] [net ] CNetwork::UpdateTick() stall detected, socket manager poll waitTime=65, actionsTime=0
[2014-07-15T12:55:07:460+00] [404.1 MB] [net ] CNetwork::UpdateTick() stall detected, socket manager poll waitTime=65, actionsTime=0
[2014-07-15T12:55:07:463+00] [404.1 MB] [net ] CNetwork::UpdateTick() stall detected, socket manager poll waitTime=66, actionsTime=0
[2014-07-15T12:55:07:466+00] [404.1 MB] [net ] CNetwork::UpdateTick() stall detected, socket manager poll waitTime=66, actionsTime=0
[2014-07-15T12:55:07:483+00] [404.1 MB] [net ] CNetwork::UpdateTick() stall detected, socket manager poll waitTime=65, actionsTime=0
[2014-07-15T12:55:07:559+00] [404.1 MB] [net ] CNetwork::UpdateTick() stall detected, socket manager poll waitTime=66, actionsTime=0
[2014-07-15T12:55:07:562+00] [404.1 MB] [net ] CNetwork::UpdateTick() stall detected, socket manager poll waitTime=66, actionsTime=0
[2014-07-15T12:55:07:566+00] [404.1 MB] [net ] CNetwork::UpdateTick() stall detected, socket manager poll waitTime=66, actionsTime=0
[2014-07-15T12:55:07:570+00] [404.1 MB] [net ] CNetwork::UpdateTick() stall detected, socket manager poll waitTime=65, actionsTime=0
[2014-07-15T12:55:07:590+00] [404.0 MB] [net ] CNetwork::UpdateTick() stall detected, socket manager poll waitTime=65, actionsTime=0
[2014-07-15T12:55:07:591+00] [404.0 MB] [net ] CNetwork::UpdateTick() stall detected, socket manager poll waitTime=65, actionsTime=0
[2014-07-15T12:55:07:594+00] [404.0 MB] [net ] CNetwork::UpdateTick() stall detected, socket manager poll waitTime=66, actionsTime=0
[2014-07-15T12:55:07:598+00] [404.0 MB] [net ] CNetwork::UpdateTick() stall detected, socket manager poll waitTime=66, actionsTime=0
[2014-07-15T12:55:07:601+00] [404.0 MB] [net ] CNetwork::UpdateTick() stall detected, socket manager poll waitTime=66, actionsTime=0
[2014-07-15T12:55:07:604+00] [404.0 MB] [net ] CNetwork::UpdateTick() stall detected, socket manager poll waitTime=65, actionsTime=0
[2014-07-15T12:55:07:605+00] [404.0 MB] [net ] CNetwork::UpdateTick() stall detected, socket manager poll waitTime=65, actionsTime=0
[2014-07-15T12:55:07:608+00] [404.0 MB] [net ] CNetwork::UpdateTick() stall detected, socket manager poll waitTime=65, actionsTime=0
[2014-07-15T12:55:07:612+00] [404.0 MB] [net ] CNetwork::UpdateTick() stall detected, socket manager poll waitTime=66, actionsTime=0
[2014-07-15T12:55:07:613+00] [404.0 MB] [net ] CNetwork::UpdateTick() stall detected, socket manager poll waitTime=66, actionsTime=0
[2014-07-15T12:55:07:617+00] [404.0 MB] [net ] CNetwork::UpdateTick() stall detected, socket manager poll waitTime=66, actionsTime=0
[2014-07-15T12:55:07:620+00] [404.0 MB] [net ] CNetwork::UpdateTick() stall detected, socket manager poll waitTime=65, actionsTime=0
[2014-07-15T12:55:07:730+00] [404.0 MB] [net ] CNetwork::UpdateTick() stall detected, socket manager poll waitTime=65, actionsTime=0
[2014-07-15T12:55:07:733+00] [404.0 MB] [net ] CNetwork::UpdateTick() stall detected, socket manager poll waitTime=65, actionsTime=0
[2014-07-15T12:55:07:737+00] [404.0 MB] [net ] CNetwork::UpdateTick() stall detected, socket manager poll waitTime=66, actionsTime=0
[2014-07-15T12:55:07:740+00] [404.0 MB] [net ] CNetwork::UpdateTick() stall detected, socket manager poll waitTime=66, actionsTime=0
[2014-07-15T12:55:07:743+00] [404.0 MB] [net ] CNetwork::UpdateTick() stall detected, socket manager poll waitTime=64, actionsTime=0
[2014-07-15T12:55:07:745+00] [404.0 MB] [net ] CNetwork::UpdateTick() stall detected, socket manager poll waitTime=66, actionsTime=0
[2014-07-15T12:55:07:748+00] [404.0 MB] [net ] CNetwork::UpdateTick() stall detected, socket manager poll waitTime=66, actionsTime=0
[2014-07-15T12:55:07:751+00] [404.0 MB] [net ] CNetwork::UpdateTick() stall detected, socket manager poll waitTime=65, actionsTime=0
[2014-07-15T12:55:07:754+00] [404.0 MB] [net ] CNetwork::UpdateTick() stall detected, socket manager poll waitTime=66, actionsTime=0
[2014-07-15T12:55:07:755+00] [404.0 MB] [net ] CNetwork::UpdateTick() stall detected, socket manager poll waitTime=66, actionsTime=0
[2014-07-15T12:55:07:758+00] [404.0 MB] [net ] CNetwork::UpdateTick() stall detected, socket manager poll waitTime=66, actionsTime=0
[2014-07-15T12:55:07:761+00] [404.0 MB] [net ] CNetwork::UpdateTick() stall detected, socket manager poll waitTime=65, actionsTime=0
[2014-07-15T12:55:07:766+00] [404.0 MB] [net ] CNetwork::UpdateTick() stall detected, socket manager poll waitTime=65, actionsTime=0
[2014-07-15T12:55:07:771+00] [404.0 MB] [net ] CNetwork::UpdateTick() stall detected, socket manager poll waitTime=66, actionsTime=0
[2014-07-15T12:55:07:772+00] [404.0 MB] [net ] CNetwork::UpdateTick() stall detected, socket manager poll waitTime=65, actionsTime=0
[2014-07-15T12:55:07:775+00] [404.0 MB] [net ] CNetwork::UpdateTick() stall detected, socket manager poll waitTime=65, actionsTime=0
[2014-07-15T12:55:07:778+00] [404.0 MB] [net ] CNetwork::UpdateTick() stall detected, socket manager poll waitTime=65, actionsTime=0
[2014-07-15T12:55:07:782+00] [404.0 MB] [net ] CNetwork::UpdateTick() stall detected, socket manager poll waitTime=65, actionsTime=0
[2014-07-15T12:55:07:785+00] [404.0 MB] [net ] CNetwork::UpdateTick() stall detected, socket manager poll waitTime=66, actionsTime=0
[2014-07-15T12:55:07:786+00] [404.0 MB] [net ] CNetwork::UpdateTick() stall detected, socket manager poll waitTime=66, actionsTime=0
[2014-07-15T12:55:07:789+00] [404.0 MB] [net ] CNetwork::UpdateTick() stall detected, socket manager poll waitTime=65, actionsTime=0
[2014-07-15T12:55:07:810+00] [404.0 MB] [net ] CNetwork::UpdateTick() stall detected, socket manager poll waitTime=65, actionsTime=0
[2014-07-15T12:55:07:817+00] [404.0 MB] [net ] CNetwork::UpdateTick() stall detected, socket manager poll waitTime=65, actionsTime=0
[2014-07-15T12:55:07:841+00] [404.0 MB] [net ] CNetwork::UpdateTick() stall detected, socket manager poll waitTime=66, actionsTime=0
[2014-07-15T12:55:07:865+00] [404.0 MB] [net ] CNetwork::UpdateTick() stall detected, socket manager poll waitTime=64, actionsTime=0
[2014-07-15T12:55:07:889+00] [404.0 MB] [net ] CNetwork::UpdateTick() stall detected, socket manager poll waitTime=66, actionsTime=0
[2014-07-15T12:55:07:894+00] [404.0 MB] [net ] CNetwork::UpdateTick() stall detected, socket manager poll waitTime=66, actionsTime=0
[2014-07-15T12:55:07:899+00] [404.0 MB] [net ] CNetwork::UpdateTick() stall detected, socket manager poll waitTime=66, actionsTime=0
[2014-07-15T12:55:07:916+00] [404.0 MB] [net ] CNetwork::UpdateTick() stall detected, socket manager poll waitTime=66, actionsTime=0
[2014-07-15T12:55:07:935+00] [404.0 MB] [net ] CNetwork::UpdateTick() stall detected, socket manager poll waitTime=65, actionsTime=0
[2014-07-15T12:55:07:940+00] [404.0 MB] [net ] CNetwork::UpdateTick() stall detected, socket manager poll waitTime=66, actionsTime=0
[2014-07-15T12:55:07:946+00] [404.0 MB] [net ] CNetwork::UpdateTick() stall detected, socket manager poll waitTime=66, actionsTime=0
[2014-07-15T12:55:07:951+00] [404.0 MB] [net ] CNetwork::UpdateTick() stall detected, socket manager poll waitTime=65, actionsTime=0
[2014-07-15T12:55:07:967+00] [404.0 MB] [net ] CNetwork::UpdateTick() stall detected, socket manager poll waitTime=65, actionsTime=0
[2014-07-15T12:55:07:985+00] [404.0 MB] [net ] CNetwork::UpdateTick() stall detected, socket manager poll waitTime=65, actionsTime=0
[2014-07-15T12:55:07:988+00] [404.0 MB] [net ] CNetwork::UpdateTick() stall detected, socket manager poll waitTime=66, actionsTime=0
[2014-07-15T12:55:07:989+00] [404.0 MB] [net ] CNetwork::UpdateTick() stall detected, socket manager poll waitTime=66, actionsTime=0
[2014-07-15T12:55:07:991+00] [404.0 MB] [net ] CNetwork::UpdateTick() stall detected, socket manager poll waitTime=64, actionsTime=0
[2014-07-15T12:55:07:993+00] [404.0 MB] [net ] CNetwork::UpdateTick() stall detected, socket manager poll waitTime=65, actionsTime=0
[2014-07-15T12:55:07:996+00] [404.0 MB] [net ] CNetwork::UpdateTick() stall detected, socket manager poll waitTime=65, actionsTime=0
[2014-07-15T12:55:08:001+00] [404.0 MB] [net ] CNetwork::UpdateTick() stall detected, socket manager poll waitTime=65, actionsTime=0
[2014-07-15T12:55:08:004+00] [404.0 MB] [net ] CNetwork::UpdateTick() stall detected, socket manager poll waitTime=65, actionsTime=0
[2014-07-15T12:55:08:005+00] [404.0 MB] [net ] CNetwork::UpdateTick() stall detected, socket manager poll waitTime=65, actionsTime=0
[2014-07-15T12:55:08:011+00] [404.0 MB] [Rich Presence] SetRichPresenceCallback - Rich presence succeeded with error code 0
[2014-07-15T12:55:08:014+00] [404.0 MB] [Rich Presence] successfully set rich presence
[2014-07-15T12:55:08:017+00] [404.0 MB] [Rich Presence] setting current rich presence
[2014-07-15T12:55:08:020+00] [404.0 MB] [net ] CNetwork::SyncWithGame() took a long time [1132], lock=[0], normal=[1123], lobby=[9], gotLobbyLock=true
[2014-07-15T12:55:08:028+00] [404.4 MB] [Warning] CHandsPose::GetAnimFrame: hands poses animation ik_aim_pose_ar02 is a streamed asset
[2014-07-15T12:55:08:049+00] [404.4 MB] [net ] CNetwork::UpdateTick() stall detected, socket manager poll waitTime=65, actionsTime=0
[2014-07-15T12:55:08:053+00] [404.4 MB] [net ] CCryLobby::TimerCallback() long frame detected, lastFrameTime=1168
[2014-07-15T12:55:08:061+00] [404.5 MB] [SOUND] 402F8880->Blocking/CSoundSystem::CreateListener()
[2014-07-15T12:55:08:074+00] [404.6 MB] Pre-caching render meshes for camera position
[2014-07-15T12:55:08:112+00] [404.6 MB] Updating level streaming priorities for 2 cameras (LevelFrameId = 192)
[2014-07-15T12:55:08:174+00] [404.6 MB] Finished pre-caching in 0.1 sec
[2014-07-15T12:55:08:222+00] [404.0 MB] [CPlatformOS_Xenon::SaveDirtyFiles] Saving dirty files for user 0
[2014-07-15T12:55:08:341+00] [404.0 MB] [CXenonFile] "%USER%/Profiles/profile.xml" (cry0:\profile.xml) opened for write
[2014-07-15T12:55:08:534+00] [404.0 MB] [CXenonFile] "~~xenon~filemap~~" (cry0:\~~xenon~filemap~~) opened for write
[2014-07-15T12:55:08:538+00] [404.0 MB] [IMemoryFileSystem] Dumping files - FindFirst
[2014-07-15T12:55:08:539+00] [404.0 MB] [0] %USER%/Profiles/profile.xml, Clean
[2014-07-15T12:55:08:546+00] [404.0 MB] [0] %USER%/Profiles/QueryCache/items.xml, Clean
[2014-07-15T12:55:08:575+00] [404.0 MB] [0] %USER%/Profiles/QueryCache/persistent_settings_get.xml, Clean
[2014-07-15T12:55:08:580+00] [404.0 MB] [0] %USER%/Profiles/QueryCache/shop_get_offers.xml, Clean
[2014-07-15T12:55:08:587+00] [413.3 MB] [net ] CNetwork::UpdateTick() stall detected, socket manager poll waitTime=65, actionsTime=0
[2014-07-15T12:55:08:589+00] [413.3 MB] [net ] CNetwork::UpdateTick() stall detected, socket manager poll waitTime=66, actionsTime=0
[2014-07-15T12:55:08:592+00] [413.3 MB] [net ] CNetwork::UpdateTick() stall detected, socket manager poll waitTime=66, actionsTime=0
[2014-07-15T12:55:08:594+00] [413.3 MB] [net ] CNetwork::UpdateTick() stall detected, socket manager poll waitTime=65, actionsTime=0
[2014-07-15T12:55:08:595+00] [413.3 MB] [net ] CNetwork::UpdateTick() stall detected, socket manager poll waitTime=66, actionsTime=0
[2014-07-15T12:55:08:597+00] [413.3 MB] [net ] CNetwork::UpdateTick() stall detected, socket manager poll waitTime=66, actionsTime=0
[2014-07-15T12:55:08:599+00] [413.3 MB] [net ] CNetwork::UpdateTick() stall detected, socket manager poll waitTime=65, actionsTime=0
[2014-07-15T12:55:08:600+00] [413.3 MB] Xeae853fc6IDIGQ$o renamed to 2535285332412694
[2014-07-15T12:55:08:605+00] [413.3 MB] [net ] CNetwork::UpdateTick() stall detected, socket manager poll waitTime=66, actionsTime=0
[2014-07-15T12:55:08:942+00] [413.8 MB] [net ] CNetwork::UpdateTick() stall detected, socket manager poll waitTime=65, actionsTime=0
[2014-07-15T12:55:08:978+00] [413.9 MB] [net ] CNetwork::UpdateTick() stall detected, socket manager poll waitTime=65, actionsTime=0
[2014-07-15T12:55:08:980+00] [414.0 MB] [net ] CNetwork::UpdateTick() stall detected, socket manager poll waitTime=65, actionsTime=0
[2014-07-15T12:55:08:981+00] [414.0 MB] [net ] CNetwork::UpdateTick() stall detected, socket manager poll waitTime=65, actionsTime=0
[2014-07-15T12:55:08:982+00] [414.0 MB] [net ] CNetwork::UpdateTick() stall detected, socket manager poll waitTime=66, actionsTime=0
[2014-07-15T12:55:09:012+00] [414.0 MB] OnUpdateContracts received
[2014-07-15T12:55:09:043+00] [414.0 MB] ProfileContract
[2014-07-15T12:55:09:044+00] [414.0 MB] pid:      [606]
[2014-07-15T12:55:09:046+00] [414.0 MB] rotation: [2]
[2014-07-15T12:55:09:047+00] [414.0 MB] name:     []
[2014-07-15T12:55:09:049+00] [414.0 MB] current:  [0]
[2014-07-15T12:55:09:080+00] [414.0 MB] progress: [0]
[2014-07-15T12:55:09:082+00] [414.0 MB] total:    [0]
[2014-07-15T12:55:09:083+00] [414.0 MB] sec left: [39944]
[2014-07-15T12:55:09:084+00] [414.0 MB] status:   [0]
[2014-07-15T12:55:09:087+00] [414.0 MB] [net ] CNetwork::UpdateTick() stall detected, socket manager poll waitTime=65, actionsTime=0
[2014-07-15T12:55:09:122+00] [414.1 MB] Achievements sent
[2014-07-15T12:55:09:131+00] [414.1 MB] [CNotificationConsoleClient] Pending notifications updated succesfully
[2014-07-15T12:55:09:149+00] [414.5 MB] [Error] <Flash> Missing font "Warface Condensed" in "_level0.instBL.instContentContainer.instContent.instLabel.instBase.textField". Search log:
   Searching for font: "Warface Condensed" 
      Movie resource: "Warface Condensed"  not found.
      Imports       : "Warface Condensed"  not found.
                    : "ColorController.swf", "shared_locfont.swf".
      Exported      : "Warface Condensed"  not found.
   Font not found. [libs/ui/360/controls/buttonlabel.gfx]
[2014-07-15T12:55:09:155+00] [414.5 MB] [Error] <Flash> Missing font "Warface Condensed" in "_level0.instBL.instContentContainer.instContent.instLabel.instTop.textField". Search log:
   Searching for font: "Warface Condensed" 
      Movie resource: "Warface Condensed"  not found.
      Imports       : "Warface Condensed"  not found.
                    : "ColorController.swf", "shared_locfont.swf".
      Exported      : "Warface Condensed"  not found.
   Font not found. [libs/ui/360/controls/buttonlabel.gfx]
[2014-07-15T12:55:09:335+00] [417.2 MB] CScreenManager::ResetCursorPosition() Calling OnResetCursor() on lobby_giveaway
[2014-07-15T12:55:09:336+00] [417.2 MB] [ScreenManager] [12:55:09] Open screen: 'lobby_giveaway' opened in 198 ms time, frame 3415
[2014-07-15T12:55:09:341+00] [417.2 MB] [net ] CNetwork::UpdateTick() stall detected, socket manager poll waitTime=66, actionsTime=0
[2014-07-15T12:55:09:353+00] [417.2 MB] [net ] CNetwork::UpdateTick() stall detected, socket manager poll waitTime=66, actionsTime=0
[2014-07-15T12:55:09:365+00] [417.2 MB] [net ] CNetwork::UpdateTick() stall detected, socket manager poll waitTime=65, actionsTime=0
[2014-07-15T12:55:09:392+00] [417.2 MB] [Online profile] Profile data successfully saved
[2014-07-15T12:55:09:466+00] [417.2 MB] [Online profile] Profile data successfully loaded
[2014-07-15T12:55:09:490+00] [417.2 MB] [Online profile] Profile items successfully resynced
[2014-07-15T12:55:09:508+00] [417.2 MB] [net ] CNetwork::UpdateTick() stall detected, socket manager poll waitTime=67, actionsTime=0
[2014-07-15T12:55:10:534+00] [420.1 MB] === Precaching render data for cutscene: 5th_Target3_raise ===
[2014-07-15T12:55:10:565+00] [420.1 MB] === Precaching render data for cutscene: 5th_Target2_raise ===
[2014-07-15T12:55:10:568+00] [420.1 MB] === Precaching render data for cutscene: 5th_Target1_raise ===
[2014-07-15T12:55:15:817+00] [422.3 MB] [Online profile] Profile data successfully saved
[2014-07-15T12:55:15:985+00] [422.3 MB] [CUIBackgroundManager] Loading background type 'default' for screen 'landing' and state 'lobby'
[2014-07-15T12:55:15:988+00] [422.3 MB] [ScreenManager] [12:55:15] Close screen: 'lobby_giveaway', frame 3594
[2014-07-15T12:55:15:992+00] [422.3 MB] CScreenManager::ResetCursorPosition() Calling OnResetCursor() on landing
[2014-07-15T12:55:15:998+00] [422.3 MB] [net ] CNetwork::UpdateTick() stall detected, socket manager poll waitTime=64, actionsTime=0
[2014-07-15T12:55:16:001+00] [422.3 MB] [net ] CNetwork::UpdateTick() stall detected, socket manager poll waitTime=65, actionsTime=0
[2014-07-15T12:55:16:005+00] [422.3 MB] [net ] CNetwork::UpdateTick() stall detected, socket manager poll waitTime=65, actionsTime=0
[2014-07-15T12:55:16:013+00] [422.3 MB] [ScreenManager] Destroy screen: 'lobby_giveaway', frame 3594
[2014-07-15T12:55:16:046+00] [419.3 MB] [Online profile] Profile current class successfully saved
[2014-07-15T12:55:20:788+00] [419.4 MB] === Precaching render data for cutscene: 5th_Target1_raise ===
[2014-07-15T12:55:20:889+00] [419.4 MB] [net ] CNetwork::UpdateTick() stall detected, socket manager poll waitTime=66, actionsTime=0
[2014-07-15T12:55:21:775+00] [419.4 MB] === Precaching render data for cutscene: 5th_Target2_raise ===
[2014-07-15T12:55:22:821+00] [419.4 MB] === Precaching render data for cutscene: 5th_Target3_raise ===
[2014-07-15T12:55:22:937+00] [419.4 MB] [net ] CNetwork::UpdateTick() stall detected, socket manager poll waitTime=66, actionsTime=0
[2014-07-15T12:55:31:022+00] [419.4 MB] === Precaching render data for cutscene: 5th_Target1_raise ===
[2014-07-15T12:55:32:923+00] [419.4 MB] === Precaching render data for cutscene: 5th_Target2_raise ===
[2014-07-15T12:55:35:035+00] [419.4 MB] === Precaching render data for cutscene: 5th_Target3_raise ===
[2014-07-15T12:55:35:113+00] [419.4 MB] [net ] CNetwork::UpdateTick() stall detected, socket manager poll waitTime=65, actionsTime=0
[2014-07-15T12:55:41:161+00] [419.4 MB] === Precaching render data for cutscene: 5th_Target1_raise ===
[2014-07-15T12:55:41:332+00] [419.4 MB] [net ] CNetwork::UpdateTick() stall detected, socket manager poll waitTime=64, actionsTime=0
[2014-07-15T12:55:41:337+00] [419.4 MB] [net ] CNetwork::UpdateTick() stall detected, socket manager poll waitTime=65, actionsTime=0
[2014-07-15T12:55:44:143+00] [419.4 MB] === Precaching render data for cutscene: 5th_Target2_raise ===
[2014-07-15T12:55:47:303+00] [419.4 MB] === Precaching render data for cutscene: 5th_Target3_raise ===
[2014-07-15T12:55:51:451+00] [419.4 MB] === Precaching render data for cutscene: 5th_Target1_raise ===
[2014-07-15T12:55:55:303+00] [419.4 MB] === Precaching render data for cutscene: 5th_Target2_raise ===
[2014-07-15T12:55:59:436+00] [419.4 MB] === Precaching render data for cutscene: 5th_Target3_raise ===
[2014-07-15T12:56:01:602+00] [419.4 MB] === Precaching render data for cutscene: 5th_Target1_raise ===
[2014-07-15T12:56:06:459+00] [419.4 MB] === Precaching render data for cutscene: 5th_Target2_raise ===
[2014-07-15T12:56:11:597+00] [419.4 MB] === Precaching render data for cutscene: 5th_Target3_raise ===
[2014-07-15T12:56:11:699+00] [419.4 MB] === Precaching render data for cutscene: 5th_Target1_raise ===
[2014-07-15T12:56:14:392+00] [414.2 MB] [Error] Runaway thread F8000580 ''
[2014-07-15T12:56:14:556+00] [414.2 MB] [net ] CNetwork::UpdateTick() stall detected, socket manager poll waitTime=66, actionsTime=0
[2014-07-15T12:56:14:557+00] [414.2 MB] [net ] CNetwork::UpdateTick() stall detected, socket manager poll waitTime=65, actionsTime=0
[2014-07-15T12:56:14:561+00] [419.3 MB] [net ] CNetwork::UpdateTick() stall detected, socket manager poll waitTime=65, actionsTime=0
