[2014-07-16T10:28:50:601+00] [57.1 MB] BackupNameAttachment=" Build(1) 16 Jul 14 (10 28 49)"  -- used by backup system
[2014-07-16T10:28:50:603+00] [57.1 MB] Log Started at 07/16/14 10:28:49
[2014-07-16T10:28:50:604+00] [57.1 MB] Running 32 bit X360 version
[2014-07-16T10:28:50:605+00] [57.1 MB] FileVersion: 1.0.0.1
[2014-07-16T10:28:50:606+00] [57.1 MB] ProductVersion: 1.0.0.1
[2014-07-16T10:28:50:607+00] [57.2 MB] Using STLport C++ Standard Library implementation
[2014-07-16T10:28:50:608+00] [57.2 MB] Added MOD directory <engine> to CryPak
[2014-07-16T10:28:50:609+00] [57.2 MB] Executable Command Line: "Warface.xex"
[2014-07-16T10:28:50:610+00] [57.2 MB] Number of system processors: 3
[2014-07-16T10:28:50:611+00] [57.2 MB] Number of available processors: 3
[2014-07-16T10:28:50:612+00] [57.2 MB] 
[2014-07-16T10:28:50:613+00] [57.2 MB] Processor 0:
[2014-07-16T10:28:50:614+00] [57.2 MB]   CPU:  
[2014-07-16T10:28:50:615+00] [57.2 MB]   Family: 0, Model: 0, Stepping: 0
[2014-07-16T10:28:50:616+00] [57.2 MB]   FPU: 
[2014-07-16T10:28:50:617+00] [57.2 MB]   CPU Speed (estimated): 3200.0 MHz
[2014-07-16T10:28:50:617+00] [57.2 MB]   MMX: not present
[2014-07-16T10:28:50:618+00] [57.2 MB]   SSE: not present
[2014-07-16T10:28:50:619+00] [57.2 MB]   3DNow!: not present
[2014-07-16T10:28:50:620+00] [57.2 MB]   Serial number not present or disabled
[2014-07-16T10:28:50:621+00] [57.2 MB] 
[2014-07-16T10:28:50:622+00] [57.2 MB] Processor 1:
[2014-07-16T10:28:50:623+00] [57.2 MB]   CPU:  
[2014-07-16T10:28:50:624+00] [57.2 MB]   Family: 0, Model: 0, Stepping: 0
[2014-07-16T10:28:50:625+00] [57.2 MB]   FPU: 
[2014-07-16T10:28:50:626+00] [57.2 MB]   CPU Speed (estimated): 3200.0 MHz
[2014-07-16T10:28:50:627+00] [57.2 MB]   MMX: not present
[2014-07-16T10:28:50:628+00] [57.2 MB]   SSE: not present
[2014-07-16T10:28:50:629+00] [57.2 MB]   3DNow!: not present
[2014-07-16T10:28:50:630+00] [57.2 MB]   Serial number not present or disabled
[2014-07-16T10:28:50:631+00] [57.2 MB] 
[2014-07-16T10:28:50:634+00] [57.2 MB] Processor 2:
[2014-07-16T10:28:50:634+00] [57.2 MB]   CPU:  
[2014-07-16T10:28:50:635+00] [57.2 MB]   Family: 0, Model: 0, Stepping: 0
[2014-07-16T10:28:50:636+00] [57.2 MB]   FPU: 
[2014-07-16T10:28:50:637+00] [57.2 MB]   CPU Speed (estimated): 3200.0 MHz
[2014-07-16T10:28:50:638+00] [57.2 MB]   MMX: not present
[2014-07-16T10:28:50:639+00] [57.2 MB]   SSE: not present
[2014-07-16T10:28:50:641+00] [57.2 MB]   3DNow!: not present
[2014-07-16T10:28:50:642+00] [57.2 MB]   Serial number not present or disabled
[2014-07-16T10:28:50:643+00] [57.2 MB] 
[2014-07-16T10:28:50:644+00] [57.2 MB] CNotificationNetwork::Create: Failed to create socket.
[2014-07-16T10:28:50:645+00] [59.0 MB] Stream Engine Initialization
[2014-07-16T10:28:50:646+00] [60.0 MB] Loading Config file system.cfg (d:\system.cfg)
[2014-07-16T10:28:50:647+00] [68.2 MB] Loading Config file config/system.cfg (d:\game\config\system.cfg)
[2014-07-16T10:28:50:680+00] [68.2 MB] Config file %USER%/game.cfg not found!
[2014-07-16T10:28:50:682+00] [68.2 MB] Config file console.cfg not found!
[2014-07-16T10:28:50:683+00] [68.2 MB] Loading Config file x360.cfg (d:\game\config\x360.cfg)
[2014-07-16T10:28:50:686+00] [68.2 MB] Loading Config file system.cfg (d:\system.cfg)
[2014-07-16T10:28:50:698+00] [68.2 MB] Config file user.cfg not found!
[2014-07-16T10:28:50:699+00] [68.2 MB] Config file online.cfg not found!
[2014-07-16T10:28:50:700+00] [68.2 MB] GameName: Warface
[2014-07-16T10:28:50:701+00] [68.2 MB] BuildTime: Jul 14 2014 13:05:49
[2014-07-16T10:28:50:706+00] [68.2 MB] Font initialization
[2014-07-16T10:28:50:707+00] [68.2 MB] Initializing CryFont ...
[2014-07-16T10:28:50:747+00] [68.8 MB] Initializing CryFont done, MemUsage=0Kb
[2014-07-16T10:28:50:772+00] [69.3 MB] Physics initialization
[2014-07-16T10:28:50:773+00] [69.3 MB] Initializing CryPhysics ...
[2014-07-16T10:28:50:952+00] [72.2 MB] Initializing CryPhysics done, MemUsage=0Kb
[2014-07-16T10:28:50:955+00] [72.2 MB] Sound initialization
[2014-07-16T10:28:50:956+00]     [72.2 MB] Initializing CrySoundSystem ...
[2014-07-16T10:28:51:159+00]     [75.9 MB] [SOUND] 4041C820->Blocking/CEngineModule_CrySoundSystem ::I_Init()
[2014-07-16T10:28:51:171+00]     [87.6 MB] Initializing CrySoundSystem done, MemUsage=0Kb
[2014-07-16T10:28:51:172+00]     [87.6 MB] [SOUND] 402F8880->Blocking/CSoundSystem::CreateMusicSystem()
[2014-07-16T10:28:51:174+00] [87.9 MB] Renderer initialization
[2014-07-16T10:28:51:175+00] [87.9 MB] Initializing CryRenderD3D9 ...
[2014-07-16T10:28:51:529+00] [93.6 MB] [Warning] Try to set cheat cvar (r_DeferredShadingSortLights) from config
[2014-07-16T10:28:51:539+00] [93.6 MB] [Warning] Try to set cheat cvar (r_CustomVisions) from config
[2014-07-16T10:28:51:540+00] [93.6 MB] [Warning] Try to set cheat cvar (r_DepthOfField) from config
[2014-07-16T10:28:51:541+00] [93.6 MB] [Warning] Try to set cheat cvar (r_SSAODownscale) from config
[2014-07-16T10:28:51:543+00] [93.6 MB] [Warning] Try to set cheat cvar (r_SSAOQuality) from config
[2014-07-16T10:28:51:554+00] [185.9 MB] CRenderer sizeof(Vec2f16)=4 sizeof(Vec3f16)=8
[2014-07-16T10:29:11:407+00] [185.8 MB] [Error] ERROR: CShaderSrv::Compile: could not connect to 10.16.0.21 (error -1, sys_net_errno=10060, retrying 0)
[2014-07-16T10:29:31:407+00] [185.8 MB] [Error] ERROR: CShaderSrv::Compile: could not connect to 10.16.0.21 (error -1, sys_net_errno=10060, retrying 1)
[2014-07-16T10:29:51:407+00] [185.8 MB] [Error] ERROR: CShaderSrv::Compile: could not connect to 10.16.0.21 (error -1, sys_net_errno=10060, retrying 2)
[2014-07-16T10:30:11:407+00] [185.8 MB] [Error] ERROR: CShaderSrv::Compile: could not connect to 10.16.0.21 (error -1, sys_net_errno=10060, retrying 3)
[2014-07-16T10:30:31:407+00] [185.8 MB] [Error] ERROR: CShaderSrv::Compile: could not connect to 10.16.0.21 (error -1, sys_net_errno=10060, retrying 4)
[2014-07-16T10:30:51:407+00] [185.8 MB] [Error] ERROR: CShaderSrv::Compile: could not connect to 10.16.0.21 (error -1, sys_net_errno=10060, retrying 5)
[2014-07-16T10:31:11:407+00] [185.8 MB] [Error] ERROR: CShaderSrv::Compile: could not connect to 10.16.0.21 (error -1, sys_net_errno=10060, retrying 6)
[2014-07-16T10:31:11:410+00] [186.1 MB] Initializing CryRenderD3D9 done, MemUsage=0Kb
[2014-07-16T10:31:11:411+00] [186.1 MB] Initializing Direct3D and creating game window:
[2014-07-16T10:31:11:412+00]     [186.1 MB] D3DX_SDK_VERSION = 21
[2014-07-16T10:31:11:413+00]     [186.1 MB] Direct3D9 driver is creating...
[2014-07-16T10:31:11:414+00]     [186.1 MB] Crytek Direct3D9 driver version 2.00 (Jul 14 2014 <13:09:06>)
[2014-07-16T10:31:11:415+00]     [186.1 MB] Creating window called 'Warface' (1024x768)
[2014-07-16T10:31:11:516+00]     [204.2 MB]  Full scene AA: Disabled
[2014-07-16T10:31:11:517+00]     [204.2 MB]  Current Resolution: 1152x720x32 [120 Hz] Full Screen
[2014-07-16T10:31:11:518+00]     [204.2 MB]  Maximum texture size: 8192x8192 (Max Aspect: 8192)
[2014-07-16T10:31:11:519+00]     [204.2 MB]  Default textures filtering type: TRILINEAR
[2014-07-16T10:31:11:520+00]     [204.2 MB]  HDR Rendering: FP16
[2014-07-16T10:31:11:521+00]     [204.2 MB]  MRT HDR Rendering: Disabled
[2014-07-16T10:31:11:522+00]     [204.2 MB]  Occlusion queries: Supported
[2014-07-16T10:31:11:523+00]     [204.2 MB]  Geometry instancing: Supported
[2014-07-16T10:31:11:524+00]     [204.2 MB]  Vertex textures: Supported
[2014-07-16T10:31:11:525+00]     [204.2 MB]  Render to vertex buffer: Supported
[2014-07-16T10:31:11:526+00]     [204.2 MB]  R16F rendertarget: Not supported
[2014-07-16T10:31:11:527+00]     [204.2 MB]  NormalMaps compression : Supported
[2014-07-16T10:31:11:528+00]     [204.2 MB]  Gamma control: Hardware
[2014-07-16T10:31:11:529+00]     [204.2 MB]  Vertex Shaders version 3.1
[2014-07-16T10:31:11:530+00]     [204.2 MB]  Pixel Shaders version 3.1
[2014-07-16T10:31:11:531+00]     [204.2 MB]  used GeomInstancingThreshold is 7
[2014-07-16T10:31:11:533+00]     [204.2 MB]  Pixel shaders usage: PS.3.0, PS.2.X, PS.2.0 and PS.1.1
[2014-07-16T10:31:11:534+00]     [204.2 MB]  Vertex shaders usage: VS.3.0, VS.2.0 and VS.1.1
[2014-07-16T10:31:11:536+00]     [204.2 MB]  Shadow maps type: Mixed Depth/2D maps
[2014-07-16T10:31:11:537+00]     [204.2 MB]  Stencil shadows type: Two sided
[2014-07-16T10:31:11:538+00]     [204.2 MB]  *****************************************
[2014-07-16T10:31:11:539+00]     [204.2 MB]  
[2014-07-16T10:31:11:540+00]     [204.2 MB] Init Shaders
[2014-07-16T10:31:11:541+00]     [204.2 MB]  General shader quality: Medium
[2014-07-16T10:31:11:542+00]     [204.2 MB]  Metal shader quality: Medium
[2014-07-16T10:31:11:543+00]     [204.2 MB]  Glass shader quality: Medium
[2014-07-16T10:31:11:544+00]     [204.2 MB]  Vegetation shader quality: Medium
[2014-07-16T10:31:11:545+00]     [204.2 MB]  Ice shader quality: Medium
[2014-07-16T10:31:11:546+00]     [204.2 MB]  Terrain shader quality: Medium
[2014-07-16T10:31:11:547+00]     [204.2 MB]  Shadow shader quality: Medium
[2014-07-16T10:31:11:548+00]     [204.2 MB]  Water shader quality: Medium
[2014-07-16T10:31:11:549+00]     [204.2 MB]  FX shader quality: Medium
[2014-07-16T10:31:11:551+00]     [204.2 MB]  PostProcess shader quality: Medium
[2014-07-16T10:31:11:552+00]     [204.2 MB]  HDR shader quality: Medium
[2014-07-16T10:31:11:553+00]     [204.2 MB]  Sky shader quality: Medium
[2014-07-16T10:31:11:554+00]     [204.2 MB] Render quality: Medium
[2014-07-16T10:31:11:562+00]     [207.8 MB] Init textures management (0 Mb of video memory is available)...
[2014-07-16T10:31:11:563+00]     [207.7 MB]   Enabling of textures streaming...
[2014-07-16T10:31:11:564+00]     [207.7 MB]   Using 91 Mb of textures pool for streaming...
[2014-07-16T10:31:11:565+00]     [207.7 MB]   Video textures: Atlas clouds max size: 8 Mb
[2014-07-16T10:31:11:566+00]     [207.7 MB]   Video textures: Atlas sprites max size: 8 Mb
[2014-07-16T10:31:11:567+00]     [207.7 MB]   Video textures: Dynamic managed max size: 20 Mb
[2014-07-16T10:31:11:569+00]     [207.7 MB]   Reloading all textures...
[2014-07-16T10:31:11:570+00]     [207.7 MB]   Finished reloading textures...
[2014-07-16T10:31:11:571+00]     [207.7 MB]   Finished initializing textures streaming...
[2014-07-16T10:31:11:572+00]     [207.7 MB] [Warning] Cannot open Pak file d:\engine\shaders.pak
[2014-07-16T10:31:11:651+00] [208.8 MB] Using Scaleform GFx 3.3.88
[2014-07-16T10:31:11:653+00] [208.8 MB]   Using dynamic pool
[2014-07-16T10:31:11:707+00] [209.2 MB] [SOUND] 402F8880->Blocking/CSoundSystem::CreateVideoSoundSystem()
[2014-07-16T10:31:11:860+00] [214.7 MB] [Error] <Flash> Error: Can't find method '_level0.vSetVolume' to invoke. [libs/ui/usm_player_intro.gfx]
[2014-07-16T10:31:11:871+00] [207.2 MB] [CSaveWriter_Memory:0] Formatted
[2014-07-16T10:31:11:873+00] [207.2 MB] [CSaveWriter_Memory:1] Formatted
[2014-07-16T10:31:11:874+00] [207.2 MB] [CSaveWriter_Memory:2] Formatted
[2014-07-16T10:31:11:875+00] [207.2 MB] [CSaveWriter_Memory:3] Formatted
[2014-07-16T10:31:11:877+00] [207.2 MB] [Warning] Cannot open Pak file d:\game\gamestream.pak
[2014-07-16T10:31:11:878+00] [207.2 MB] InitPlatformOS took 0.01s
[2014-07-16T10:31:12:883+00] [217.2 MB] [Warning] Cannot open Pak file d:\game\videos.pak
[2014-07-16T10:31:13:043+00] [221.0 MB] [Warning] Cannot open Pak file d:\game\_fastload\startup.pak
[2014-07-16T10:31:13:306+00] [226.0 MB] [STFSTEST]	Opened all basic paks in 1.4226 seconds
[2014-07-16T10:31:13:353+00] [226.0 MB] Config file gamestream.cfg not found!
[2014-07-16T10:31:13:366+00] [226.0 MB] Found asset version as 1165316.
[2014-07-16T10:31:13:383+00] [226.0 MB] Config file game/Localized/Default.lng not found!
[2014-07-16T10:31:13:385+00] [226.0 MB] [Warning] LocalizeStringManager encountered an unsupported language in setAvailableLocalizationsCSVString: 
[2014-07-16T10:31:13:386+00] [226.0 MB] [Warning] LocalizeStringManager encountered an unsupported language in setAvailableLocalizationsCSVString: 
[2014-07-16T10:31:13:387+00] [226.0 MB] [Warning] LocalizeStringManager encountered an unsupported language in setAvailableLocalizationsCSVString: 
[2014-07-16T10:31:13:388+00] [226.0 MB] [Warning] LocalizeStringManager encountered an unsupported language in setAvailableLocalizationsCSVString: 
[2014-07-16T10:31:13:390+00] [226.0 MB] [Warning] LocalizeStringManager encountered an unsupported language in setAvailableLocalizationsCSVString: 
[2014-07-16T10:31:13:391+00] [226.0 MB] [Warning] LocalizeStringManager encountered an unsupported language in setAvailableLocalizationsCSVString: 
[2014-07-16T10:31:13:392+00] [226.0 MB] [Warning] LocalizeStringManager encountered an unsupported language in setAvailableLocalizationsCSVString: 
[2014-07-16T10:31:13:393+00] [226.0 MB] [Warning] LocalizeStringManager encountered an unsupported language in setAvailableLocalizationsCSVString: 
[2014-07-16T10:31:13:395+00] [226.0 MB] [Warning] LocalizeStringManager encountered an unsupported language in setAvailableLocalizationsCSVString: 
[2014-07-16T10:31:13:396+00] [226.0 MB] [Warning] Cannot open Pak file d:\game\bootstrap_english.pak
[2014-07-16T10:31:13:397+00] [226.0 MB] Localized bootstrap language content(english) not available or modified from the original installation.
[2014-07-16T10:31:13:409+00] [226.0 MB] [Warning] Cannot open Pak file d:\game\english_xml.pak
[2014-07-16T10:31:13:410+00] [226.0 MB] Localized language xml content(english) not available or modified from the original installation.
[2014-07-16T10:31:13:411+00] [226.0 MB] [Warning] Cannot open Pak file d:\game\english.pak
[2014-07-16T10:31:13:412+00] [226.0 MB] Localized language content(english) not available or modified from the original installation.
[2014-07-16T10:31:13:540+00] [226.2 MB] [Warning] Streamed texture 'Shaders/EngineAssets/Textures/water_droplets.dds' is uncompressed, and greater than 256KB (344KB)
[2014-07-16T10:31:13:765+00] [229.2 MB] Network initialization
[2014-07-16T10:31:13:803+00] [229.2 MB] Initializing CryNetwork ...
[2014-07-16T10:31:14:066+00] [232.6 MB] [net] using X360 socket io management
[2014-07-16T10:31:14:067+00] [232.9 MB] [Network Version]: DEBUG DEVELOPMENT BUILD
[2014-07-16T10:31:14:069+00] [232.9 MB] Initializing CryNetwork done, MemUsage=0Kb
[2014-07-16T10:31:14:069+00] [232.9 MB] MovieSystem initialization
[2014-07-16T10:31:14:070+00] [232.9 MB] Initializing CryMovie ...
[2014-07-16T10:31:14:140+00] [233.6 MB] Initializing CryMovie done, MemUsage=0Kb
[2014-07-16T10:31:14:143+00] [233.6 MB] Console initialization
[2014-07-16T10:31:14:145+00] [233.6 MB] Time initialization
[2014-07-16T10:31:14:146+00] [233.6 MB] Timer 'freeze me' address to make speedhack: 40201DB8
[2014-07-16T10:31:14:147+00] [233.6 MB] Input initialization
[2014-07-16T10:31:14:148+00]     [233.6 MB] Initializing CryInput ...
[2014-07-16T10:31:14:168+00]     [234.0 MB] Initializing XenonInput
[2014-07-16T10:31:14:172+00]     [234.1 MB] Initializing CryInput done, MemUsage=0Kb
[2014-07-16T10:31:14:173+00] [234.1 MB] Initializing Animation System
[2014-07-16T10:31:14:174+00]     [234.1 MB] Initializing CryAnimation ...
[2014-07-16T10:31:14:327+00]     [236.2 MB] [Warning] Try to set cheat cvar (ca_DrawCGAAsSkin) from config
[2014-07-16T10:31:14:330+00]     [236.2 MB] [Warning] Try to set cheat cvar (ca_UseIMG_CAF) from config
[2014-07-16T10:31:14:331+00]     [236.2 MB] [Warning] Try to set cheat cvar (ca_UseIMG_AIM) from config
[2014-07-16T10:31:14:332+00]     [236.2 MB] [Warning] Try to set cheat cvar (ca_UnloadAnimationCAF) from config
[2014-07-16T10:31:14:333+00]     [236.2 MB] [Warning] Try to set cheat cvar (ca_UnloadAnimationDBA) from config
[2014-07-16T10:31:14:495+00]     [237.6 MB] Initializing CryAnimation done, MemUsage=0Kb
[2014-07-16T10:31:14:496+00] [237.6 MB] Initializing 3D Engine
[2014-07-16T10:31:14:497+00]     [237.6 MB] Initializing Cry3DEngine ...
[2014-07-16T10:31:14:697+00]     [240.7 MB] [Warning] Try to set cheat cvar (e_WaterOcean) from config
[2014-07-16T10:31:14:701+00]     [240.7 MB] [Warning] Try to set cheat cvar (e_TerrainNormalMap) from config
[2014-07-16T10:31:14:703+00]     [240.7 MB] [Warning] Try to set cheat cvar (e_PhysOceanCell) from config
[2014-07-16T10:31:14:705+00]     [240.7 MB] [Warning] Try to set cheat cvar (e_PreloadMaterials) from config
[2014-07-16T10:31:14:709+00]     [241.1 MB] Sky light: Optical lookup tables loaded off disc.
[2014-07-16T10:31:14:712+00]     [242.1 MB] Initializing Cry3DEngine done, MemUsage=0Kb
[2014-07-16T10:31:14:939+00] [246.3 MB] [Warning] [LoadAnimationImageFileSelection] Failed to hook up crc -1132679611
[2014-07-16T10:31:14:940+00] [246.3 MB] [Warning] [LoadAnimationImageFileSelection] Failed to hook up crc -1801452870
[2014-07-16T10:31:14:941+00] [246.3 MB] [Warning] [LoadAnimationImageFileSelection] Failed to hook up crc -518724656
[2014-07-16T10:31:14:942+00] [246.3 MB] [Warning] [LoadAnimationImageFileSelection] Failed to hook up crc 1033600316
[2014-07-16T10:31:14:943+00] [246.3 MB] [Warning] [LoadAnimationImageFileSelection] Failed to hook up crc 1903549100
[2014-07-16T10:31:14:945+00] [246.3 MB] [Warning] [LoadAnimationImageFileSelection] Failed to hook up crc 855578846
[2014-07-16T10:31:14:946+00] [246.3 MB] [Warning] [LoadAnimationImageFileSelection] Failed to hook up crc -1201526129
[2014-07-16T10:31:14:947+00] [246.3 MB] [Warning] [LoadAnimationImageFileSelection] Failed to hook up crc 324619400
[2014-07-16T10:31:14:948+00] [246.3 MB] [Warning] [LoadAnimationImageFileSelection] Failed to hook up crc 704572764
[2014-07-16T10:31:14:949+00] [246.3 MB] [Warning] [LoadAnimationImageFileSelection] Failed to hook up crc 284754753
[2014-07-16T10:31:14:950+00] [246.3 MB] [Warning] [LoadAnimationImageFileSelection] Failed to hook up crc 1644893902
[2014-07-16T10:31:14:951+00] [246.3 MB] [Warning] [LoadAnimationImageFileSelection] Failed to hook up crc -568597875
[2014-07-16T10:31:14:953+00] [246.3 MB] [Warning] [LoadAnimationImageFileSelection] Failed to hook up crc 1533754816
[2014-07-16T10:31:14:953+00] [246.3 MB] [Warning] [LoadAnimationImageFileSelection] Failed to hook up crc 325319214
[2014-07-16T10:31:14:954+00] [246.3 MB] [Warning] [LoadAnimationImageFileSelection] Failed to hook up crc 373092115
[2014-07-16T10:31:14:955+00] [246.3 MB] [Warning] [LoadAnimationImageFileSelection] Failed to hook up crc -721010548
[2014-07-16T10:31:14:957+00] [246.3 MB] [Warning] [LoadAnimationImageFileSelection] Failed to hook up crc -1620454646
[2014-07-16T10:31:14:958+00] [246.3 MB] [Warning] [LoadAnimationImageFileSelection] Failed to hook up crc -216370657
[2014-07-16T10:31:14:959+00] [246.3 MB] [Warning] [LoadAnimationImageFileSelection] Failed to hook up crc 749690054
[2014-07-16T10:31:14:960+00] [246.4 MB] [Warning] [LoadAnimationImageFileSelection] Failed to hook up crc -2064479418
[2014-07-16T10:31:14:961+00] [246.4 MB] [Warning] [LoadAnimationImageFileSelection] Failed to hook up crc 1985484803
[2014-07-16T10:31:14:962+00] [246.4 MB] [Warning] [LoadAnimationImageFileSelection] Failed to hook up crc 1944494782
[2014-07-16T10:31:14:964+00] [246.4 MB] [Warning] [LoadAnimationImageFileSelection] Failed to hook up crc -976652796
[2014-07-16T10:31:14:966+00] [246.4 MB] [Warning] [LoadAnimationImageFileSelection] Failed to hook up crc 2126012979
[2014-07-16T10:31:14:967+00] [246.4 MB] [Warning] [LoadAnimationImageFileSelection] Failed to hook up crc 1456330585
[2014-07-16T10:31:14:969+00] [246.4 MB] [Warning] [LoadAnimationImageFileSelection] Failed to hook up crc 909292704
[2014-07-16T10:31:14:969+00] [246.4 MB] [Warning] [LoadAnimationImageFileSelection] Failed to hook up crc 1065590641
[2014-07-16T10:31:14:971+00] [246.4 MB] [Warning] [LoadAnimationImageFileSelection] Failed to hook up crc 1972793794
[2014-07-16T10:31:14:972+00] [246.4 MB] [Warning] [LoadAnimationImageFileSelection] Failed to hook up crc 449667177
[2014-07-16T10:31:14:972+00] [246.4 MB] [Warning] [LoadAnimationImageFileSelection] Failed to hook up crc -1945683816
[2014-07-16T10:31:14:975+00] [246.4 MB] [Warning] [LoadAnimationImageFileSelection] Failed to hook up crc -932292582
[2014-07-16T10:31:14:976+00] [246.4 MB] [Warning] [LoadAnimationImageFileSelection] Failed to hook up crc -244730361
[2014-07-16T10:31:14:977+00] [246.4 MB] [Warning] [LoadAnimationImageFileSelection] Failed to hook up crc 1095079581
[2014-07-16T10:31:14:978+00] [246.4 MB] [Warning] [LoadAnimationImageFileSelection] Failed to hook up crc -1003140656
[2014-07-16T10:31:14:979+00] [246.4 MB] [Warning] [LoadAnimationImageFileSelection] Failed to hook up crc 185901315
[2014-07-16T10:31:14:980+00] [246.5 MB] [Warning] [LoadAnimationImageFileSelection] Failed to hook up crc -17028791
[2014-07-16T10:31:14:981+00] [246.5 MB] [Warning] [LoadAnimationImageFileSelection] Failed to hook up crc 1641465627
[2014-07-16T10:31:14:982+00] [246.5 MB] [Warning] [LoadAnimationImageFileSelection] Failed to hook up crc -1607612
[2014-07-16T10:31:14:983+00] [246.5 MB] [Warning] [LoadAnimationImageFileSelection] Failed to hook up crc -197654627
[2014-07-16T10:31:14:984+00] [246.5 MB] [Warning] [LoadAnimationImageFileSelection] Failed to hook up crc -851449472
[2014-07-16T10:31:14:985+00] [246.5 MB] [Warning] [LoadAnimationImageFileSelection] Failed to hook up crc 849729089
[2014-07-16T10:31:14:986+00] [246.5 MB] [Warning] [LoadAnimationImageFileSelection] Failed to hook up crc -1122210584
[2014-07-16T10:31:14:987+00] [246.5 MB] [Warning] [LoadAnimationImageFileSelection] Failed to hook up crc 848084131
[2014-07-16T10:31:14:988+00] [246.5 MB] [Warning] [LoadAnimationImageFileSelection] Failed to hook up crc -496255825
[2014-07-16T10:31:14:990+00] [246.5 MB] [Warning] [LoadAnimationImageFileSelection] Failed to hook up crc 690842784
[2014-07-16T10:31:14:991+00] [246.5 MB] [Warning] [LoadAnimationImageFileSelection] Failed to hook up crc -779557600
[2014-07-16T10:31:14:993+00] [246.5 MB] [Warning] [LoadAnimationImageFileSelection] Failed to hook up crc -19094291
[2014-07-16T10:31:14:994+00] [246.5 MB] [Warning] [LoadAnimationImageFileSelection] Failed to hook up crc 1315571344
[2014-07-16T10:31:14:995+00] [246.5 MB] [Warning] [LoadAnimationImageFileSelection] Failed to hook up crc -18572502
[2014-07-16T10:31:14:997+00] [246.5 MB] [Warning] [LoadAnimationImageFileSelection] Failed to hook up crc 1896312136
[2014-07-16T10:31:14:998+00] [246.5 MB] [Warning] [LoadAnimationImageFileSelection] Failed to hook up crc 702148207
[2014-07-16T10:31:14:999+00] [246.5 MB] [Warning] [LoadAnimationImageFileSelection] Failed to hook up crc 490252221
[2014-07-16T10:31:15:000+00] [246.6 MB] [Warning] [LoadAnimationImageFileSelection] Failed to hook up crc 672223570
[2014-07-16T10:31:15:001+00] [246.6 MB] [Warning] [LoadAnimationImageFileSelection] Failed to hook up crc 1809715980
[2014-07-16T10:31:15:002+00] [246.6 MB] [Warning] [LoadAnimationImageFileSelection] Failed to hook up crc -1871764215
[2014-07-16T10:31:15:003+00] [246.6 MB] [Warning] [LoadAnimationImageFileSelection] Failed to hook up crc -1499677431
[2014-07-16T10:31:15:004+00] [246.6 MB] [Warning] [LoadAnimationImageFileSelection] Failed to hook up crc -57593995
[2014-07-16T10:31:15:005+00] [246.6 MB] [Warning] [LoadAnimationImageFileSelection] Failed to hook up crc 275481703
[2014-07-16T10:31:15:007+00] [246.6 MB] [Warning] [LoadAnimationImageFileSelection] Failed to hook up crc -2050712237
[2014-07-16T10:31:15:009+00] [246.6 MB] [Warning] [LoadAnimationImageFileSelection] Failed to hook up crc 536868162
[2014-07-16T10:31:15:010+00] [246.6 MB] [Warning] [LoadAnimationImageFileSelection] Failed to hook up crc 6025610
[2014-07-16T10:31:15:011+00] [246.6 MB] [Warning] [LoadAnimationImageFileSelection] Failed to hook up crc -759342265
[2014-07-16T10:31:15:012+00] [246.6 MB] [Warning] [LoadAnimationImageFileSelection] Failed to hook up crc -1772945610
[2014-07-16T10:31:15:013+00] [246.6 MB] [Warning] [LoadAnimationImageFileSelection] Failed to hook up crc 1393227296
[2014-07-16T10:31:15:014+00] [246.6 MB] [Warning] [LoadAnimationImageFileSelection] Failed to hook up crc 406737872
[2014-07-16T10:31:15:015+00] [246.6 MB] [Warning] [LoadAnimationImageFileSelection] Failed to hook up crc -1405519218
[2014-07-16T10:31:15:016+00] [246.6 MB] [Warning] [LoadAnimationImageFileSelection] Failed to hook up crc -713228843
[2014-07-16T10:31:15:018+00] [246.5 MB] Script System Initialization
[2014-07-16T10:31:15:019+00]     [246.5 MB] Initializing CryScriptSystem ...
[2014-07-16T10:31:15:093+00]     [247.4 MB] <Lua> GMTasks: Begin loading...
[2014-07-16T10:31:15:097+00]     [247.4 MB] <Lua> Containers: ... End loading!
[2014-07-16T10:31:15:101+00]     [247.4 MB] Initializing CryScriptSystem done, MemUsage=0Kb
[2014-07-16T10:31:15:103+00] [247.4 MB] Entity system initialization
[2014-07-16T10:31:15:104+00]     [247.4 MB] Initializing CryEntitySystem ...
[2014-07-16T10:31:15:206+00]     [248.9 MB] Initializing CryEntitySystem done, MemUsage=0Kb
[2014-07-16T10:31:15:207+00] [248.9 MB] [Warning] XML reader: Can't open file (Config/PerfHud_360.xml)
[2014-07-16T10:31:15:208+00] [248.9 MB] Error parsing <Config/PerfHud_360.xml>: XML reader: Can't open file (Config/PerfHud_360.xml)
[2014-07-16T10:31:15:210+00] [248.9 MB] failed to find CVar: pak_logInvalidFileAccess
[2014-07-16T10:31:15:213+00] [249.7 MB] [SOUND] 402F8880->Blocking/CSoundSystem::PostInit()
[2014-07-16T10:31:16:384+00] [262.7 MB] Initialization of bootstrap "live" succeeded
[2014-07-16T10:31:16:405+00] [262.7 MB] AutoStart_SetState 9 -> 0
[2014-07-16T10:31:16:438+00] [262.9 MB] Xbox build 1165316
[2014-07-16T10:31:16:443+00] [262.9 MB] [Warning] Try to set cheat cvar (ui_theme) from config
[2014-07-16T10:31:16:455+00] [263.0 MB] Loading Config file online.cfg (d:\game\config\online.cfg)
[2014-07-16T10:31:16:479+00] [263.1 MB] [AutoTest]: Auto tests system is disabled
[2014-07-16T10:31:18:092+00] [265.0 MB] Finished loading item XML definitions from 'items'!
[2014-07-16T10:31:18:140+00] [265.1 MB] Loading ammo XML definitions from 'items'!
[2014-07-16T10:31:18:488+00] [265.1 MB] Finished loading ammo XML definitions from 'items'!
[2014-07-16T10:31:18:995+00] [265.5 MB] Loading Config file config/UI/360/configuration.cfg (d:\game\config\ui\360\configuration.cfg)
[2014-07-16T10:31:19:373+00] [266.1 MB] [CStyles] Duplicated style with name 'default' in file 'UI/360/styles.xml' at line 4
[2014-07-16T10:31:19:374+00] [266.1 MB] [CStyles] Duplicated style with name 'ignore_mouse' in file 'UI/360/styles.xml' at line 7
[2014-07-16T10:31:19:375+00] [266.1 MB] [CStyles] Duplicated style with name 'Simple_white_l' in file 'UI/360/styles.xml' at line 11
[2014-07-16T10:31:19:376+00] [266.1 MB] [CStyles] Duplicated style with name 'SFImage_V' in file 'UI/360/styles.xml' at line 16
[2014-07-16T10:31:19:377+00] [266.1 MB] [CStyles] Duplicated style with name 'SFImage_V_Add' in file 'UI/360/styles.xml' at line 20
[2014-07-16T10:31:19:378+00] [266.1 MB] [CStyles] Duplicated style with name 'SFImage_Minimap' in file 'UI/360/styles.xml' at line 28
[2014-07-16T10:31:19:379+00] [266.1 MB] [CStyles] Duplicated style with name 'PurchaseButtonMedium' in file 'UI/360/styles.xml' at line 32
[2014-07-16T10:31:19:380+00] [266.1 MB] [CStyles] Duplicated style with name 'MmButton' in file 'UI/360/styles.xml' at line 36
[2014-07-16T10:31:19:381+00] [266.1 MB] [CStyles] Duplicated style with name 'MmShop' in file 'UI/360/styles.xml' at line 38
[2014-07-16T10:31:19:383+00] [266.1 MB] [CStyles] Duplicated style with name 'MmStorage' in file 'UI/360/styles.xml' at line 41
[2014-07-16T10:31:19:384+00] [266.1 MB] [CStyles] Duplicated style with name 'MmProgress' in file 'UI/360/styles.xml' at line 44
[2014-07-16T10:31:19:387+00] [266.1 MB] [CStyles] Duplicated style with name 'MmOptions' in file 'UI/360/styles.xml' at line 47
[2014-07-16T10:31:19:388+00] [266.1 MB] [CStyles] Duplicated style with name 'MmExit' in file 'UI/360/styles.xml' at line 50
[2014-07-16T10:31:19:389+00] [266.1 MB] [CStyles] Duplicated style with name 'MmDone' in file 'UI/360/styles.xml' at line 53
[2014-07-16T10:31:19:390+00] [266.1 MB] [CStyles] Duplicated style with name 'MmBack' in file 'UI/360/styles.xml' at line 56
[2014-07-16T10:31:19:393+00] [266.1 MB] [CStyles] Duplicated style with name 'MmHideout' in file 'UI/360/styles.xml' at line 59
[2014-07-16T10:31:19:394+00] [266.1 MB] [CStyles] Duplicated style with name 'MmHelp' in file 'UI/360/styles.xml' at line 62
[2014-07-16T10:31:19:395+00] [266.1 MB] [CStyles] Duplicated style with name 'MmWsap' in file 'UI/360/styles.xml' at line 65
[2014-07-16T10:31:19:396+00] [266.1 MB] [CStyles] Duplicated style with name 'MmRefresh' in file 'UI/360/styles.xml' at line 68
[2014-07-16T10:31:19:397+00] [266.1 MB] [CStyles] Duplicated style with name 'MmClans' in file 'UI/360/styles.xml' at line 71
[2014-07-16T10:31:19:399+00] [266.1 MB] [CStyles] Duplicated style with name 'AttachmentsList' in file 'UI/360/styles.xml' at line 77
[2014-07-16T10:31:19:400+00] [266.1 MB] [CStyles] Duplicated style with name 'pve_scoreboard_health' in file 'UI/360/styles.xml' at line 81
[2014-07-16T10:31:19:401+00] [266.1 MB] [CStyles] Duplicated style with name 'TabsGeneral' in file 'UI/360/styles.xml' at line 85
[2014-07-16T10:31:19:402+00] [266.2 MB] [CStyles] Duplicated style with name 'TabsGeneral_l' in file 'UI/360/styles.xml' at line 91
[2014-07-16T10:31:19:403+00] [266.2 MB] [CStyles] Duplicated style with name 'TabsDiffChannels' in file 'UI/360/styles.xml' at line 95
[2014-07-16T10:31:19:405+00] [266.2 MB] [CStyles] Duplicated style with name 'TabsSubgroups' in file 'UI/360/styles.xml' at line 99
[2014-07-16T10:31:19:406+00] [266.2 MB] [CStyles] Duplicated style with name 'TabsChatChannels' in file 'UI/360/styles.xml' at line 103
[2014-07-16T10:31:19:407+00] [266.2 MB] [CStyles] Duplicated style with name 'TabsPurchase' in file 'UI/360/styles.xml' at line 107
[2014-07-16T10:31:19:409+00] [266.2 MB] [CStyles] Duplicated style with name 'button_skew' in file 'UI/360/styles.xml' at line 115
[2014-07-16T10:31:19:410+00] [266.2 MB] [CStyles] Duplicated style with name 'button_skew_long' in file 'UI/360/styles.xml' at line 119
[2014-07-16T10:31:19:411+00] [266.2 MB] [CStyles] Duplicated style with name 'button_diff_tab' in file 'UI/360/styles.xml' at line 123
[2014-07-16T10:31:19:412+00] [266.2 MB] [CStyles] Duplicated style with name 'button_traning_tab' in file 'UI/360/styles.xml' at line 127
[2014-07-16T10:31:19:413+00] [266.2 MB] [CStyles] Duplicated style with name 'button_prev' in file 'UI/360/styles.xml' at line 131
[2014-07-16T10:31:19:415+00] [266.2 MB] [CStyles] Duplicated style with name 'button_next' in file 'UI/360/styles.xml' at line 135
[2014-07-16T10:31:19:416+00] [266.2 MB] [CStyles] Duplicated style with name 'PlayerBadgeIngame' in file 'UI/360/styles.xml' at line 139
[2014-07-16T10:31:19:417+00] [266.2 MB] [CStyles] Duplicated style with name 'SliderBar' in file 'UI/360/styles.xml' at line 143
[2014-07-16T10:31:19:418+00] [266.2 MB] [CStyles] Duplicated style with name 'PlayerBadge' in file 'UI/360/styles.xml' at line 148
[2014-07-16T10:31:19:420+00] [266.2 MB] [CStyles] Duplicated style with name 'PlayerBadgePVELoading' in file 'UI/360/styles.xml' at line 151
[2014-07-16T10:31:19:421+00] [266.2 MB] [CStyles] Duplicated style with name 'Team1PlayerBadge' in file 'UI/360/styles.xml' at line 155
[2014-07-16T10:31:19:422+00] [266.2 MB] [CStyles] Duplicated style with name 'Team2PlayerBadge' in file 'UI/360/styles.xml' at line 159
[2014-07-16T10:31:19:423+00] [266.2 MB] [CStyles] Duplicated style with name 'Team1PlayerBadgeOverBanner' in file 'UI/360/styles.xml' at line 163
[2014-07-16T10:31:19:424+00] [266.2 MB] [CStyles] Duplicated style with name 'Team2PlayerBadgeOverBanner' in file 'UI/360/styles.xml' at line 167
[2014-07-16T10:31:19:425+00] [266.2 MB] [CStyles] Duplicated style with name 'Team1EmptyBadge' in file 'UI/360/styles.xml' at line 171
[2014-07-16T10:31:19:426+00] [266.2 MB] [CStyles] Duplicated style with name 'Tteam2EmptyBadge' in file 'UI/360/styles.xml' at line 175
[2014-07-16T10:31:19:427+00] [266.2 MB] [CStyles] Duplicated style with name 'TeamLockedBadge' in file 'UI/360/styles.xml' at line 179
[2014-07-16T10:31:19:429+00] [266.2 MB] [CStyles] Duplicated style with name 'LobbyBages' in file 'UI/360/styles.xml' at line 186
[2014-07-16T10:31:19:430+00] [266.2 MB] [CStyles] Duplicated style with name 'T1PlayerBadge' in file 'UI/360/styles.xml' at line 190
[2014-07-16T10:31:19:432+00] [266.2 MB] [CStyles] Duplicated style with name 'T2PlayerBadge' in file 'UI/360/styles.xml' at line 194
[2014-07-16T10:31:19:433+00] [266.2 MB] [CStyles] Duplicated style with name 'T1EmptyBadge' in file 'UI/360/styles.xml' at line 198
[2014-07-16T10:31:19:435+00] [266.2 MB] [CStyles] Duplicated style with name 'T2EmptyBadge' in file 'UI/360/styles.xml' at line 202
[2014-07-16T10:31:19:436+00] [266.2 MB] [CStyles] Duplicated style with name 'weapon_panel' in file 'UI/360/styles.xml' at line 208
[2014-07-16T10:31:19:437+00] [266.2 MB] [CStyles] Duplicated style with name 'panel' in file 'UI/360/styles.xml' at line 212
[2014-07-16T10:31:19:438+00] [266.2 MB] [CStyles] Duplicated style with name 'group_title_panel' in file 'UI/360/styles.xml' at line 215
[2014-07-16T10:31:19:439+00] [266.2 MB] [CStyles] Duplicated style with name 'main_panel_left' in file 'UI/360/styles.xml' at line 219
[2014-07-16T10:31:19:440+00] [266.2 MB] [CStyles] Duplicated style with name 'main_panel_right' in file 'UI/360/styles.xml' at line 223
[2014-07-16T10:31:19:442+00] [266.2 MB] [CStyles] Duplicated style with name 'simple_panel' in file 'UI/360/styles.xml' at line 227
[2014-07-16T10:31:19:443+00] [266.2 MB] [CStyles] Duplicated style with name 'blue_title_panel' in file 'UI/360/styles.xml' at line 231
[2014-07-16T10:31:19:444+00] [266.2 MB] [CStyles] Duplicated style with name 'Rdesc' in file 'UI/360/styles.xml' at line 241
[2014-07-16T10:31:19:445+00] [266.2 MB] [CStyles] Duplicated style with name 'ContractsText' in file 'UI/360/styles.xml' at line 269
[2014-07-16T10:31:19:447+00] [266.2 MB] [CStyles] Duplicated style with name 'ContractsTextEx' in file 'UI/360/styles.xml' at line 273
[2014-07-16T10:31:19:448+00] [266.2 MB] [CStyles] Duplicated style with name 'ContractRewardEx' in file 'UI/360/styles.xml' at line 277
[2014-07-16T10:31:19:449+00] [266.2 MB] [CStyles] Duplicated style with name 'ContractName' in file 'UI/360/styles.xml' at line 281
[2014-07-16T10:31:19:450+00] [266.2 MB] [CStyles] Duplicated style with name 'ContractNameEx' in file 'UI/360/styles.xml' at line 285
[2014-07-16T10:31:19:452+00] [266.2 MB] [CStyles] Duplicated style with name 'ContractProgress' in file 'UI/360/styles.xml' at line 290
[2014-07-16T10:31:19:454+00] [266.2 MB] [CStyles] Duplicated style with name 'ContractCompleted' in file 'UI/360/styles.xml' at line 294
[2014-07-16T10:31:19:455+00] [266.2 MB] [CStyles] Duplicated style with name 'ContractCompletedEx' in file 'UI/360/styles.xml' at line 298
[2014-07-16T10:31:19:456+00] [266.2 MB] [CStyles] Duplicated style with name 'ContractTime' in file 'UI/360/styles.xml' at line 302
[2014-07-16T10:31:19:459+00] [266.2 MB] [CStyles] Duplicated style with name 'ContractFailedEx' in file 'UI/360/styles.xml' at line 306
[2014-07-16T10:31:19:460+00] [266.2 MB] [CStyles] Duplicated style with name 'ContractDone' in file 'UI/360/styles.xml' at line 310
[2014-07-16T10:31:19:461+00] [266.2 MB] [CStyles] Duplicated style with name 'ContractDone2Ex' in file 'UI/360/styles.xml' at line 314
[2014-07-16T10:31:19:462+00] [266.2 MB] [CStyles] Duplicated style with name 'ContractsText2' in file 'UI/360/styles.xml' at line 320
[2014-07-16T10:31:19:463+00] [266.2 MB] [CStyles] Duplicated style with name 'ContractPrice' in file 'UI/360/styles.xml' at line 324
[2014-07-16T10:31:19:464+00] [266.2 MB] [CStyles] Duplicated style with name 'ContractPriceEx' in file 'UI/360/styles.xml' at line 328
[2014-07-16T10:31:19:465+00] [266.2 MB] [CStyles] Duplicated style with name 'Interaction' in file 'UI/360/styles.xml' at line 332
[2014-07-16T10:31:19:467+00] [266.2 MB] [CStyles] Duplicated style with name 'shoplabel_l' in file 'UI/360/styles.xml' at line 336
[2014-07-16T10:31:19:468+00] [266.2 MB] [CStyles] Duplicated style with name 'IngameScoreboardKills' in file 'UI/360/styles.xml' at line 340
[2014-07-16T10:31:19:470+00] [266.2 MB] [CStyles] Duplicated style with name 'IngameScoreboardScore' in file 'UI/360/styles.xml' at line 344
[2014-07-16T10:31:19:471+00] [266.2 MB] [CStyles] Duplicated style with name 'IngameScoreboardKillsPvE' in file 'UI/360/styles.xml' at line 348
[2014-07-16T10:31:19:473+00] [266.2 MB] [CStyles] Duplicated style with name 'IngameScoreboardScorePvE' in file 'UI/360/styles.xml' at line 352
[2014-07-16T10:31:19:474+00] [266.2 MB] [CStyles] Duplicated style with name 'IngameScoreboardPlaceTop' in file 'UI/360/styles.xml' at line 356
[2014-07-16T10:31:19:475+00] [266.2 MB] [CStyles] Duplicated style with name 'IngameScoreboardPlace' in file 'UI/360/styles.xml' at line 359
[2014-07-16T10:31:19:476+00] [266.2 MB] [CStyles] Duplicated style with name 'badge_frame' in file 'UI/360/styles.xml' at line 363
[2014-07-16T10:31:19:477+00] [266.2 MB] [CStyles] Duplicated style with name 'gameMode' in file 'UI/360/styles.xml' at line 367
[2014-07-16T10:31:19:478+00] [266.2 MB] [CStyles] Duplicated style with name 'barlabel_group' in file 'UI/360/styles.xml' at line 372
[2014-07-16T10:31:19:480+00] [266.2 MB] [CStyles] Duplicated style with name 'barlabel_white' in file 'UI/360/styles.xml' at line 375
[2014-07-16T10:31:19:481+00] [266.2 MB] [CStyles] Duplicated style with name 'barlabel_white_l' in file 'UI/360/styles.xml' at line 378
[2014-07-16T10:31:19:482+00] [266.2 MB] [CStyles] Duplicated style with name 'barlabel_white_r' in file 'UI/360/styles.xml' at line 381
[2014-07-16T10:31:19:483+00] [266.2 MB] [CStyles] Duplicated style with name 'biglink_group' in file 'UI/360/styles.xml' at line 386
[2014-07-16T10:31:19:484+00] [266.2 MB] [CStyles] Duplicated style with name 'biglink_white' in file 'UI/360/styles.xml' at line 388
[2014-07-16T10:31:19:485+00] [266.2 MB] [CStyles] Duplicated style with name 'biglink_white2' in file 'UI/360/styles.xml' at line 391
[2014-07-16T10:31:19:486+00] [266.2 MB] [CStyles] Duplicated style with name 'biglink_white_l' in file 'UI/360/styles.xml' at line 394
[2014-07-16T10:31:19:487+00] [266.2 MB] [CStyles] Duplicated style with name 'biglink_white_r' in file 'UI/360/styles.xml' at line 397
[2014-07-16T10:31:19:489+00] [266.2 MB] [CStyles] Duplicated style with name 'randombox_group' in file 'UI/360/styles.xml' at line 402
[2014-07-16T10:31:19:490+00] [266.2 MB] [CStyles] Duplicated style with name 'led_label' in file 'UI/360/styles.xml' at line 404
[2014-07-16T10:31:19:491+00] [266.2 MB] [CStyles] Duplicated style with name 'randombox_static_labels' in file 'UI/360/styles.xml' at line 407
[2014-07-16T10:31:19:492+00] [266.2 MB] [CStyles] Duplicated style with name 'screenlabel' in file 'UI/360/styles.xml' at line 412
[2014-07-16T10:31:19:493+00] [266.2 MB] [CStyles] Duplicated style with name 'screenlabel_center' in file 'UI/360/styles.xml' at line 416
[2014-07-16T10:31:19:494+00] [266.2 MB] [CStyles] Duplicated style with name 'screenlabel_right' in file 'UI/360/styles.xml' at line 420
[2014-07-16T10:31:19:496+00] [266.2 MB] [CStyles] Duplicated style with name 'team1label' in file 'UI/360/styles.xml' at line 424
[2014-07-16T10:31:19:497+00] [266.2 MB] [CStyles] Duplicated style with name 'team2label' in file 'UI/360/styles.xml' at line 428
[2014-07-16T10:31:19:498+00] [266.2 MB] [CStyles] Duplicated style with name 'biglabel_group' in file 'UI/360/styles.xml' at line 432
[2014-07-16T10:31:19:500+00] [266.2 MB] [CStyles] Duplicated style with name 'biglabel_white' in file 'UI/360/styles.xml' at line 435
[2014-07-16T10:31:19:501+00] [266.2 MB] [CStyles] Duplicated style with name 'biglabel_white_l' in file 'UI/360/styles.xml' at line 438
[2014-07-16T10:31:19:503+00] [266.2 MB] [CStyles] Duplicated style with name 'biglabel_white_r' in file 'UI/360/styles.xml' at line 441
[2014-07-16T10:31:19:504+00] [266.2 MB] [CStyles] Duplicated style with name 'biglabel_yellow' in file 'UI/360/styles.xml' at line 445
[2014-07-16T10:31:19:505+00] [266.2 MB] [CStyles] Duplicated style with name 'biglabel_yellow_l' in file 'UI/360/styles.xml' at line 448
[2014-07-16T10:31:19:506+00] [266.2 MB] [CStyles] Duplicated style with name 'biglabel_yellow_r' in file 'UI/360/styles.xml' at line 451
[2014-07-16T10:31:19:507+00] [266.2 MB] [CStyles] Duplicated style with name 'biglabel_khaki' in file 'UI/360/styles.xml' at line 455
[2014-07-16T10:31:19:509+00] [266.2 MB] [CStyles] Duplicated style with name 'biglabel_khaki_l' in file 'UI/360/styles.xml' at line 458
[2014-07-16T10:31:19:510+00] [266.2 MB] [CStyles] Duplicated style with name 'biglabel_khaki_r' in file 'UI/360/styles.xml' at line 461
[2014-07-16T10:31:19:511+00] [266.2 MB] [CStyles] Duplicated style with name 'medlink_group' in file 'UI/360/styles.xml' at line 467
[2014-07-16T10:31:19:512+00] [266.2 MB] [CStyles] Duplicated style with name 'medlink_white' in file 'UI/360/styles.xml' at line 470
[2014-07-16T10:31:19:514+00] [266.2 MB] [CStyles] Duplicated style with name 'medlink_white_l' in file 'UI/360/styles.xml' at line 473
[2014-07-16T10:31:19:515+00] [266.2 MB] [CStyles] Duplicated style with name 'medlink_white_r' in file 'UI/360/styles.xml' at line 476
[2014-07-16T10:31:19:517+00] [266.2 MB] [CStyles] Duplicated style with name 'medtab_white' in file 'UI/360/styles.xml' at line 480
[2014-07-16T10:31:19:518+00] [266.2 MB] [CStyles] Duplicated style with name 'medtab_white_l' in file 'UI/360/styles.xml' at line 483
[2014-07-16T10:31:19:519+00] [266.2 MB] [CStyles] Duplicated style with name 'medtab_white_r' in file 'UI/360/styles.xml' at line 486
[2014-07-16T10:31:19:520+00] [266.2 MB] [CStyles] Duplicated style with name 'vendor_label_group' in file 'UI/360/styles.xml' at line 494
[2014-07-16T10:31:19:521+00] [266.2 MB] [CStyles] Duplicated style with name 'medlabel_vendor_gameroom' in file 'UI/360/styles.xml' at line 496
[2014-07-16T10:31:19:522+00] [266.2 MB] [CStyles] Duplicated style with name 'medlabel_vendor_gameroom_l' in file 'UI/360/styles.xml' at line 499
[2014-07-16T10:31:19:524+00] [266.2 MB] [CStyles] Duplicated style with name 'medlabel_vendor_gameroom_r' in file 'UI/360/styles.xml' at line 502
[2014-07-16T10:31:19:525+00] [266.2 MB] [CStyles] Duplicated style with name 'medlabel_group' in file 'UI/360/styles.xml' at line 509
[2014-07-16T10:31:19:526+00] [266.2 MB] [CStyles] Duplicated style with name 'medlabel_white' in file 'UI/360/styles.xml' at line 512
[2014-07-16T10:31:19:527+00] [266.2 MB] [CStyles] Duplicated style with name 'medlabel_white_l' in file 'UI/360/styles.xml' at line 515
[2014-07-16T10:31:19:528+00] [266.2 MB] [CStyles] Duplicated style with name 'medlabel_white_r' in file 'UI/360/styles.xml' at line 518
[2014-07-16T10:31:19:530+00] [266.2 MB] [CStyles] Duplicated style with name 'medlabel_gold' in file 'UI/360/styles.xml' at line 522
[2014-07-16T10:31:19:531+00] [266.2 MB] [CStyles] Duplicated style with name 'medlabel_gold_l' in file 'UI/360/styles.xml' at line 525
[2014-07-16T10:31:19:532+00] [266.2 MB] [CStyles] Duplicated style with name 'medlabel_gold_r' in file 'UI/360/styles.xml' at line 528
[2014-07-16T10:31:19:533+00] [266.2 MB] [CStyles] Duplicated style with name 'medlabel_silver' in file 'UI/360/styles.xml' at line 532
[2014-07-16T10:31:19:534+00] [266.2 MB] [CStyles] Duplicated style with name 'medlabel_silver_l' in file 'UI/360/styles.xml' at line 535
[2014-07-16T10:31:19:536+00] [266.2 MB] [CStyles] Duplicated style with name 'medlabel_bronze' in file 'UI/360/styles.xml' at line 538
[2014-07-16T10:31:19:537+00] [266.2 MB] [CStyles] Duplicated style with name 'medlabel_bronze_l' in file 'UI/360/styles.xml' at line 541
[2014-07-16T10:31:19:538+00] [266.2 MB] [CStyles] Duplicated style with name 'medlabel_basic' in file 'UI/360/styles.xml' at line 544
[2014-07-16T10:31:19:540+00] [266.2 MB] [CStyles] Duplicated style with name 'medlabel_basic_l' in file 'UI/360/styles.xml' at line 547
[2014-07-16T10:31:19:541+00] [266.2 MB] [CStyles] Duplicated style with name 'medlabel_yellow' in file 'UI/360/styles.xml' at line 551
[2014-07-16T10:31:19:543+00] [266.2 MB] [CStyles] Duplicated style with name 'medlabel_yellow_l' in file 'UI/360/styles.xml' at line 554
[2014-07-16T10:31:19:544+00] [266.2 MB] [CStyles] Duplicated style with name 'medlabel_yellow_r' in file 'UI/360/styles.xml' at line 557
[2014-07-16T10:31:19:546+00] [266.2 MB] [CStyles] Duplicated style with name 'medlabel_white_simple' in file 'UI/360/styles.xml' at line 561
[2014-07-16T10:31:19:548+00] [266.2 MB] [CStyles] Duplicated style with name 'medlabel_white_simple_l' in file 'UI/360/styles.xml' at line 564
[2014-07-16T10:31:19:549+00] [266.2 MB] [CStyles] Duplicated style with name 'medlabel_white_simple_r' in file 'UI/360/styles.xml' at line 567
[2014-07-16T10:31:19:550+00] [266.2 MB] [CStyles] Duplicated style with name 'medlabel_grey_simple' in file 'UI/360/styles.xml' at line 571
[2014-07-16T10:31:19:551+00] [266.2 MB] [CStyles] Duplicated style with name 'medlabel_grey_simple_l' in file 'UI/360/styles.xml' at line 574
[2014-07-16T10:31:19:552+00] [266.2 MB] [CStyles] Duplicated style with name 'medlabel_grey_simple_r' in file 'UI/360/styles.xml' at line 577
[2014-07-16T10:31:19:553+00] [266.2 MB] [CStyles] Duplicated style with name 'medlabel_black_simple' in file 'UI/360/styles.xml' at line 581
[2014-07-16T10:31:19:554+00] [266.2 MB] [CStyles] Duplicated style with name 'medlabel_black_simple_l' in file 'UI/360/styles.xml' at line 584
[2014-07-16T10:31:19:555+00] [266.2 MB] [CStyles] Duplicated style with name 'medlabel_black_simple_r' in file 'UI/360/styles.xml' at line 587
[2014-07-16T10:31:19:557+00] [266.2 MB] [CStyles] Duplicated style with name 'medlabel_khaki_simple' in file 'UI/360/styles.xml' at line 593
[2014-07-16T10:31:19:558+00] [266.2 MB] [CStyles] Duplicated style with name 'medlabel_khaki_simple_l' in file 'UI/360/styles.xml' at line 596
[2014-07-16T10:31:19:559+00] [266.2 MB] [CStyles] Duplicated style with name 'medlabel_khaki_simple_r' in file 'UI/360/styles.xml' at line 599
[2014-07-16T10:31:19:561+00] [266.2 MB] [CStyles] Duplicated style with name 'medlabel_khaki' in file 'UI/360/styles.xml' at line 603
[2014-07-16T10:31:19:562+00] [266.2 MB] [CStyles] Duplicated style with name 'medlabel_khaki_l' in file 'UI/360/styles.xml' at line 606
[2014-07-16T10:31:19:563+00] [266.2 MB] [CStyles] Duplicated style with name 'medlabel_khaki_r' in file 'UI/360/styles.xml' at line 609
[2014-07-16T10:31:19:564+00] [266.2 MB] [CStyles] Duplicated style with name 'vendors_tabs' in file 'UI/360/styles.xml' at line 615
[2014-07-16T10:31:19:565+00] [266.2 MB] [CStyles] Duplicated style with name 'leagues_tabs' in file 'UI/360/styles.xml' at line 619
[2014-07-16T10:31:19:566+00] [266.2 MB] [CStyles] Duplicated style with name 'leagues_tabs2' in file 'UI/360/styles.xml' at line 623
[2014-07-16T10:31:19:567+00] [266.2 MB] [CStyles] Duplicated style with name 'smalltab_group' in file 'UI/360/styles.xml' at line 627
[2014-07-16T10:31:19:568+00] [266.2 MB] [CStyles] Duplicated style with name 'lobby_chat_group' in file 'UI/360/styles.xml' at line 630
[2014-07-16T10:31:19:569+00] [266.2 MB] [CStyles] Duplicated style with name 'smalltabslabel' in file 'UI/360/styles.xml' at line 633
[2014-07-16T10:31:19:570+00] [266.2 MB] [CStyles] Duplicated style with name 'smalltabslabel_l' in file 'UI/360/styles.xml' at line 637
[2014-07-16T10:31:19:572+00] [266.2 MB] [CStyles] Duplicated style with name 'smalltabslabel_r' in file 'UI/360/styles.xml' at line 641
[2014-07-16T10:31:19:573+00] [266.2 MB] [CStyles] Duplicated style with name 'chatlink' in file 'UI/360/styles.xml' at line 645
[2014-07-16T10:31:19:575+00] [266.2 MB] [CStyles] Duplicated style with name 'chatlink_r' in file 'UI/360/styles.xml' at line 649
[2014-07-16T10:31:19:576+00] [266.2 MB] [CStyles] Duplicated style with name 'sponsortab_white' in file 'UI/360/styles.xml' at line 654
[2014-07-16T10:31:19:577+00] [266.2 MB] [CStyles] Duplicated style with name 'smalltab_white' in file 'UI/360/styles.xml' at line 658
[2014-07-16T10:31:19:578+00] [266.2 MB] [CStyles] Duplicated style with name 'smalltab_white_l' in file 'UI/360/styles.xml' at line 661
[2014-07-16T10:31:19:579+00] [266.2 MB] [CStyles] Duplicated style with name 'smalltab_white_r' in file 'UI/360/styles.xml' at line 664
[2014-07-16T10:31:19:581+00] [266.2 MB] [CStyles] Duplicated style with name 'smalllabel_leagues' in file 'UI/360/styles.xml' at line 670
[2014-07-16T10:31:19:583+00] [266.2 MB] [CStyles] Duplicated style with name 'smalllabel_league_r' in file 'UI/360/styles.xml' at line 672
[2014-07-16T10:31:19:585+00] [266.2 MB] [CStyles] Duplicated style with name 'smalllabel_league_score_r' in file 'UI/360/styles.xml' at line 676
[2014-07-16T10:31:19:586+00] [266.2 MB] [CStyles] Duplicated style with name 'smalllabel_league_l' in file 'UI/360/styles.xml' at line 680
[2014-07-16T10:31:19:587+00] [266.2 MB] [CStyles] Duplicated style with name 'smalllabel_league_score_l' in file 'UI/360/styles.xml' at line 684
[2014-07-16T10:31:19:588+00] [266.2 MB] [CStyles] Duplicated style with name 'smalllabel_league_plr_r' in file 'UI/360/styles.xml' at line 688
[2014-07-16T10:31:19:590+00] [266.2 MB] [CStyles] Duplicated style with name 'smalllabel_league_plr_l' in file 'UI/360/styles.xml' at line 692
[2014-07-16T10:31:19:591+00] [266.2 MB] [CStyles] Duplicated style with name 'smalllabel_group' in file 'UI/360/styles.xml' at line 700
[2014-07-16T10:31:19:592+00] [266.2 MB] [CStyles] Duplicated style with name 'hud_ammo_count' in file 'UI/360/styles.xml' at line 703
[2014-07-16T10:31:19:593+00] [266.2 MB] [CStyles] Duplicated style with name 'medlabel_black_on_red_simple' in file 'UI/360/styles.xml' at line 707
[2014-07-16T10:31:19:594+00] [266.2 MB] [CStyles] Duplicated style with name 'medlabel_black_on_red_simple_l' in file 'UI/360/styles.xml' at line 710
[2014-07-16T10:31:19:596+00] [266.2 MB] [CStyles] Duplicated style with name 'medlabel_black_on_red_simple_r' in file 'UI/360/styles.xml' at line 713
[2014-07-16T10:31:19:597+00] [266.2 MB] [CStyles] Duplicated style with name 'smalllabel_white' in file 'UI/360/styles.xml' at line 717
[2014-07-16T10:31:19:598+00] [266.2 MB] [CStyles] Duplicated style with name 'smalllabel_white_l' in file 'UI/360/styles.xml' at line 720
[2014-07-16T10:31:19:599+00] [266.2 MB] [CStyles] Duplicated style with name 'smalllabel_white_l_offset20' in file 'UI/360/styles.xml' at line 723
[2014-07-16T10:31:19:601+00] [266.2 MB] [CStyles] Duplicated style with name 'smalllabel_white_r' in file 'UI/360/styles.xml' at line 726
[2014-07-16T10:31:19:602+00] [266.2 MB] [CStyles] Duplicated style with name 'smalllabel_white_r_date' in file 'UI/360/styles.xml' at line 729
[2014-07-16T10:31:19:603+00] [266.2 MB] [CStyles] Duplicated style with name 'smalllabel_black' in file 'UI/360/styles.xml' at line 735
[2014-07-16T10:31:19:604+00] [266.2 MB] [CStyles] Duplicated style with name 'smalllabel_black_l' in file 'UI/360/styles.xml' at line 738
[2014-07-16T10:31:19:606+00] [266.2 MB] [CStyles] Duplicated style with name 'smalllabel_black_r' in file 'UI/360/styles.xml' at line 741
[2014-07-16T10:31:19:608+00] [266.2 MB] [CStyles] Duplicated style with name 'smalllabel_yellow' in file 'UI/360/styles.xml' at line 745
[2014-07-16T10:31:19:609+00] [266.2 MB] [CStyles] Duplicated style with name 'smalllabel_yellow_l' in file 'UI/360/styles.xml' at line 748
[2014-07-16T10:31:19:610+00] [266.2 MB] [CStyles] Duplicated style with name 'smalllabel_yellow_l_ss' in file 'UI/360/styles.xml' at line 751
[2014-07-16T10:31:19:611+00] [266.2 MB] [CStyles] Duplicated style with name 'smalllabel_yellow_r' in file 'UI/360/styles.xml' at line 754
[2014-07-16T10:31:19:613+00] [266.2 MB] [CStyles] Duplicated style with name 'smalllabel_khaki' in file 'UI/360/styles.xml' at line 762
[2014-07-16T10:31:19:614+00] [266.2 MB] [CStyles] Duplicated style with name 'smalllabel_khaki_l' in file 'UI/360/styles.xml' at line 765
[2014-07-16T10:31:19:616+00] [266.2 MB] [CStyles] Duplicated style with name 'smalllabel_khaki_r' in file 'UI/360/styles.xml' at line 768
[2014-07-16T10:31:19:617+00] [266.2 MB] [CStyles] Duplicated style with name 'smalllabel_grey' in file 'UI/360/styles.xml' at line 772
[2014-07-16T10:31:19:618+00] [266.2 MB] [CStyles] Duplicated style with name 'smalllabel_grey_l' in file 'UI/360/styles.xml' at line 775
[2014-07-16T10:31:19:619+00] [266.2 MB] [CStyles] Duplicated style with name 'smalllabel_grey_r' in file 'UI/360/styles.xml' at line 778
[2014-07-16T10:31:19:620+00] [266.2 MB] [CStyles] Duplicated style with name 'smalllabel_grey_r_date' in file 'UI/360/styles.xml' at line 781
[2014-07-16T10:31:19:621+00] [266.2 MB] [CStyles] Duplicated style with name 'smalllabel_grey2' in file 'UI/360/styles.xml' at line 785
[2014-07-16T10:31:19:624+00] [266.2 MB] [CStyles] Duplicated style with name 'smalllabel_grey2_l' in file 'UI/360/styles.xml' at line 788
[2014-07-16T10:31:19:625+00] [266.2 MB] [CStyles] Duplicated style with name 'smalllabel_grey2_r' in file 'UI/360/styles.xml' at line 791
[2014-07-16T10:31:19:626+00] [266.2 MB] [CStyles] Duplicated style with name 'smalllabel_grey3' in file 'UI/360/styles.xml' at line 795
[2014-07-16T10:31:19:627+00] [266.2 MB] [CStyles] Duplicated style with name 'smalllabel_grey3_l' in file 'UI/360/styles.xml' at line 798
[2014-07-16T10:31:19:629+00] [266.2 MB] [CStyles] Duplicated style with name 'smalllabel_grey3_r' in file 'UI/360/styles.xml' at line 801
[2014-07-16T10:31:19:630+00] [266.2 MB] [CStyles] Duplicated style with name 'smalllabel_red' in file 'UI/360/styles.xml' at line 805
[2014-07-16T10:31:19:631+00] [266.2 MB] [CStyles] Duplicated style with name 'smalllabel_red_l' in file 'UI/360/styles.xml' at line 809
[2014-07-16T10:31:19:632+00] [266.2 MB] [CStyles] Duplicated style with name 'smalllabel_gold' in file 'UI/360/styles.xml' at line 813
[2014-07-16T10:31:19:635+00] [266.2 MB] [CStyles] Duplicated style with name 'smalllabel_gold_l' in file 'UI/360/styles.xml' at line 816
[2014-07-16T10:31:19:636+00] [266.2 MB] [CStyles] Duplicated style with name 'smalllabel_silver' in file 'UI/360/styles.xml' at line 819
[2014-07-16T10:31:19:637+00] [266.2 MB] [CStyles] Duplicated style with name 'smalllabel_silver_l' in file 'UI/360/styles.xml' at line 822
[2014-07-16T10:31:19:638+00] [266.2 MB] [CStyles] Duplicated style with name 'smalllabel_bronze' in file 'UI/360/styles.xml' at line 825
[2014-07-16T10:31:19:639+00] [266.2 MB] [CStyles] Duplicated style with name 'smalllabel_bronze_l' in file 'UI/360/styles.xml' at line 828
[2014-07-16T10:31:19:640+00] [266.2 MB] [CStyles] Duplicated style with name 'sys' in file 'UI/360/styles.xml' at line 832
[2014-07-16T10:31:19:642+00] [266.2 MB] [CStyles] Duplicated style with name 'toplabel' in file 'UI/360/styles.xml' at line 889
[2014-07-16T10:31:19:643+00] [266.2 MB] [CStyles] Duplicated style with name 'toplabel_l' in file 'UI/360/styles.xml' at line 894
[2014-07-16T10:31:19:646+00] [266.2 MB] [CStyles] Duplicated style with name 'toplabel_r' in file 'UI/360/styles.xml' at line 898
[2014-07-16T10:31:19:647+00] [266.2 MB] [CStyles] Duplicated style with name 'toplabel_dark_l' in file 'UI/360/styles.xml' at line 902
[2014-07-16T10:31:19:648+00] [266.2 MB] [CStyles] Duplicated style with name 'toplabel_max' in file 'UI/360/styles.xml' at line 907
[2014-07-16T10:31:19:649+00] [266.2 MB] [CStyles] Duplicated style with name 'toplabel_l_max' in file 'UI/360/styles.xml' at line 911
[2014-07-16T10:31:19:650+00] [266.2 MB] [CStyles] Duplicated style with name 'toplabel_r_max' in file 'UI/360/styles.xml' at line 915
[2014-07-16T10:31:19:652+00] [266.2 MB] [CStyles] Duplicated style with name 'bar_value_label' in file 'UI/360/styles.xml' at line 919
[2014-07-16T10:31:19:653+00] [266.2 MB] [CStyles] Duplicated style with name 'toplabel_red' in file 'UI/360/styles.xml' at line 923
[2014-07-16T10:31:19:654+00] [266.2 MB] [CStyles] Duplicated style with name 'toplabel_green' in file 'UI/360/styles.xml' at line 927
[2014-07-16T10:31:19:656+00] [266.2 MB] [CStyles] Duplicated style with name 'toplabel_green_dollar' in file 'UI/360/styles.xml' at line 940
[2014-07-16T10:31:19:657+00] [266.2 MB] [CStyles] Duplicated style with name 'Resultplacelabel' in file 'UI/360/styles.xml' at line 944
[2014-07-16T10:31:19:658+00] [266.2 MB] [CStyles] Duplicated style with name 'Resultplacelabel1' in file 'UI/360/styles.xml' at line 947
[2014-07-16T10:31:19:659+00] [266.2 MB] [CStyles] Duplicated style with name 'Resultplacelabel2' in file 'UI/360/styles.xml' at line 950
[2014-07-16T10:31:19:661+00] [266.2 MB] [CStyles] Duplicated style with name 'Resultplacelabel3' in file 'UI/360/styles.xml' at line 953
[2014-07-16T10:31:19:662+00] [266.2 MB] [CStyles] Duplicated style with name 'Resultplacelabel4' in file 'UI/360/styles.xml' at line 956
[2014-07-16T10:31:19:664+00] [266.2 MB] [CStyles] Duplicated style with name 'Resultplacelabel5' in file 'UI/360/styles.xml' at line 959
[2014-07-16T10:31:19:665+00] [266.2 MB] [CStyles] Duplicated style with name 'medlink' in file 'UI/360/styles.xml' at line 963
[2014-07-16T10:31:19:666+00] [266.2 MB] [CStyles] Duplicated style with name 'biglink' in file 'UI/360/styles.xml' at line 967
[2014-07-16T10:31:19:667+00] [266.2 MB] [CStyles] Duplicated style with name 'toplink' in file 'UI/360/styles.xml' at line 971
[2014-07-16T10:31:19:668+00] [266.2 MB] [CStyles] Duplicated style with name 'Underlinedlink' in file 'UI/360/styles.xml' at line 975
[2014-07-16T10:31:19:669+00] [266.2 MB] [CStyles] Duplicated style with name 'toplink_l' in file 'UI/360/styles.xml' at line 979
[2014-07-16T10:31:19:670+00] [266.2 MB] [CStyles] Duplicated style with name 'toplink_r' in file 'UI/360/styles.xml' at line 983
[2014-07-16T10:31:19:671+00] [266.2 MB] [CStyles] Duplicated style with name 'toplabel_grey_l' in file 'UI/360/styles.xml' at line 987
[2014-07-16T10:31:19:673+00] [266.2 MB] [CStyles] Duplicated style with name 'start' in file 'UI/360/styles.xml' at line 991
[2014-07-16T10:31:19:674+00] [266.2 MB] [CStyles] Duplicated style with name 'start2' in file 'UI/360/styles.xml' at line 995
[2014-07-16T10:31:19:675+00] [266.2 MB] [CStyles] Duplicated style with name 'genericbtn' in file 'UI/360/styles.xml' at line 999
[2014-07-16T10:31:19:677+00] [266.2 MB] [CStyles] Duplicated style with name 'geartype' in file 'UI/360/styles.xml' at line 1003
[2014-07-16T10:31:19:679+00] [266.2 MB] [CStyles] Duplicated style with name 'messageboxBtn' in file 'UI/360/styles.xml' at line 1007
[2014-07-16T10:31:19:680+00] [266.2 MB] [CStyles] Duplicated style with name 'messageboxBtnPos' in file 'UI/360/styles.xml' at line 1011
[2014-07-16T10:31:19:681+00] [266.2 MB] [CStyles] Duplicated style with name 'messageboxBtnNeg' in file 'UI/360/styles.xml' at line 1015
[2014-07-16T10:31:19:682+00] [266.2 MB] [CStyles] Duplicated style with name 'attachlink' in file 'UI/360/styles.xml' at line 1019
[2014-07-16T10:31:19:683+00] [266.2 MB] [CStyles] Duplicated style with name 'keyCell' in file 'UI/360/styles.xml' at line 1023
[2014-07-16T10:31:19:684+00] [266.2 MB] [CStyles] Duplicated style with name 'keyButton' in file 'UI/360/styles.xml' at line 1027
[2014-07-16T10:31:19:685+00] [266.2 MB] [CStyles] Duplicated style with name 'orangeTab' in file 'UI/360/styles.xml' at line 1031
[2014-07-16T10:31:19:686+00] [266.2 MB] [CStyles] Duplicated style with name 'orangeTab2' in file 'UI/360/styles.xml' at line 1035
[2014-07-16T10:31:19:687+00] [266.2 MB] [CStyles] Duplicated style with name 'keyCellOLD' in file 'UI/360/styles.xml' at line 1041
[2014-07-16T10:31:19:690+00] [266.2 MB] [CStyles] Duplicated style with name 'classSelect' in file 'UI/360/styles.xml' at line 1045
[2014-07-16T10:31:19:691+00] [266.2 MB] [CStyles] Duplicated style with name 'main_btn' in file 'UI/360/styles.xml' at line 1050
[2014-07-16T10:31:19:692+00] [266.2 MB] [CStyles] Duplicated style with name 'mainlink' in file 'UI/360/styles.xml' at line 1053
[2014-07-16T10:31:19:693+00] [266.2 MB] [CStyles] Duplicated style with name 'mainlinkbig' in file 'UI/360/styles.xml' at line 1057
[2014-07-16T10:31:19:694+00] [266.2 MB] [CStyles] Duplicated style with name 'mainlink_start' in file 'UI/360/styles.xml' at line 1061
[2014-07-16T10:31:19:695+00] [266.2 MB] [CStyles] Duplicated style with name 'mainlink_ready' in file 'UI/360/styles.xml' at line 1065
[2014-07-16T10:31:19:696+00] [266.2 MB] [CStyles] Duplicated style with name 'mainlink_notready' in file 'UI/360/styles.xml' at line 1069
[2014-07-16T10:31:19:699+00] [266.2 MB] [CStyles] Duplicated style with name 'yellow_btn' in file 'UI/360/styles.xml' at line 1149
[2014-07-16T10:31:19:700+00] [266.2 MB] [CStyles] Duplicated style with name 'yellow_findgame' in file 'UI/360/styles.xml' at line 1150
[2014-07-16T10:31:19:701+00] [266.2 MB] [CStyles] Duplicated style with name 'tinylink' in file 'UI/360/styles.xml' at line 1155
[2014-07-16T10:31:19:702+00] [266.2 MB] [CStyles] Duplicated style with name 'warning' in file 'UI/360/styles.xml' at line 1159
[2014-07-16T10:31:19:703+00] [266.2 MB] [CStyles] Duplicated style with name 'link' in file 'UI/360/styles.xml' at line 1164
[2014-07-16T10:31:19:704+00] [266.2 MB] [CStyles] Duplicated style with name 'link_l' in file 'UI/360/styles.xml' at line 1168
[2014-07-16T10:31:19:706+00] [266.2 MB] [CStyles] Duplicated style with name 'header_link' in file 'UI/360/styles.xml' at line 1173
[2014-07-16T10:31:19:707+00] [266.2 MB] [CStyles] Duplicated style with name 'top_menu' in file 'UI/360/styles.xml' at line 1177
[2014-07-16T10:31:19:708+00] [266.2 MB] [CStyles] Duplicated style with name 'top_menu2' in file 'UI/360/styles.xml' at line 1181
[2014-07-16T10:31:19:709+00] [266.2 MB] [CStyles] Duplicated style with name 'generic_btn_big' in file 'UI/360/styles.xml' at line 1186
[2014-07-16T10:31:19:712+00] [266.2 MB] [CStyles] Duplicated style with name 'description' in file 'UI/360/styles.xml' at line 1190
[2014-07-16T10:31:19:713+00] [266.2 MB] [CStyles] Duplicated style with name 'info' in file 'UI/360/styles.xml' at line 1194
[2014-07-16T10:31:19:714+00] [266.2 MB] [CStyles] Duplicated style with name 'small_link' in file 'UI/360/styles.xml' at line 1198
[2014-07-16T10:31:19:715+00] [266.2 MB] [CStyles] Duplicated style with name 'medium_link' in file 'UI/360/styles.xml' at line 1202
[2014-07-16T10:31:19:716+00] [266.2 MB] [CStyles] Duplicated style with name 'big_link_right' in file 'UI/360/styles.xml' at line 1206
[2014-07-16T10:31:19:718+00] [266.2 MB] [CStyles] Duplicated style with name 'start_ready' in file 'UI/360/styles.xml' at line 1210
[2014-07-16T10:31:19:719+00] [266.2 MB] [CStyles] Duplicated style with name 'big_link_left' in file 'UI/360/styles.xml' at line 1214
[2014-07-16T10:31:19:720+00] [266.2 MB] [CStyles] Duplicated style with name 'mode_selection_link' in file 'UI/360/styles.xml' at line 1218
[2014-07-16T10:31:19:723+00] [266.2 MB] [CStyles] Duplicated style with name 'chat_channel_link' in file 'UI/360/styles.xml' at line 1222
[2014-07-16T10:31:19:724+00] [266.2 MB] [CStyles] Duplicated style with name 'simple_text' in file 'UI/360/styles.xml' at line 1229
[2014-07-16T10:31:19:725+00] [266.2 MB] [CStyles] Duplicated style with name 'resultScrPlayerName' in file 'UI/360/styles.xml' at line 1233
[2014-07-16T10:31:19:726+00] [266.2 MB] [CStyles] Duplicated style with name 'PlayerBadgeKings' in file 'UI/360/styles.xml' at line 1237
[2014-07-16T10:31:19:727+00] [266.2 MB] [CStyles] Duplicated style with name 'PlayerBadgeLoading' in file 'UI/360/styles.xml' at line 1241
[2014-07-16T10:31:19:728+00] [266.2 MB] [CStyles] Duplicated style with name 'LoadingBarPlayers' in file 'UI/360/styles.xml' at line 1245
[2014-07-16T10:31:19:729+00] [266.2 MB] [CStyles] Duplicated style with name 'LoadingBarPlayers2' in file 'UI/360/styles.xml' at line 1248
[2014-07-16T10:31:19:730+00] [266.2 MB] [CStyles] Duplicated style with name 'LoadingBarPlayers_right' in file 'UI/360/styles.xml' at line 1251
[2014-07-16T10:31:19:731+00] [266.2 MB] [CStyles] Duplicated style with name 'LoadingBarPlayers_right2' in file 'UI/360/styles.xml' at line 1255
[2014-07-16T10:31:19:733+00] [266.2 MB] [CStyles] Duplicated style with name 'resultScrPlayerScore' in file 'UI/360/styles.xml' at line 1259
[2014-07-16T10:31:19:734+00] [266.2 MB] [CStyles] Duplicated style with name 'label' in file 'UI/360/styles.xml' at line 1263
[2014-07-16T10:31:19:735+00] [266.2 MB] [CStyles] Duplicated style with name 'group_title_label' in file 'UI/360/styles.xml' at line 1266
[2014-07-16T10:31:19:736+00] [266.2 MB] [CStyles] Duplicated style with name 'stats_label' in file 'UI/360/styles.xml' at line 1270
[2014-07-16T10:31:19:739+00] [266.2 MB] [CStyles] Duplicated style with name 'stats_title_label' in file 'UI/360/styles.xml' at line 1274
[2014-07-16T10:31:19:740+00] [266.2 MB] [CStyles] Duplicated style with name 'item_description' in file 'UI/360/styles.xml' at line 1278
[2014-07-16T10:31:19:741+00] [266.2 MB] [CStyles] Duplicated style with name 'options_title_label' in file 'UI/360/styles.xml' at line 1282
[2014-07-16T10:31:19:742+00] [266.2 MB] [CStyles] Duplicated style with name 'white_label_12' in file 'UI/360/styles.xml' at line 1286
[2014-07-16T10:31:19:743+00] [266.2 MB] [CStyles] Duplicated style with name 'yellow_label_12' in file 'UI/360/styles.xml' at line 1290
[2014-07-16T10:31:19:745+00] [266.2 MB] [CStyles] Duplicated style with name 'yellow_label_20' in file 'UI/360/styles.xml' at line 1294
[2014-07-16T10:31:19:746+00] [266.2 MB] [CStyles] Duplicated style with name 'white_label_12_right' in file 'UI/360/styles.xml' at line 1298
[2014-07-16T10:31:19:747+00] [266.2 MB] [CStyles] Duplicated style with name 'white_label_14_right' in file 'UI/360/styles.xml' at line 1302
[2014-07-16T10:31:19:748+00] [266.2 MB] [CStyles] Duplicated style with name 'white_label_14_center' in file 'UI/360/styles.xml' at line 1306
[2014-07-16T10:31:19:749+00] [266.2 MB] [CStyles] Duplicated style with name 'white_label_14' in file 'UI/360/styles.xml' at line 1310
[2014-07-16T10:31:19:750+00] [266.2 MB] [CStyles] Duplicated style with name 'rich_item_description' in file 'UI/360/styles.xml' at line 1316
[2014-07-16T10:31:19:752+00] [266.2 MB] [CStyles] Duplicated style with name 'richText_rewards' in file 'UI/360/styles.xml' at line 1320
[2014-07-16T10:31:19:753+00] [266.2 MB] [CStyles] Duplicated style with name 'rich_item_description_lobby' in file 'UI/360/styles.xml' at line 1324
[2014-07-16T10:31:19:754+00] [266.2 MB] [CStyles] Duplicated style with name 'labelEurope' in file 'UI/360/styles.xml' at line 1329
[2014-07-16T10:31:19:756+00] [266.2 MB] [CStyles] Duplicated style with name 'gray_label_20_right' in file 'UI/360/styles.xml' at line 1332
[2014-07-16T10:31:19:757+00] [266.2 MB] [CStyles] Duplicated style with name 'warning_label_20' in file 'UI/360/styles.xml' at line 1335
[2014-07-16T10:31:19:758+00] [266.2 MB] [CStyles] Duplicated style with name 'gray_label_20_left' in file 'UI/360/styles.xml' at line 1340
[2014-07-16T10:31:19:759+00] [266.2 MB] [CStyles] Duplicated style with name 'white_label_20_straight' in file 'UI/360/styles.xml' at line 1344
[2014-07-16T10:31:19:760+00] [266.2 MB] [CStyles] Duplicated style with name 'white_label_25_straight' in file 'UI/360/styles.xml' at line 1348
[2014-07-16T10:31:19:761+00] [266.2 MB] [CStyles] Duplicated style with name 'white_label_20_left' in file 'UI/360/styles.xml' at line 1352
[2014-07-16T10:31:19:764+00] [266.2 MB] [CStyles] Duplicated style with name 'stats_progress_bar' in file 'UI/360/styles.xml' at line 1412
[2014-07-16T10:31:19:765+00] [266.2 MB] [CStyles] Duplicated style with name 'progress_bar_wpn_stat' in file 'UI/360/styles.xml' at line 1416
[2014-07-16T10:31:19:766+00] [266.2 MB] [CStyles] Duplicated style with name 'progress_bar_wpn_stat_damaged' in file 'UI/360/styles.xml' at line 1420
[2014-07-16T10:31:19:767+00] [266.2 MB] [CStyles] Duplicated style with name 'timestats_progress_bar' in file 'UI/360/styles.xml' at line 1428
[2014-07-16T10:31:19:768+00] [266.2 MB] [CStyles] Duplicated style with name 'stylized_progress_bar' in file 'UI/360/styles.xml' at line 1432
[2014-07-16T10:31:19:769+00] [266.2 MB] [CStyles] Duplicated style with name 'rewards_progress_bar' in file 'UI/360/styles.xml' at line 1436
[2014-07-16T10:31:19:771+00] [266.2 MB] [CStyles] Duplicated style with name 'loading_progress_bar' in file 'UI/360/styles.xml' at line 1442
[2014-07-16T10:31:19:772+00] [266.2 MB] [CStyles] Duplicated style with name 'SponsorProgress' in file 'UI/360/styles.xml' at line 1446
[2014-07-16T10:31:19:774+00] [266.2 MB] [CStyles] Duplicated style with name 'tiny_progress_1' in file 'UI/360/styles.xml' at line 1449
[2014-07-16T10:31:19:775+00] [266.2 MB] [CStyles] Duplicated style with name 'wpnSlot' in file 'UI/360/styles.xml' at line 1456
[2014-07-16T10:31:19:777+00] [266.2 MB] [CStyles] Duplicated style with name 'inventory_slot_large' in file 'UI/360/styles.xml' at line 1461
[2014-07-16T10:31:19:778+00] [266.2 MB] [CStyles] Duplicated style with name 'inventory_slot_small' in file 'UI/360/styles.xml' at line 1465
[2014-07-16T10:31:19:779+00] [266.2 MB] [CStyles] Duplicated style with name 'pocket_slot' in file 'UI/360/styles.xml' at line 1469
[2014-07-16T10:31:19:780+00] [266.2 MB] [CStyles] Duplicated style with name 'armor_slot' in file 'UI/360/styles.xml' at line 1473
[2014-07-16T10:31:19:781+00] [266.2 MB] [CStyles] Duplicated style with name 'item_cell' in file 'UI/360/styles.xml' at line 1480
[2014-07-16T10:31:19:783+00] [266.2 MB] [CStyles] Duplicated style with name 'weapon_slot' in file 'UI/360/styles.xml' at line 1483
[2014-07-16T10:31:19:784+00] [266.2 MB] [CStyles] Duplicated style with name 'shop_weapon_slot' in file 'UI/360/styles.xml' at line 1487
[2014-07-16T10:31:19:785+00] [266.2 MB] [CStyles] Duplicated style with name 'armor_slot_dm' in file 'UI/360/styles.xml' at line 1491
[2014-07-16T10:31:19:786+00] [266.2 MB] [CStyles] Duplicated style with name 'dm_slot' in file 'UI/360/styles.xml' at line 1495
[2014-07-16T10:31:19:788+00] [266.2 MB] [CStyles] Duplicated style with name 'items_grid' in file 'UI/360/styles.xml' at line 1501
[2014-07-16T10:31:19:789+00] [266.2 MB] [CStyles] Duplicated style with name 'items_grid_misc' in file 'UI/360/styles.xml' at line 1509
[2014-07-16T10:31:19:790+00] [266.2 MB] [CStyles] Duplicated style with name 'items_grid_old' in file 'UI/360/styles.xml' at line 1513
[2014-07-16T10:31:19:791+00] [266.2 MB] [CStyles] Duplicated style with name 'items_grid_shop' in file 'UI/360/styles.xml' at line 1517
[2014-07-16T10:31:19:792+00] [266.2 MB] [CStyles] Duplicated style with name 'items_grid_progression' in file 'UI/360/styles.xml' at line 1521
[2014-07-16T10:31:19:794+00] [266.2 MB] [CStyles] Duplicated style with name 'items_grid_heads' in file 'UI/360/styles.xml' at line 1525
[2014-07-16T10:31:19:795+00] [266.2 MB] [CStyles] Duplicated style with name 'scoreboard_listbox' in file 'UI/360/styles.xml' at line 1529
[2014-07-16T10:31:19:796+00] [266.2 MB] [CStyles] Duplicated style with name 'vscroll' in file 'UI/360/styles.xml' at line 1535
[2014-07-16T10:31:19:797+00] [266.2 MB] [CStyles] Duplicated style with name 'combobox' in file 'UI/360/styles.xml' at line 1540
[2014-07-16T10:31:19:798+00] [266.2 MB] [CStyles] Duplicated style with name 'editbox' in file 'UI/360/styles.xml' at line 1545
[2014-07-16T10:31:19:800+00] [266.2 MB] [CStyles] Duplicated style with name 'room_name' in file 'UI/360/styles.xml' at line 1548
[2014-07-16T10:31:19:801+00] [266.2 MB] [CStyles] Duplicated style with name 'clan_name' in file 'UI/360/styles.xml' at line 1552
[2014-07-16T10:31:19:802+00] [266.2 MB] [CStyles] Duplicated style with name 'clan_description' in file 'UI/360/styles.xml' at line 1555
[2014-07-16T10:31:19:803+00] [266.2 MB] [CStyles] Duplicated style with name 'password' in file 'UI/360/styles.xml' at line 1559
[2014-07-16T10:31:19:804+00] [266.2 MB] [CStyles] Duplicated style with name 'login' in file 'UI/360/styles.xml' at line 1563
[2014-07-16T10:31:19:805+00] [266.2 MB] [CStyles] Duplicated style with name 'characterName' in file 'UI/360/styles.xml' at line 1567
[2014-07-16T10:31:19:806+00] [266.2 MB] [CStyles] Duplicated style with name 'inputfield01' in file 'UI/360/styles.xml' at line 1573
[2014-07-16T10:31:19:807+00] [266.2 MB] [CStyles] Duplicated style with name 'inputfield02' in file 'UI/360/styles.xml' at line 1576
[2014-07-16T10:31:19:808+00] [266.2 MB] [CStyles] Duplicated style with name 'checkbox' in file 'UI/360/styles.xml' at line 1584
[2014-07-16T10:31:19:811+00] [266.2 MB] [CStyles] Duplicated style with name 'result_separator' in file 'UI/360/styles.xml' at line 1588
[2014-07-16T10:31:19:869+00] [266.5 MB] Loading image XML file 'Libs/Config/UI/images.xml'
[2014-07-16T10:31:19:871+00] [266.5 MB] Loading image XML file 'Libs/Config/UI/CombatLogIcons.xml'
[2014-07-16T10:31:19:893+00] [266.5 MB] Loading image XML file 'Libs/Config/UI/HUDIcons.xml'
[2014-07-16T10:31:19:908+00] [266.5 MB] Loading image XML file 'Libs/Config/UI/classIcons.xml'
[2014-07-16T10:31:19:920+00] [266.5 MB] Loading image XML file 'Libs/Config/UI/stance_icons.xml'
[2014-07-16T10:31:19:922+00] [266.5 MB] Loading image XML file 'Libs/Config/UI/360/stance_icons.xml'
[2014-07-16T10:31:19:923+00] [266.5 MB] [ImageManager] Duplicated image with name 'male_stand' at line 0
[2014-07-16T10:31:19:925+00] [266.5 MB] [ImageManager] Duplicated image with name 'male_walk' at line 0
[2014-07-16T10:31:19:926+00] [266.5 MB] [ImageManager] Duplicated image with name 'male_run' at line 0
[2014-07-16T10:31:19:928+00] [266.5 MB] [ImageManager] Duplicated image with name 'male_haste' at line 0
[2014-07-16T10:31:19:929+00] [266.5 MB] [ImageManager] Duplicated image with name 'male_crouch' at line 0
[2014-07-16T10:31:19:930+00] [266.5 MB] [ImageManager] Duplicated image with name 'male_prone' at line 0
[2014-07-16T10:31:19:932+00] [266.5 MB] [ImageManager] Duplicated image with name 'male_slide' at line 0
[2014-07-16T10:31:19:933+00] [266.5 MB] Loading image XML file 'Libs/Config/UI/banners.xml'
[2014-07-16T10:31:19:936+00] [266.5 MB] Loading image XML file 'Libs/Config/UI/weaponsItemsIcons.xml'
[2014-07-16T10:31:19:974+00] [266.5 MB] Loading image XML file 'Libs/Config/UI/attachmentsItemsIcons.xml'
[2014-07-16T10:31:19:987+00] [266.5 MB] Loading image XML file 'Libs/Config/UI/assetsItemsIcons.xml'
[2014-07-16T10:31:20:008+00] [266.5 MB] Loading image XML file 'Libs/Config/UI/materialsIcons.xml'
[2014-07-16T10:31:20:012+00] [266.5 MB] Loading image XML file 'Libs/Config/UI/mapImagesPVP.xml'
[2014-07-16T10:31:20:024+00] [266.5 MB] Loading image XML file 'Libs/Config/UI/mapImagesPVE.xml'
[2014-07-16T10:31:20:048+00] [266.5 MB] Loading image XML file 'Libs/Config/UI/instantAwards.xml'
[2014-07-16T10:31:20:055+00] [266.6 MB] Loading image XML file 'Libs/Config/UI/challengesIcons.xml'
[2014-07-16T10:31:20:126+00] [266.6 MB] Loading image XML file 'Libs/Config/UI/randomBoxesIcons.xml'
[2014-07-16T10:31:20:167+00] [266.6 MB] [ThemeManager::GetPath] Not found path='Textures/Defaults/' file='replaceme.dds'
[2014-07-16T10:31:20:173+00] [266.6 MB] Loading image XML file 'Libs/Config/UI/360/images.xml'
[2014-07-16T10:31:20:174+00] [266.6 MB] [ImageManager] Duplicated image with name 'crown_money_icon' at line 0
[2014-07-16T10:31:20:176+00] [266.6 MB] [ImageManager] Duplicated image with name 'cry_money_icon' at line 0
[2014-07-16T10:31:20:177+00] [266.6 MB] [ImageManager] Duplicated image with name 'game_money_icon' at line 0
[2014-07-16T10:31:20:179+00] [266.6 MB] [ImageManager] Duplicated image with name 'ButtonItemCell_up' at line 0
[2014-07-16T10:31:20:181+00] [266.6 MB] [ImageManager] Duplicated image with name 'ButtonItemCell_over' at line 0
[2014-07-16T10:31:20:182+00] [266.6 MB] [ImageManager] Duplicated image with name 'ButtonItemCell_down' at line 0
[2014-07-16T10:31:20:183+00] [266.6 MB] [ImageManager] Duplicated image with name 'ButtonItemCell_disable' at line 0
[2014-07-16T10:31:20:185+00] [266.6 MB] [ImageManager] Duplicated image with name 'Btn_ItemCell_Inventory_up' at line 0
[2014-07-16T10:31:20:186+00] [266.6 MB] [ImageManager] Duplicated image with name 'Btn_ItemCell_Inventory_over' at line 0
[2014-07-16T10:31:20:187+00] [266.6 MB] [ImageManager] Duplicated image with name 'Btn_ItemCell_Inventory_down' at line 0
[2014-07-16T10:31:20:188+00] [266.6 MB] [ImageManager] Duplicated image with name 'Btn_ItemCell_Inventory_disable' at line 0
[2014-07-16T10:31:20:190+00] [266.6 MB] [ImageManager] Duplicated image with name 'Nb_Shop_down' at line 0
[2014-07-16T10:31:20:191+00] [266.6 MB] [ImageManager] Duplicated image with name 'Nb_Storage_down' at line 0
[2014-07-16T10:31:20:192+00] [266.6 MB] [ImageManager] Duplicated image with name 'Nb_Statistic_down' at line 0
[2014-07-16T10:31:20:193+00] [266.6 MB] [ImageManager] Duplicated image with name 'Nb_Clans_down' at line 0
[2014-07-16T10:31:20:195+00] [266.6 MB] [ImageManager] Duplicated image with name 'Nb_Contracts_down' at line 0
[2014-07-16T10:31:20:196+00] [266.6 MB] [ImageManager] Duplicated image with name 'Nb_Shop_over' at line 0
[2014-07-16T10:31:20:197+00] [266.6 MB] [ImageManager] Duplicated image with name 'Nb_Storage_over' at line 0
[2014-07-16T10:31:20:198+00] [266.6 MB] [ImageManager] Duplicated image with name 'Nb_Statistic_over' at line 0
[2014-07-16T10:31:20:199+00] [266.6 MB] [ImageManager] Duplicated image with name 'Nb_Clans_over' at line 0
[2014-07-16T10:31:20:201+00] [266.6 MB] [ImageManager] Duplicated image with name 'Nb_Contracts_over' at line 0
[2014-07-16T10:31:20:203+00] [266.6 MB] [ImageManager] Duplicated image with name 'Nb_Shop_up' at line 0
[2014-07-16T10:31:20:204+00] [266.6 MB] [ImageManager] Duplicated image with name 'Nb_Storage_up' at line 0
[2014-07-16T10:31:20:205+00] [266.6 MB] [ImageManager] Duplicated image with name 'Nb_Statistic_up' at line 0
[2014-07-16T10:31:20:207+00] [266.6 MB] [ImageManager] Duplicated image with name 'Nb_Clans_up' at line 0
[2014-07-16T10:31:20:208+00] [266.6 MB] [ImageManager] Duplicated image with name 'Nb_Contracts_up' at line 0
[2014-07-16T10:31:20:210+00] [266.6 MB] [ImageManager] Duplicated image with name 'Nb_Shop_disable' at line 0
[2014-07-16T10:31:20:211+00] [266.6 MB] [ImageManager] Duplicated image with name 'Nb_Storage_disable' at line 0
[2014-07-16T10:31:20:213+00] [266.6 MB] [ImageManager] Duplicated image with name 'Nb_Statistic_disable' at line 0
[2014-07-16T10:31:20:214+00] [266.6 MB] [ImageManager] Duplicated image with name 'Nb_Clans_disable' at line 0
[2014-07-16T10:31:20:215+00] [266.6 MB] [ImageManager] Duplicated image with name 'Nb_Contracts_disable' at line 0
[2014-07-16T10:31:20:218+00] [266.6 MB] [ImageManager] Duplicated image with name 'LoadingTutorMEDIC_BG' at line 0
[2014-07-16T10:31:20:219+00] [266.6 MB] [ImageManager] Duplicated image with name 'LoadingTutorENGINEER_BG' at line 0
[2014-07-16T10:31:20:220+00] [266.6 MB] [ImageManager] Duplicated image with name 'LoadingTutorBASIC_BG' at line 0
[2014-07-16T10:31:20:221+00] [266.6 MB] [ImageManager] Duplicated image with name 'Cryteklogo' at line 0
[2014-07-16T10:31:20:228+00] [266.6 MB] [ImageManager] Duplicated image with name 'IconBoostMoney' at line 0
[2014-07-16T10:31:20:229+00] [266.6 MB] [ImageManager] Duplicated image with name 'IconBoostXP' at line 0
[2014-07-16T10:31:20:230+00] [266.6 MB] [ImageManager] Duplicated image with name 'IconBoostVP' at line 0
[2014-07-16T10:31:20:231+00] [266.6 MB] [ImageManager] Duplicated image with name 'IconBoostIGR' at line 0
[2014-07-16T10:31:20:233+00] [266.6 MB] [ImageManager] Duplicated image with name 'ItemBoosterMoney' at line 0
[2014-07-16T10:31:20:234+00] [266.6 MB] [ImageManager] Duplicated image with name 'ItemBoosterXP' at line 0
[2014-07-16T10:31:20:236+00] [266.6 MB] [ImageManager] Duplicated image with name 'ItemBoosterVP' at line 0
[2014-07-16T10:31:20:237+00] [266.6 MB] [ImageManager] Duplicated image with name 'ItemBoosterVIP' at line 0
[2014-07-16T10:31:20:268+00] [266.8 MB] [Error] <Flash> Missing font "Times New Roman" in "_level0.label". Search log:
   Searching for font: "Times New Roman" [Device]
      Movie resource: "Times New Roman" [Device] not found.
      Imports       : "Times New Roman" [Device] not found.
      Exported      : "Times New Roman" [Device] not found.
      Searching again without [Device] flag:
         Movie resource: "Times New Roman"  ref found, requires FontLib/Map/Provider.
   Font not found. [Libs/UI/Controls/tooltip.gfx]
[2014-07-16T10:31:20:286+00] [266.9 MB] [CUIBackgroundManager] Loading background configuration
[2014-07-16T10:31:20:298+00] [267.0 MB] [SOUND] 402F8880->Blocking/CSoundSystem::CreateListener()
[2014-07-16T10:31:20:302+00] [267.0 MB] [CFlowchartManager] Entering state 'login'
[2014-07-16T10:31:20:304+00] [267.0 MB] [Warning] [UI Precache] Loading screen 'save_icon' that wasn't preloaded
[2014-07-16T10:31:20:312+00] [267.3 MB] [Error] <Flash> Error: Can't find method '_level0.set_size' to invoke. [libs/ui/controls/savespinner.gfx]
[2014-07-16T10:31:20:313+00] [267.3 MB] [Error] <Flash> Error: Can't find method '_level0.set_font_scale' to invoke. [libs/ui/controls/savespinner.gfx]
[2014-07-16T10:31:20:314+00] [267.3 MB] [Error] <Flash> Error: Can't find method '_level0.enable' to invoke. [libs/ui/controls/savespinner.gfx]
[2014-07-16T10:31:20:315+00] [267.3 MB] [Error] <Flash> Error: Can't find method '_level0.set_size' to invoke. [libs/ui/controls/savespinner.gfx]
[2014-07-16T10:31:20:317+00] [267.3 MB] CScreenManager::ResetCursorPosition() Calling OnResetCursor() on save_icon
[2014-07-16T10:31:20:318+00] [267.3 MB] [ScreenManager] [10:31:20] Open screen: 'save_icon' opened in 14 ms time, frame 0
[2014-07-16T10:31:20:325+00] [267.4 MB] [Warning] [CBackgroundServer]: close orphan server isn't implemented
[2014-07-16T10:31:20:379+00] [267.5 MB] [Warning] [GameItems] No asset with name f_engineer_fbs_body_02 found in slot skin, file f_engineer_fbs_02.xml.
[2014-07-16T10:31:20:380+00] [267.5 MB] [Warning] [GameItems] No asset with name f_engineer_fbs_body_02_b found in slot skin, file f_engineer_fbs_02.xml.
[2014-07-16T10:31:20:381+00] [267.5 MB] [Warning] [GameItems] No asset with name f_engineer_fbs_legs_02 found in slot skin, file f_engineer_fbs_02.xml.
[2014-07-16T10:31:20:382+00] [267.5 MB] [Warning] [GameItems] No asset with name f_engineer_fbs_legs_02_b found in slot skin, file f_engineer_fbs_02.xml.
[2014-07-16T10:31:20:384+00] [267.5 MB] [Warning] [GameItems] No asset with name f_engineer_fbs_arms_02_fp found in slot skin, file f_engineer_fbs_02.xml.
[2014-07-16T10:31:20:385+00] [267.5 MB] [Warning] [GameItems] No asset with name f_engineer_fbs_arms_02_fp_b found in slot skin, file f_engineer_fbs_02.xml.
[2014-07-16T10:31:20:386+00] [267.5 MB] [Warning] [GameItems] No asset with name f_engineer_fbs_arms_02_hp found in slot skin, file f_engineer_fbs_02.xml.
[2014-07-16T10:31:20:387+00] [267.5 MB] [Warning] [GameItems] No asset with name f_engineer_fbs_arms_02_hp_b found in slot skin, file f_engineer_fbs_02.xml.
[2014-07-16T10:31:20:388+00] [267.5 MB] [Warning] [GameItems] No asset with name f_medic_fbs_body_02 found in slot skin, file f_medic_fbs_02.xml.
[2014-07-16T10:31:20:389+00] [267.5 MB] [Warning] [GameItems] No asset with name f_medic_fbs_body_02_b found in slot skin, file f_medic_fbs_02.xml.
[2014-07-16T10:31:20:390+00] [267.5 MB] [Warning] [GameItems] No asset with name f_medic_fbs_legs_02 found in slot skin, file f_medic_fbs_02.xml.
[2014-07-16T10:31:20:391+00] [267.5 MB] [Warning] [GameItems] No asset with name f_medic_fbs_legs_02_b found in slot skin, file f_medic_fbs_02.xml.
[2014-07-16T10:31:20:393+00] [267.5 MB] [Warning] [GameItems] No asset with name f_medic_fbs_arms_02_fp found in slot skin, file f_medic_fbs_02.xml.
[2014-07-16T10:31:20:394+00] [267.5 MB] [Warning] [GameItems] No asset with name f_medic_fbs_arms_02_fp_b found in slot skin, file f_medic_fbs_02.xml.
[2014-07-16T10:31:20:396+00] [267.5 MB] [Warning] [GameItems] No asset with name f_medic_fbs_arms_02_hp found in slot skin, file f_medic_fbs_02.xml.
[2014-07-16T10:31:20:397+00] [267.5 MB] [Warning] [GameItems] No asset with name f_medic_fbs_arms_02_hp_b found in slot skin, file f_medic_fbs_02.xml.
[2014-07-16T10:31:20:399+00] [267.5 MB] [Warning] [GameItems] No asset with name f_sniper_fbs_body_02 found in slot skin, file f_sniper_fbs_02.xml.
[2014-07-16T10:31:20:400+00] [267.5 MB] [Warning] [GameItems] No asset with name f_sniper_fbs_body_02_b found in slot skin, file f_sniper_fbs_02.xml.
[2014-07-16T10:31:20:401+00] [267.5 MB] [Warning] [GameItems] No asset with name f_sniper_fbs_legs_02 found in slot skin, file f_sniper_fbs_02.xml.
[2014-07-16T10:31:20:402+00] [267.5 MB] [Warning] [GameItems] No asset with name f_sniper_fbs_legs_02_b found in slot skin, file f_sniper_fbs_02.xml.
[2014-07-16T10:31:20:403+00] [267.5 MB] [Warning] [GameItems] No asset with name f_sniper_fbs_arms_02_fp found in slot skin, file f_sniper_fbs_02.xml.
[2014-07-16T10:31:20:406+00] [267.5 MB] [Warning] [GameItems] No asset with name f_sniper_fbs_arms_02_fp_b found in slot skin, file f_sniper_fbs_02.xml.
[2014-07-16T10:31:20:407+00] [267.5 MB] [Warning] [GameItems] No asset with name f_sniper_fbs_arms_02_hp found in slot skin, file f_sniper_fbs_02.xml.
[2014-07-16T10:31:20:408+00] [267.5 MB] [Warning] [GameItems] No asset with name f_sniper_fbs_arms_02_hp_b found in slot skin, file f_sniper_fbs_02.xml.
[2014-07-16T10:31:20:409+00] [267.5 MB] [Warning] [GameItems] No asset with name f_soldier_fbs_body_02 found in slot skin, file f_soldier_fbs_02.xml.
[2014-07-16T10:31:20:410+00] [267.5 MB] [Warning] [GameItems] No asset with name f_soldier_fbs_body_02_b found in slot skin, file f_soldier_fbs_02.xml.
[2014-07-16T10:31:20:411+00] [267.5 MB] [Warning] [GameItems] No asset with name f_soldier_fbs_legs_02 found in slot skin, file f_soldier_fbs_02.xml.
[2014-07-16T10:31:20:412+00] [267.5 MB] [Warning] [GameItems] No asset with name f_soldier_fbs_legs_02_b found in slot skin, file f_soldier_fbs_02.xml.
[2014-07-16T10:31:20:413+00] [267.5 MB] [Warning] [GameItems] No asset with name f_soldier_fbs_arms_02_fp found in slot skin, file f_soldier_fbs_02.xml.
[2014-07-16T10:31:20:415+00] [267.5 MB] [Warning] [GameItems] No asset with name f_soldier_fbs_arms_02_fp_b found in slot skin, file f_soldier_fbs_02.xml.
[2014-07-16T10:31:20:416+00] [267.5 MB] [Warning] [GameItems] No asset with name f_soldier_fbs_arms_02_hp found in slot skin, file f_soldier_fbs_02.xml.
[2014-07-16T10:31:20:417+00] [267.5 MB] [Warning] [GameItems] No asset with name f_soldier_fbs_arms_02_hp_b found in slot skin, file f_soldier_fbs_02.xml.
[2014-07-16T10:31:20:478+00] [267.7 MB] [Warning] XML reader: Can't open file (levels/uberlevel/uberlevel.xml)
[2014-07-16T10:31:20:479+00] [267.7 MB] Error parsing <levels/uberlevel/uberlevel.xml>: XML reader: Can't open file (levels/uberlevel/uberlevel.xml)
[2014-07-16T10:31:20:480+00] [267.7 MB] [Warning] [CLevelParams::ReadMetaData] Did not find a level meta data file levels/uberlevel/uberlevel.xml in uberlevel.
[2014-07-16T10:31:20:514+00] [267.8 MB] [Warning] XML reader: Can't open file (levels/playzoo/SubMissionConfig.xml)
[2014-07-16T10:31:20:515+00] [267.8 MB] Error parsing <levels/playzoo/SubMissionConfig.xml>: XML reader: Can't open file (levels/playzoo/SubMissionConfig.xml)
[2014-07-16T10:31:20:526+00] [267.8 MB] [Warning] XML reader: Can't open file (levels/uberlevel/SubMissionConfig.xml)
[2014-07-16T10:31:20:527+00] [267.8 MB] Error parsing <levels/uberlevel/SubMissionConfig.xml>: XML reader: Can't open file (levels/uberlevel/SubMissionConfig.xml)
[2014-07-16T10:31:21:128+00] [269.6 MB] [Warning] [CAiSpawnersConfig] Invalid archetype 'AIWarface.CT_Melee.CT_Melee_Easy'
[2014-07-16T10:31:21:129+00] [269.6 MB] .
[2014-07-16T10:31:21:130+00] [269.6 MB] [Warning] [CAiSpawnersConfig] Invalid archetype 'AIWarface.CT_Melee.CT_Melee_Normal'
[2014-07-16T10:31:21:132+00] [269.6 MB] .
[2014-07-16T10:31:21:139+00] [269.6 MB] [CMissionConfig] Start config parsing: 'Game/Libs/Config/MasterServer/game_modes_config.xml'
[2014-07-16T10:31:21:165+00] [269.6 MB] [CMissionConfig] Config parsing done
[2014-07-16T10:31:21:166+00] [269.6 MB] [Warning] CGameOptions::LoadControllerLayoutFile: Failed to find preloaded controller layout for key: buttonlayout_default
[2014-07-16T10:31:21:167+00] [269.6 MB] [Warning] CGameOptions::SetControllerLayouts: Failed to load controller layout: buttonlayout_default
[2014-07-16T10:31:21:170+00] [269.7 MB] [Warning] XML reader: Can't open file (Scripts/Entities/actor/Animation/CharacterDBAs.xml)
[2014-07-16T10:31:21:171+00] [269.7 MB] Error parsing <Scripts/Entities/actor/Animation/CharacterDBAs.xml>: XML reader: Can't open file (Scripts/Entities/actor/Animation/CharacterDBAs.xml)
[2014-07-16T10:31:21:172+00] [269.7 MB] [Warning] Failed to load character dba information 'Scripts/Entities/actor/Animation/CharacterDBAs.xml'
[2014-07-16T10:31:21:174+00] [269.9 MB] [net ] [Lobby] Start SessionRegisterUserData error 0
[2014-07-16T10:31:21:175+00] [269.9 MB] [net ] [Lobby] Live Initialise error 0
[2014-07-16T10:31:21:177+00] [269.9 MB] [Lobby] Initialise service 1 error 0
[2014-07-16T10:31:21:178+00] [269.9 MB] [Invite] ClearInviteData
[2014-07-16T10:31:21:179+00] [269.9 MB] [Invite] setting invite state 0 -> 0
[2014-07-16T10:31:21:258+00] [270.0 MB] CTelemetryCollector::CheckForPreviousSessionCrash()
[2014-07-16T10:31:21:266+00] [270.0 MB] CTelemetryCollector::CheckForPreviousSessionCrash() succeeded opening crashCheckFile=./_checking_for_crash_.txt for writing
[2014-07-16T10:31:21:267+00] [270.0 MB] CTelemetryCollector::CheckForPreviousSessionCrash() - error logfile=./error.log doesn't exist
[2014-07-16T10:31:21:268+00] [270.0 MB] CTelemetryCollector::CheckForPreviousSessionCrash() has finished and successfully checked for crash so removing safeguard file=./_checking_for_crash_.txt
[2014-07-16T10:31:21:270+00] [270.0 MB] CTelemetryCollector::CheckForPreviousSessionCrash() succeeded deleting the crashCheckFileName=./_checking_for_crash_.txt - everything is setup to work with crashes again
[2014-07-16T10:31:21:271+00] [270.0 MB] CTelemetryCollector::UploadLastGameLogToPreviousSession()
[2014-07-16T10:31:21:272+00] [270.0 MB] CTelemetryCollector::UploadLastGameLogToPreviousSession() we should NOT upload gamelog - doing nothing
[2014-07-16T10:31:21:274+00] [270.0 MB] SetSessionId : Xeae853fc6IDIGQ_ms__unknown_user_103121
[2014-07-16T10:31:21:275+00] [270.0 MB] MakePostHeader
[2014-07-16T10:31:21:276+00]     [270.0 MB] SessionId : Xeae853fc6IDIGQ_ms__unknown_user_103121
[2014-07-16T10:31:21:277+00]     [270.0 MB] destFile='_TelemetryServerDestFile_'
[2014-07-16T10:31:21:278+00]     [270.0 MB] webSafeFileName='_telemetryserverdestfile_'
[2014-07-16T10:31:21:282+00] [270.0 MB] [Warning] Missing Leaderboard Data Id!
[2014-07-16T10:31:21:283+00] [270.0 MB] [Error] Assertion failed in game code 'false' Network\LeaderboardStats.cpp:642
[2014-07-16T10:31:21:285+00] [270.0 MB]                	931206E0
[2014-07-16T10:31:21:286+00] [270.0 MB]                	962B454C
[2014-07-16T10:31:21:287+00] [270.5 MB]                	9612212C
[2014-07-16T10:31:21:288+00] [270.5 MB]                	96122810
[2014-07-16T10:31:21:289+00] [270.5 MB]                	962C51B8
[2014-07-16T10:31:21:290+00] [270.5 MB]                	965ECE64
[2014-07-16T10:31:21:291+00] [270.5 MB]                	965ECB88
[2014-07-16T10:31:21:292+00] [270.5 MB]                	82012474
[2014-07-16T10:31:21:293+00] [270.5 MB]                	82012578
[2014-07-16T10:31:21:294+00] [270.5 MB]                	82013408
[2014-07-16T10:31:21:295+00] [270.5 MB]                	800A1924
[2014-07-16T10:31:21:296+00] [270.5 MB]                	8009BA1C
[2014-07-16T10:31:21:297+00] [270.5 MB] [net ] [Lobby] Start StatsRegisterLeaderBoards return 0
[2014-07-16T10:31:21:299+00] [270.5 MB] Create AG musiclogic.xml
[2014-07-16T10:31:21:461+00] [271.7 MB] <Lua> Loading SmartObjectCondition.lua
[2014-07-16T10:31:27:173+00] [248.2 MB] [CONSOLE] Executing console command 'exec autoexec.cfg'
[2014-07-16T10:31:27:186+00]     [248.2 MB] Executing console batch file (try game,config,config/content,root): "autoexec.cfg" not found!
[2014-07-16T10:31:27:187+00] [248.2 MB] CGame::OnPlatformEvent() SystemMenu event, opened: false
[2014-07-16T10:31:27:189+00] [85.0 MB] <Sound> Sound Memory Pool Primary: 9 MB
[2014-07-16T10:31:27:190+00] [87.1 MB] <Sound> Initializing AudioDevice now!
[2014-07-16T10:31:27:192+00] [87.1 MB] <Sound> Initialize FMOD with dynamic memory callbacks
[2014-07-16T10:31:27:193+00] [87.4 MB] <Sound> Starting to initialize XBox360 output! 
[2014-07-16T10:31:27:194+00] [87.4 MB] <Sound> Drivers found: 1
[2014-07-16T10:31:27:196+00] [87.4 MB] <Sound> Available playback drivers:
[2014-07-16T10:31:27:197+00] [87.4 MB] 
	1.	
[2014-07-16T10:31:27:198+00] [87.4 MB] <Sound> FmodEx-AudioDevice: Now running on driver: 
[2014-07-16T10:31:27:200+00] [87.4 MB] <Sound> Using speaker mode: FMOD_SPEAKERMODE_5POINT1
[2014-07-16T10:31:27:201+00] [87.4 MB] <Sound> Initializing FMOD-EX now!
[2014-07-16T10:31:27:203+00] [87.4 MB] <Sound> Sound-FmodEx-AudioDevice Thread created: FMOD mixer thread (-134217312) 
[2014-07-16T10:31:27:204+00] [87.5 MB] <Sound> Sound-FmodEx-AudioDevice Thread created: FMOD stream thread (-134217304) 
[2014-07-16T10:31:27:205+00] [87.5 MB] <Sound> Initialized FMOD-EX
[2014-07-16T10:31:27:206+00] [87.5 MB] <Sound> Available record drivers: 0 Xbox 360 audio input !
[2014-07-16T10:31:27:208+00] [87.5 MB] <Sound> Available record drivers: 1 Xbox 360 audio input !
[2014-07-16T10:31:27:209+00] [87.5 MB] <Sound> Available record drivers: 2 Xbox 360 audio input !
[2014-07-16T10:31:27:210+00] [87.5 MB] <Sound> Available record drivers: 3 Xbox 360 audio input !
[2014-07-16T10:31:27:211+00] [87.6 MB] <Sound> Record config is set to autodetect using record driver 0
[2014-07-16T10:31:27:212+00] [87.6 MB] <Sound> Using FMOD version: 00044227 and internal 00044227!
[2014-07-16T10:31:27:214+00] [87.6 MB] <Sound> -------------CRYSOUND-EX VERSION =   00044227 ------- 
[2014-07-16T10:31:27:215+00] [87.6 MB] <Sound> Total number of all hardware channels available: 0
[2014-07-16T10:31:27:216+00] [87.6 MB] <Sound> Initializing SoundSystem now!
[2014-07-16T10:31:27:217+00] [87.6 MB] <Sound> AD: Setting of FMOD debug level failed! The FMOD libraries do not support logging!
[2014-07-16T10:31:27:218+00] [87.9 MB] <Sound> Sound-FmodEx-AudioDevice Thread created: FMOD nonblocking thread (0) (-134217292) 
[2014-07-16T10:31:27:220+00] [186.1 MB] 	OutDisplay: Width 1920, Height 1080 , Pixel Aspect Ratio 0.900 
[2014-07-16T10:31:27:222+00] [186.1 MB] 	OutDisplay: Interlaced 0, WideScreen 1, HiDef 1, Hz 60.000000
[2014-07-16T10:31:27:223+00] [189.1 MB] D3D Adapter: Driver name: Xbox driver
[2014-07-16T10:31:27:224+00] [189.1 MB] D3D Adapter: Driver description: Xbox
[2014-07-16T10:31:27:225+00] [189.1 MB] D3D Adapter: Driver version: 0.00.00.0000
[2014-07-16T10:31:27:227+00] [189.1 MB] D3D Adapter: Driver GUID: 00000000-0000-0000-0000000000000000
[2014-07-16T10:31:27:228+00] [189.1 MB] D3D Adapter: VendorId = 0x0000
[2014-07-16T10:31:27:229+00] [189.1 MB] D3D Adapter: DeviceId = 0x0000
[2014-07-16T10:31:27:230+00] [189.1 MB] D3D Adapter: SubSysId = 0x00000000
[2014-07-16T10:31:27:231+00] [189.1 MB] D3D Adapter: Revision = 0
[2014-07-16T10:31:27:233+00] [189.1 MB] D3D Detected: Generic 3D accelerator
[2014-07-16T10:31:27:234+00] [189.1 MB] D3D Driver: FFP MaxTextureBlendStages   = 8
[2014-07-16T10:31:27:236+00] [189.1 MB] D3D Driver: FFP MaxSimultaneousTextures = 26
[2014-07-16T10:31:27:237+00] [189.1 MB]   Using 'A8R8G8B8' pixel texture format (Can autogen mips)
[2014-07-16T10:31:27:238+00] [189.1 MB]   Using 'A2R10G10B10' pixel texture format (Can autogen mips)
[2014-07-16T10:31:27:240+00] [189.1 MB]   Using 'X8R8G8B8' pixel texture format (Can autogen mips)
[2014-07-16T10:31:27:241+00] [189.1 MB]   Using 'A4R4G4B4' pixel texture format (Can autogen mips)
[2014-07-16T10:31:27:243+00] [189.1 MB]   Using 'R5G6B5' pixel texture format (Can autogen mips)
[2014-07-16T10:31:27:244+00] [189.1 MB]   Using 'A8' pixel texture format (Can autogen mips)
[2014-07-16T10:31:27:245+00] [189.1 MB]   Using 'A8_LIN' pixel texture format (Can autogen mips)
[2014-07-16T10:31:27:246+00] [189.1 MB]   Using 'Q8W8V8U8' pixel texture format (Can autogen mips)
[2014-07-16T10:31:27:247+00] [189.1 MB]   Using 'R11G11B10' pixel texture format (Can autogen mips)
[2014-07-16T10:31:27:248+00] [189.1 MB]   Using 'CTX1' pixel texture format (Can autogen mips)
[2014-07-16T10:31:27:249+00] [189.1 MB]   Using 'A8L8' pixel texture format (Can autogen mips)
[2014-07-16T10:31:27:251+00] [189.1 MB]   Using 'L8' pixel texture format (Can autogen mips)
[2014-07-16T10:31:27:252+00] [189.1 MB]   Using 'A16B16G16R16F' pixel texture format (Can autogen mips)
[2014-07-16T10:31:27:254+00] [189.1 MB]   Using 'A16B16G16R16' pixel texture format (Can autogen mips)
[2014-07-16T10:31:27:255+00] [189.1 MB]   Using 'G16R16F' pixel texture format (Can autogen mips)
[2014-07-16T10:31:27:257+00] [189.1 MB]   Using 'G16R16' pixel texture format (Can autogen mips)
[2014-07-16T10:31:27:258+00] [189.1 MB]   Using 'V16U16' pixel texture format (Can autogen mips)
[2014-07-16T10:31:27:259+00] [189.1 MB]   Using 'R16F' pixel texture format (Can autogen mips)
[2014-07-16T10:31:27:260+00] [189.1 MB]   Using 'R32F' pixel texture format (Can autogen mips)
[2014-07-16T10:31:27:261+00] [189.1 MB]   Using 'A32B32G32R32F' pixel texture format (Can autogen mips)
[2014-07-16T10:31:27:262+00] [189.1 MB]   Using 'DXT1' pixel texture format (Can autogen mips)
[2014-07-16T10:31:27:263+00] [189.1 MB]   Using 'DXT3' pixel texture format (Can autogen mips)
[2014-07-16T10:31:27:264+00] [189.1 MB]   Using 'DXT5' pixel texture format (Can autogen mips)
[2014-07-16T10:31:27:265+00] [189.1 MB]   Using '3DC' pixel texture format (Can autogen mips)
[2014-07-16T10:31:27:267+00] [189.1 MB]   Using 'D24S8' pixel texture format (Can autogen mips)
[2014-07-16T10:31:27:268+00] [189.1 MB]   Using 'D16' pixel texture format (Can autogen mips)
[2014-07-16T10:31:27:270+00] [189.1 MB] D3D Driver: Supports MaxAnisotropy level 16
[2014-07-16T10:31:27:271+00] [189.1 MB] D3D Driver: Textures (8x8)-(8192x8192), Max aspect 8192
[2014-07-16T10:31:27:273+00] [189.3 MB]  Renderer HDR_Scalar: R32F
[2014-07-16T10:31:27:274+00] [189.3 MB] 	OutDisplay: Width 1920, Height 1080 , Pixel Aspect Ratio 0.900 
[2014-07-16T10:31:27:275+00] [189.3 MB] 	OutDisplay: Interlaced 0, WideScreen 1, HiDef 1, Hz 60.000000
[2014-07-16T10:31:27:276+00] [204.2 MB] Allocate render buffer for particles (16384 verts, 32768 tris)...
[2014-07-16T10:31:27:278+00] [208.7 MB] [CShaderSerialize] Import Shader: Fallback flags: 0x0 mdvFlags: 0x0 from GLOBAL cache Shaders/Cache/x360/Fallback.fxb
[2014-07-16T10:31:27:279+00] [208.7 MB] [CShaderSerialize] Import Shader: FixedPipelineEmu flags: 0x0 mdvFlags: 0x0 from GLOBAL cache Shaders/Cache/x360/FixedPipelineEmu.fxb
[2014-07-16T10:31:27:281+00] [208.7 MB] [CShaderSerialize] Import Shader: Scaleform flags: 0x0 mdvFlags: 0x0 from GLOBAL cache Shaders/Cache/x360/Scaleform.fxb
[2014-07-16T10:31:27:282+00] [208.7 MB] [CShaderSerialize] Import Shader: Stereo flags: 0x0 mdvFlags: 0x0 from GLOBAL cache Shaders/Cache/x360/Stereo.fxb
[2014-07-16T10:31:27:284+00] [204.1 MB] <Flash> SelectSubtitleChannel(1) [libs/ui/usm_player_intro.gfx]
[2014-07-16T10:31:27:285+00] [229.2 MB] [CShaderSerialize] Import Shader: Light flags: 0x0 mdvFlags: 0x0 from GLOBAL cache Shaders/Cache/x360/Light.fxb
[2014-07-16T10:31:27:286+00] [229.2 MB] [CShaderSerialize] Import Shader: ShadowMaskGen flags: 0x0 mdvFlags: 0x0 from GLOBAL cache Shaders/Cache/x360/ShadowMaskGen.fxb
[2014-07-16T10:31:27:287+00] [231.9 MB] [CShaderSerialize] Import Shader: HDRPostProcess flags: 0x1 mdvFlags: 0x0 from GLOBAL cache Shaders/Cache/x360/HDRPostProcess.fxb
[2014-07-16T10:31:27:288+00] [231.9 MB] [CShaderSerialize] Import Shader: Hud3D flags: 0x0 mdvFlags: 0x0 from GLOBAL cache Shaders/Cache/x360/Hud3D.fxb
[2014-07-16T10:31:27:289+00] [231.9 MB] [CShaderSerialize] Import Shader: PostEffects flags: 0x1 mdvFlags: 0x0 from GLOBAL cache Shaders/Cache/x360/PostEffects.fxb
[2014-07-16T10:31:27:290+00] [231.9 MB] [CShaderSerialize] Import Shader: AmbientOcclusion flags: 0x0 mdvFlags: 0x0 from GLOBAL cache Shaders/Cache/x360/AmbientOcclusion.fxb
[2014-07-16T10:31:27:291+00] [232.0 MB] [CShaderSerialize] Import Shader: Common flags: 0x0 mdvFlags: 0x0 from GLOBAL cache Shaders/Cache/x360/Common.fxb
[2014-07-16T10:31:27:292+00] [232.0 MB] [CShaderSerialize] Import Shader: Debug flags: 0x0 mdvFlags: 0x0 from GLOBAL cache Shaders/Cache/x360/Debug.fxb
[2014-07-16T10:31:27:293+00] [232.0 MB] [CShaderSerialize] Import Shader: DeferredCaustics flags: 0x1 mdvFlags: 0x0 from GLOBAL cache Shaders/Cache/x360/DeferredCaustics.fxb
[2014-07-16T10:31:27:294+00] [232.0 MB] [CShaderSerialize] Import Shader: DeferredRain flags: 0x0 mdvFlags: 0x0 from GLOBAL cache Shaders/Cache/x360/DeferredRain.fxb
[2014-07-16T10:31:27:296+00] [232.0 MB] [CShaderSerialize] Import Shader: DeferredShading flags: 0x1 mdvFlags: 0x0 from GLOBAL cache Shaders/Cache/x360/DeferredShading.fxb
[2014-07-16T10:31:27:298+00] [232.0 MB] [CShaderSerialize] Import Shader: DepthOfField flags: 0x1 mdvFlags: 0x0 from GLOBAL cache Shaders/Cache/x360/DepthOfField.fxb
[2014-07-16T10:31:27:299+00] [232.0 MB] [CShaderSerialize] Import Shader: DXTCompress flags: 0x0 mdvFlags: 0x0 from GLOBAL cache Shaders/Cache/x360/DXTCompress.fxb
[2014-07-16T10:31:27:300+00] [232.0 MB] [CShaderSerialize] Import Shader: FarTreeSprites flags: 0x0 mdvFlags: 0x0 from GLOBAL cache Shaders/Cache/x360/FarTreeSprites.fxb
[2014-07-16T10:31:27:301+00] [232.0 MB] [CShaderSerialize] Import Shader: LightFlares flags: 0x0 mdvFlags: 0x0 from GLOBAL cache Shaders/Cache/x360/LightFlares.fxb
[2014-07-16T10:31:27:302+00] [232.0 MB] [CShaderSerialize] Import Shader: MotionBlur flags: 0x1 mdvFlags: 0x0 from GLOBAL cache Shaders/Cache/x360/MotionBlur.fxb
[2014-07-16T10:31:27:303+00] [232.0 MB] [CShaderSerialize] Import Shader: OcclusionTest flags: 0x0 mdvFlags: 0x0 from GLOBAL cache Shaders/Cache/x360/OcclusionTest.fxb
[2014-07-16T10:31:27:303+00] [232.0 MB] [CShaderSerialize] Import Shader: PostEffectsGame flags: 0x0 mdvFlags: 0x0 from GLOBAL cache Shaders/Cache/x360/PostEffectsGame.fxb
[2014-07-16T10:31:27:305+00] [232.0 MB] [CShaderSerialize] Import Shader: PostEffectsRenderModes flags: 0x0 mdvFlags: 0x0 from GLOBAL cache Shaders/Cache/x360/PostEffectsRenderModes.fxb
[2014-07-16T10:31:27:306+00] [232.0 MB] [CShaderSerialize] Import Shader: PostAA flags: 0x0 mdvFlags: 0x0 from GLOBAL cache Shaders/Cache/x360/PostAA.fxb
[2014-07-16T10:31:27:307+00] [232.0 MB] [CShaderSerialize] Import Shader: ScreenSpaceGI flags: 0x0 mdvFlags: 0x0 from GLOBAL cache Shaders/Cache/x360/ScreenSpaceGI.fxb
[2014-07-16T10:31:27:308+00] [232.1 MB] [CShaderSerialize] Import Shader: ShadowBlur flags: 0x0 mdvFlags: 0x0 from GLOBAL cache Shaders/Cache/x360/ShadowBlur.fxb
[2014-07-16T10:31:27:308+00] [232.1 MB] [CShaderSerialize] Import Shader: Sunshafts flags: 0x0 mdvFlags: 0x0 from GLOBAL cache Shaders/Cache/x360/Sunshafts.fxb
[2014-07-16T10:31:27:310+00] [232.1 MB] [CShaderSerialize] Import Shader: CriMw flags: 0x0 mdvFlags: 0x0 from GLOBAL cache Shaders/Cache/x360/CriMw.fxb
[2014-07-16T10:31:27:311+00] [267.0 MB] CFlash::Preload cached libs/ui/controls/savespinner.gfx bootstrapper 40A034A8
[2014-07-16T10:31:27:313+00] [248.2 MB] [net ] CNetwork::UpdateTick() stall detected, socket manager poll waitTime=67, actionsTime=0
[2014-07-16T10:31:27:314+00] [248.2 MB] [net ] CNetwork::UpdateTick() stall detected, socket manager poll waitTime=66, actionsTime=0
[2014-07-16T10:31:27:315+00] [248.2 MB] [net ] CNetwork::UpdateTick() stall detected, socket manager poll waitTime=65, actionsTime=0
[2014-07-16T10:31:27:316+00] [248.2 MB] [net ] CNetwork::UpdateTick() stall detected, socket manager poll waitTime=75, actionsTime=0
[2014-07-16T10:31:27:317+00] [248.2 MB] [net ] CNetwork::UpdateTick() stall detected, socket manager poll waitTime=65, actionsTime=0
[2014-07-16T10:31:27:318+00] [248.2 MB] [net ] CNetwork::UpdateTick() stall detected, socket manager poll waitTime=65, actionsTime=0
[2014-07-16T10:31:27:319+00] [248.2 MB] [net ] CNetwork::UpdateTick() stall detected, socket manager poll waitTime=66, actionsTime=0
[2014-07-16T10:31:27:320+00] [248.2 MB] [net ] CNetwork::UpdateTick() stall detected, socket manager poll waitTime=65, actionsTime=0
[2014-07-16T10:31:27:322+00] [248.2 MB] [net ] CNetwork::UpdateTick() stall detected, socket manager poll waitTime=76, actionsTime=0
[2014-07-16T10:31:27:323+00] [248.2 MB] [net ] CNetwork::UpdateTick() stall detected, socket manager poll waitTime=70, actionsTime=0
[2014-07-16T10:31:27:324+00] [248.2 MB] [net ] CNetwork::UpdateTick() stall detected, socket manager poll waitTime=65, actionsTime=0
[2014-07-16T10:31:27:325+00] [248.2 MB] [net ] CNetwork::UpdateTick() stall detected, socket manager poll waitTime=65, actionsTime=0
[2014-07-16T10:31:27:326+00] [248.2 MB] [net ] CNetwork::UpdateTick() stall detected, socket manager poll waitTime=65, actionsTime=0
[2014-07-16T10:31:27:329+00] [248.2 MB] [net ] CNetwork::UpdateTick() stall detected, socket manager poll waitTime=65, actionsTime=0
[2014-07-16T10:31:27:330+00] [248.2 MB] [net ] CNetwork::UpdateTick() stall detected, socket manager poll waitTime=66, actionsTime=0
[2014-07-16T10:31:27:331+00] [248.2 MB] [net ] CNetwork::UpdateTick() stall detected, socket manager poll waitTime=67, actionsTime=0
[2014-07-16T10:31:27:332+00] [248.2 MB] [net ] CNetwork::UpdateTick() stall detected, socket manager poll waitTime=69, actionsTime=0
[2014-07-16T10:31:27:333+00] [248.2 MB] [net ] CNetwork::UpdateTick() stall detected, socket manager poll waitTime=65, actionsTime=0
[2014-07-16T10:31:27:333+00] [248.2 MB] [net ] CNetwork::UpdateTick() stall detected, socket manager poll waitTime=65, actionsTime=0
[2014-07-16T10:31:27:334+00] [248.2 MB] [net ] CNetwork::UpdateTick() stall detected, socket manager poll waitTime=65, actionsTime=0
[2014-07-16T10:31:27:335+00] [248.2 MB] [net ] CNetwork::UpdateTick() stall detected, socket manager poll waitTime=65, actionsTime=0
[2014-07-16T10:31:27:336+00] [248.2 MB] [net ] CNetwork::UpdateTick() stall detected, socket manager poll waitTime=66, actionsTime=0
[2014-07-16T10:31:27:337+00] [248.2 MB] [net ] CNetwork::UpdateTick() stall detected, socket manager poll waitTime=65, actionsTime=0
[2014-07-16T10:31:27:339+00] [248.2 MB] [net ] CNetwork::UpdateTick() stall detected, socket manager poll waitTime=65, actionsTime=0
[2014-07-16T10:31:27:340+00] [248.2 MB] [net ] CNetwork::UpdateTick() stall detected, socket manager poll waitTime=65, actionsTime=0
[2014-07-16T10:31:27:341+00] [248.2 MB] [net ] CNetwork::UpdateTick() stall detected, socket manager poll waitTime=65, actionsTime=0
[2014-07-16T10:31:27:342+00] [248.2 MB] [net ] CNetwork::UpdateTick() stall detected, socket manager poll waitTime=66, actionsTime=0
[2014-07-16T10:31:27:343+00] [248.2 MB] [net ] CNetwork::UpdateTick() stall detected, socket manager poll waitTime=64, actionsTime=0
[2014-07-16T10:31:27:344+00] [248.2 MB] [net ] CNetwork::UpdateTick() stall detected, socket manager poll waitTime=65, actionsTime=0
[2014-07-16T10:31:27:345+00] [248.2 MB] [net ] CNetwork::UpdateTick() stall detected, socket manager poll waitTime=65, actionsTime=0
[2014-07-16T10:31:27:346+00] [248.2 MB] [net ] CNetwork::UpdateTick() stall detected, socket manager poll waitTime=65, actionsTime=0
[2014-07-16T10:31:27:347+00] [248.2 MB] [net ] CNetwork::UpdateTick() stall detected, socket manager poll waitTime=65, actionsTime=0
[2014-07-16T10:31:27:348+00] [248.2 MB] [net ] CNetwork::UpdateTick() stall detected, socket manager poll waitTime=65, actionsTime=0
[2014-07-16T10:31:27:350+00] [248.2 MB] [net ] CNetwork::UpdateTick() stall detected, socket manager poll waitTime=65, actionsTime=0
[2014-07-16T10:31:27:351+00] [248.2 MB] [net ] CNetwork::UpdateTick() stall detected, socket manager poll waitTime=65, actionsTime=0
[2014-07-16T10:31:27:352+00] [248.2 MB] [net ] CNetwork::UpdateTick() stall detected, socket manager poll waitTime=65, actionsTime=0
[2014-07-16T10:31:27:353+00] [248.2 MB] [net ] CNetwork::UpdateTick() stall detected, socket manager poll waitTime=65, actionsTime=0
[2014-07-16T10:31:27:354+00] [248.2 MB] [net ] CNetwork::UpdateTick() stall detected, socket manager poll waitTime=65, actionsTime=0
[2014-07-16T10:31:27:355+00] [248.2 MB] [net ] CNetwork::UpdateTick() stall detected, socket manager poll waitTime=65, actionsTime=0
[2014-07-16T10:31:27:356+00] [248.2 MB] [net ] CNetwork::UpdateTick() stall detected, socket manager poll waitTime=65, actionsTime=0
[2014-07-16T10:31:27:357+00] [248.2 MB] [net ] CNetwork::UpdateTick() stall detected, socket manager poll waitTime=65, actionsTime=0
[2014-07-16T10:31:27:358+00] [248.2 MB] [net ] CNetwork::UpdateTick() stall detected, socket manager poll waitTime=65, actionsTime=0
[2014-07-16T10:31:27:359+00] [248.2 MB] [net ] CNetwork::UpdateTick() stall detected, socket manager poll waitTime=65, actionsTime=0
[2014-07-16T10:31:27:360+00] [248.2 MB] [net ] CNetwork::UpdateTick() stall detected, socket manager poll waitTime=65, actionsTime=0
[2014-07-16T10:31:27:363+00] [248.2 MB] [net ] CNetwork::UpdateTick() stall detected, socket manager poll waitTime=65, actionsTime=0
[2014-07-16T10:31:27:364+00] [248.2 MB] [net ] CNetwork::UpdateTick() stall detected, socket manager poll waitTime=65, actionsTime=0
[2014-07-16T10:31:27:364+00] [248.2 MB] [net ] CNetwork::UpdateTick() stall detected, socket manager poll waitTime=65, actionsTime=0
[2014-07-16T10:31:27:365+00] [248.2 MB] [net ] CNetwork::UpdateTick() stall detected, socket manager poll waitTime=65, actionsTime=0
[2014-07-16T10:31:27:366+00] [248.2 MB] [net ] CNetwork::UpdateTick() stall detected, socket manager poll waitTime=72, actionsTime=0
[2014-07-16T10:31:27:367+00] [248.2 MB] [net ] CNetwork::UpdateTick() stall detected, socket manager poll waitTime=69, actionsTime=0
[2014-07-16T10:31:27:368+00] [248.2 MB] [net ] CNetwork::UpdateTick() stall detected, socket manager poll waitTime=65, actionsTime=0
[2014-07-16T10:31:27:369+00] [248.2 MB] [net ] CNetwork::UpdateTick() stall detected, socket manager poll waitTime=65, actionsTime=0
[2014-07-16T10:31:27:370+00] [248.2 MB] [net ] CNetwork::UpdateTick() stall detected, socket manager poll waitTime=65, actionsTime=0
[2014-07-16T10:31:27:371+00] [248.2 MB] [net ] CNetwork::UpdateTick() stall detected, socket manager poll waitTime=65, actionsTime=0
[2014-07-16T10:31:27:372+00] [248.2 MB] [net ] CNetwork::UpdateTick() stall detected, socket manager poll waitTime=65, actionsTime=0
[2014-07-16T10:31:27:373+00] [248.2 MB] [net ] CNetwork::UpdateTick() stall detected, socket manager poll waitTime=65, actionsTime=0
[2014-07-16T10:31:27:374+00] [248.2 MB] [net ] CNetwork::UpdateTick() stall detected, socket manager poll waitTime=65, actionsTime=0
[2014-07-16T10:31:27:375+00] [248.2 MB] [net ] CNetwork::UpdateTick() stall detected, socket manager poll waitTime=65, actionsTime=0
[2014-07-16T10:31:27:377+00] [248.2 MB] [net ] CNetwork::UpdateTick() stall detected, socket manager poll waitTime=65, actionsTime=0
[2014-07-16T10:31:27:378+00] [248.2 MB] [net ] CNetwork::UpdateTick() stall detected, socket manager poll waitTime=65, actionsTime=0
[2014-07-16T10:31:27:379+00] [248.2 MB] [net ] CNetwork::UpdateTick() stall detected, socket manager poll waitTime=65, actionsTime=0
[2014-07-16T10:31:27:380+00] [248.2 MB] [net ] CNetwork::UpdateTick() stall detected, socket manager poll waitTime=65, actionsTime=0
[2014-07-16T10:31:27:381+00] [248.2 MB] [net ] CNetwork::UpdateTick() stall detected, socket manager poll waitTime=65, actionsTime=0
[2014-07-16T10:31:27:383+00] [248.2 MB] [net ] CNetwork::UpdateTick() stall detected, socket manager poll waitTime=65, actionsTime=0
[2014-07-16T10:31:27:384+00] [248.2 MB] [net ] CNetwork::UpdateTick() stall detected, socket manager poll waitTime=65, actionsTime=0
[2014-07-16T10:31:27:385+00] [248.2 MB] [net ] CNetwork::UpdateTick() stall detected, socket manager poll waitTime=65, actionsTime=0
[2014-07-16T10:31:27:386+00] [248.2 MB] [net ] CNetwork::UpdateTick() stall detected, socket manager poll waitTime=66, actionsTime=0
[2014-07-16T10:31:27:387+00] [248.2 MB] [net ] CNetwork::UpdateTick() stall detected, socket manager poll waitTime=65, actionsTime=0
[2014-07-16T10:31:27:388+00] [248.2 MB] [net ] CNetwork::UpdateTick() stall detected, socket manager poll waitTime=65, actionsTime=0
[2014-07-16T10:31:27:389+00] [248.2 MB] [net ] CNetwork::UpdateTick() stall detected, socket manager poll waitTime=65, actionsTime=0
[2014-07-16T10:31:27:390+00] [248.2 MB] [net ] CNetwork::UpdateTick() stall detected, socket manager poll waitTime=65, actionsTime=0
[2014-07-16T10:31:27:391+00] [248.2 MB] [net ] CNetwork::UpdateTick() stall detected, socket manager poll waitTime=65, actionsTime=0
[2014-07-16T10:31:27:392+00] [248.2 MB] [net ] CNetwork::UpdateTick() stall detected, socket manager poll waitTime=65, actionsTime=0
[2014-07-16T10:31:27:393+00] [248.2 MB] [net ] CNetwork::UpdateTick() stall detected, socket manager poll waitTime=65, actionsTime=0
[2014-07-16T10:31:27:396+00] [248.2 MB] [net ] CNetwork::UpdateTick() stall detected, socket manager poll waitTime=65, actionsTime=0
[2014-07-16T10:31:27:397+00] [248.2 MB] [net ] CNetwork::UpdateTick() stall detected, socket manager poll waitTime=65, actionsTime=0
[2014-07-16T10:31:27:398+00] [248.2 MB] [net ] CNetwork::UpdateTick() stall detected, socket manager poll waitTime=65, actionsTime=0
[2014-07-16T10:31:27:399+00] [248.2 MB] [net ] CNetwork::UpdateTick() stall detected, socket manager poll waitTime=65, actionsTime=0
[2014-07-16T10:31:27:400+00] [248.2 MB] [net ] CNetwork::UpdateTick() stall detected, socket manager poll waitTime=65, actionsTime=0
[2014-07-16T10:31:27:401+00] [248.2 MB] [net ] CNetwork::UpdateTick() stall detected, socket manager poll waitTime=65, actionsTime=0
[2014-07-16T10:31:27:401+00] [248.2 MB] [net ] CNetwork::UpdateTick() stall detected, socket manager poll waitTime=65, actionsTime=0
[2014-07-16T10:31:27:402+00] [248.2 MB] [net ] CNetwork::UpdateTick() stall detected, socket manager poll waitTime=65, actionsTime=0
[2014-07-16T10:31:27:404+00] [248.2 MB] [net ] CNetwork::UpdateTick() stall detected, socket manager poll waitTime=65, actionsTime=0
[2014-07-16T10:31:27:405+00] [248.2 MB] [net ] CNetwork::UpdateTick() stall detected, socket manager poll waitTime=65, actionsTime=0
[2014-07-16T10:31:27:406+00] [248.2 MB] [net ] CNetwork::UpdateTick() stall detected, socket manager poll waitTime=65, actionsTime=0
[2014-07-16T10:31:27:407+00] [248.2 MB] [net ] CNetwork::UpdateTick() stall detected, socket manager poll waitTime=66, actionsTime=0
[2014-07-16T10:31:27:407+00] [248.2 MB] [net ] CNetwork::UpdateTick() stall detected, socket manager poll waitTime=65, actionsTime=0
[2014-07-16T10:31:27:409+00] [248.2 MB] [net ] CNetwork::UpdateTick() stall detected, socket manager poll waitTime=65, actionsTime=0
[2014-07-16T10:31:27:410+00] [248.2 MB] [net ] CNetwork::UpdateTick() stall detected, socket manager poll waitTime=65, actionsTime=0
[2014-07-16T10:31:27:411+00] [248.2 MB] [net ] CNetwork::UpdateTick() stall detected, socket manager poll waitTime=66, actionsTime=0
[2014-07-16T10:31:27:412+00] [248.2 MB] [net ] CNetwork::UpdateTick() stall detected, socket manager poll waitTime=65, actionsTime=0
[2014-07-16T10:31:27:414+00] [248.2 MB] [net ] CNetwork::UpdateTick() stall detected, socket manager poll waitTime=65, actionsTime=0
[2014-07-16T10:31:27:416+00] [248.2 MB] [net ] CNetwork::UpdateTick() stall detected, socket manager poll waitTime=65, actionsTime=0
[2014-07-16T10:31:27:417+00] [248.2 MB] [net ] CNetwork::UpdateTick() stall detected, socket manager poll waitTime=65, actionsTime=0
[2014-07-16T10:31:27:418+00] [248.2 MB] [net ] CNetwork::UpdateTick() stall detected, socket manager poll waitTime=66, actionsTime=0
[2014-07-16T10:31:27:419+00] [248.2 MB] [net ] CNetwork::UpdateTick() stall detected, socket manager poll waitTime=65, actionsTime=0
[2014-07-16T10:31:27:421+00] [248.2 MB] [net ] CNetwork::UpdateTick() stall detected, socket manager poll waitTime=65, actionsTime=0
[2014-07-16T10:31:27:422+00] [248.2 MB] [net ] CNetwork::UpdateTick() stall detected, socket manager poll waitTime=65, actionsTime=0
[2014-07-16T10:31:27:423+00] [248.2 MB] [net ] CNetwork::UpdateTick() stall detected, socket manager poll waitTime=65, actionsTime=0
[2014-07-16T10:31:27:424+00] [248.2 MB] [net ] CNetwork::UpdateTick() stall detected, socket manager poll waitTime=65, actionsTime=0
[2014-07-16T10:31:27:424+00] [248.2 MB] [net ] CNetwork::UpdateTick() stall detected, socket manager poll waitTime=65, actionsTime=0
[2014-07-16T10:31:27:426+00] [248.2 MB] [net ] CNetwork::UpdateTick() stall detected, socket manager poll waitTime=65, actionsTime=0
[2014-07-16T10:31:27:427+00] [248.2 MB] [net ] CNetwork::UpdateTick() stall detected, socket manager poll waitTime=65, actionsTime=0
[2014-07-16T10:31:27:428+00] [248.2 MB] [net ] CNetwork::UpdateTick() stall detected, socket manager poll waitTime=70, actionsTime=0
[2014-07-16T10:31:27:429+00] [248.2 MB] [net ] CNetwork::UpdateTick() stall detected, socket manager poll waitTime=66, actionsTime=0
[2014-07-16T10:31:27:430+00] [248.2 MB] [net ] CNetwork::UpdateTick() stall detected, socket manager poll waitTime=65, actionsTime=0
[2014-07-16T10:31:27:432+00] [248.2 MB] [net ] CNetwork::UpdateTick() stall detected, socket manager poll waitTime=65, actionsTime=0
[2014-07-16T10:31:27:433+00] [248.2 MB] [net ] CNetwork::UpdateTick() stall detected, socket manager poll waitTime=65, actionsTime=0
[2014-07-16T10:31:27:434+00] [248.2 MB] [net ] CNetwork::UpdateTick() stall detected, socket manager poll waitTime=65, actionsTime=0
[2014-07-16T10:31:27:435+00] [248.2 MB] [net ] [Lobby] Creating socket on port 1000
[2014-07-16T10:31:27:436+00] [248.2 MB] [net ] [Lobby] Created socket on port 1000
[2014-07-16T10:31:27:437+00] [248.2 MB] [net ] CNetwork::UpdateTick() stall detected, socket manager poll waitTime=65, actionsTime=0
[2014-07-16T10:31:27:438+00] [248.2 MB] [net ] CNetwork::UpdateTick() stall detected, socket manager poll waitTime=65, actionsTime=0
[2014-07-16T10:31:27:439+00] [248.2 MB] [net ] CNetwork::UpdateTick() stall detected, socket manager poll waitTime=65, actionsTime=0
[2014-07-16T10:31:27:440+00] [248.2 MB] [net ] CNetwork::UpdateTick() stall detected, socket manager poll waitTime=65, actionsTime=0
[2014-07-16T10:31:27:441+00] [248.2 MB] [net ] CNetwork::UpdateTick() stall detected, socket manager poll waitTime=65, actionsTime=0
[2014-07-16T10:31:27:443+00] [248.2 MB] [net ] CNetwork::UpdateTick() stall detected, socket manager poll waitTime=65, actionsTime=0
[2014-07-16T10:31:27:444+00] [248.2 MB] [net ] CNetwork::UpdateTick() stall detected, socket manager poll waitTime=65, actionsTime=0
[2014-07-16T10:31:27:445+00] [248.2 MB] [net ] CNetwork::UpdateTick() stall detected, socket manager poll waitTime=65, actionsTime=0
[2014-07-16T10:31:27:446+00] [248.2 MB] [net ] CNetwork::UpdateTick() stall detected, socket manager poll waitTime=65, actionsTime=0
[2014-07-16T10:31:27:447+00] [248.2 MB] [net ] CNetwork::UpdateTick() stall detected, socket manager poll waitTime=65, actionsTime=0
[2014-07-16T10:31:27:448+00] [248.2 MB] [net ] CNetwork::UpdateTick() stall detected, socket manager poll waitTime=65, actionsTime=0
[2014-07-16T10:31:27:449+00] [248.2 MB] [net ] CNetwork::UpdateTick() stall detected, socket manager poll waitTime=65, actionsTime=0
[2014-07-16T10:31:27:450+00] [248.2 MB] [net ] CNetwork::UpdateTick() stall detected, socket manager poll waitTime=65, actionsTime=0
[2014-07-16T10:31:27:451+00] [248.2 MB] [net ] CNetwork::UpdateTick() stall detected, socket manager poll waitTime=65, actionsTime=0
[2014-07-16T10:31:27:452+00] [248.2 MB] [net ] CNetwork::UpdateTick() stall detected, socket manager poll waitTime=65, actionsTime=0
[2014-07-16T10:31:27:454+00] [248.2 MB] [net ] CNetwork::UpdateTick() stall detected, socket manager poll waitTime=65, actionsTime=0
[2014-07-16T10:31:27:455+00] [248.2 MB] [net ] CNetwork::UpdateTick() stall detected, socket manager poll waitTime=65, actionsTime=0
[2014-07-16T10:31:27:456+00] [248.2 MB] [net ] CNetwork::UpdateTick() stall detected, socket manager poll waitTime=65, actionsTime=0
[2014-07-16T10:31:27:457+00] [248.2 MB] [net ] CNetwork::UpdateTick() stall detected, socket manager poll waitTime=65, actionsTime=0
[2014-07-16T10:31:27:458+00] [248.2 MB] [net ] CNetwork::UpdateTick() stall detected, socket manager poll waitTime=66, actionsTime=0
[2014-07-16T10:31:27:459+00] [248.2 MB] [net ] CNetwork::UpdateTick() stall detected, socket manager poll waitTime=64, actionsTime=0
[2014-07-16T10:31:27:460+00] [248.2 MB] [net ] CNetwork::UpdateTick() stall detected, socket manager poll waitTime=65, actionsTime=0
[2014-07-16T10:31:27:461+00] [248.2 MB] [net ] CNetwork::UpdateTick() stall detected, socket manager poll waitTime=66, actionsTime=0
[2014-07-16T10:31:27:462+00] [248.2 MB] [net ] CNetwork::UpdateTick() stall detected, socket manager poll waitTime=66, actionsTime=0
[2014-07-16T10:31:27:463+00] [248.2 MB] [net ] CNetwork::UpdateTick() stall detected, socket manager poll waitTime=67, actionsTime=0
[2014-07-16T10:31:27:465+00] [248.2 MB] [net ] CNetwork::UpdateTick() stall detected, socket manager poll waitTime=66, actionsTime=0
[2014-07-16T10:31:27:466+00] [248.2 MB] [net ] CNetwork::UpdateTick() stall detected, socket manager poll waitTime=64, actionsTime=0
[2014-07-16T10:31:27:467+00] [248.2 MB] [net ] CNetwork::UpdateTick() stall detected, socket manager poll waitTime=65, actionsTime=0
[2014-07-16T10:31:27:468+00] [248.2 MB] [net ] CNetwork::UpdateTick() stall detected, socket manager poll waitTime=65, actionsTime=0
[2014-07-16T10:31:27:469+00] [248.2 MB] [net ] CNetwork::UpdateTick() stall detected, socket manager poll waitTime=65, actionsTime=0
[2014-07-16T10:31:27:470+00] [248.2 MB] [net ] CNetwork::UpdateTick() stall detected, socket manager poll waitTime=65, actionsTime=0
[2014-07-16T10:31:27:471+00] [248.2 MB] [net ] CNetwork::UpdateTick() stall detected, socket manager poll waitTime=65, actionsTime=0
[2014-07-16T10:31:27:472+00] [248.2 MB] [net ] CNetwork::UpdateTick() stall detected, socket manager poll waitTime=65, actionsTime=0
[2014-07-16T10:31:27:473+00] [248.2 MB] [net ] CNetwork::UpdateTick() stall detected, socket manager poll waitTime=65, actionsTime=0
[2014-07-16T10:31:27:474+00] [248.2 MB] [net ] CNetwork::UpdateTick() stall detected, socket manager poll waitTime=65, actionsTime=0
[2014-07-16T10:31:27:476+00] [248.2 MB] [net ] CNetwork::UpdateTick() stall detected, socket manager poll waitTime=65, actionsTime=0
[2014-07-16T10:31:27:477+00] [248.2 MB] [net ] CNetwork::UpdateTick() stall detected, socket manager poll waitTime=65, actionsTime=0
[2014-07-16T10:31:27:478+00] [248.2 MB] [net ] CNetwork::UpdateTick() stall detected, socket manager poll waitTime=65, actionsTime=0
[2014-07-16T10:31:27:479+00] [248.2 MB] [net ] CNetwork::UpdateTick() stall detected, socket manager poll waitTime=65, actionsTime=0
[2014-07-16T10:31:27:480+00] [248.2 MB] [net ] CNetwork::UpdateTick() stall detected, socket manager poll waitTime=66, actionsTime=0
[2014-07-16T10:31:27:482+00] [248.2 MB] [net ] CNetwork::UpdateTick() stall detected, socket manager poll waitTime=65, actionsTime=0
[2014-07-16T10:31:27:483+00] [248.2 MB] [net ] CNetwork::UpdateTick() stall detected, socket manager poll waitTime=65, actionsTime=0
[2014-07-16T10:31:27:484+00] [248.2 MB] [net ] CNetwork::UpdateTick() stall detected, socket manager poll waitTime=65, actionsTime=0
[2014-07-16T10:31:27:485+00] [248.2 MB] [net ] CNetwork::UpdateTick() stall detected, socket manager poll waitTime=69, actionsTime=0
[2014-07-16T10:31:27:486+00] [248.2 MB] [net ] CNetwork::UpdateTick() stall detected, socket manager poll waitTime=65, actionsTime=0
[2014-07-16T10:31:27:487+00] [248.2 MB] [net ] CNetwork::UpdateTick() stall detected, socket manager poll waitTime=65, actionsTime=0
[2014-07-16T10:31:27:488+00] [248.2 MB] [net ] CNetwork::UpdateTick() stall detected, socket manager poll waitTime=65, actionsTime=0
[2014-07-16T10:31:27:489+00] [248.2 MB] [net ] CNetwork::UpdateTick() stall detected, socket manager poll waitTime=65, actionsTime=0
[2014-07-16T10:31:27:490+00] [248.2 MB] [net ] CNetwork::UpdateTick() stall detected, socket manager poll waitTime=65, actionsTime=0
[2014-07-16T10:31:27:491+00] [248.2 MB] [net ] CNetwork::UpdateTick() stall detected, socket manager poll waitTime=66, actionsTime=0
[2014-07-16T10:31:27:492+00] [248.2 MB] [net ] CNetwork::UpdateTick() stall detected, socket manager poll waitTime=66, actionsTime=0
[2014-07-16T10:31:27:494+00] [248.2 MB] [net ] CNetwork::UpdateTick() stall detected, socket manager poll waitTime=65, actionsTime=0
[2014-07-16T10:31:27:495+00] [248.2 MB] [net ] CNetwork::UpdateTick() stall detected, socket manager poll waitTime=65, actionsTime=0
[2014-07-16T10:31:27:496+00] [248.2 MB] [net ] CNetwork::UpdateTick() stall detected, socket manager poll waitTime=65, actionsTime=0
[2014-07-16T10:31:27:497+00] [248.2 MB] [net ] CNetwork::UpdateTick() stall detected, socket manager poll waitTime=65, actionsTime=0
[2014-07-16T10:31:27:498+00] [248.2 MB] [net ] CNetwork::UpdateTick() stall detected, socket manager poll waitTime=65, actionsTime=0
[2014-07-16T10:31:27:499+00] [248.2 MB] [net ] CNetwork::UpdateTick() stall detected, socket manager poll waitTime=65, actionsTime=0
[2014-07-16T10:31:27:500+00] [248.2 MB] [net ] CNetwork::UpdateTick() stall detected, socket manager poll waitTime=65, actionsTime=0
[2014-07-16T10:31:27:501+00] [248.2 MB] [net ] CNetwork::UpdateTick() stall detected, socket manager poll waitTime=65, actionsTime=0
[2014-07-16T10:31:27:502+00] [248.2 MB] [net ] CNetwork::UpdateTick() stall detected, socket manager poll waitTime=66, actionsTime=0
[2014-07-16T10:31:27:503+00] [248.2 MB] [net ] CNetwork::UpdateTick() stall detected, socket manager poll waitTime=64, actionsTime=0
[2014-07-16T10:31:27:504+00] [248.2 MB] [net ] CNetwork::UpdateTick() stall detected, socket manager poll waitTime=65, actionsTime=0
[2014-07-16T10:31:27:505+00] [248.2 MB] [net ] CNetwork::UpdateTick() stall detected, socket manager poll waitTime=65, actionsTime=0
[2014-07-16T10:31:27:506+00] [248.2 MB] [net ] CNetwork::UpdateTick() stall detected, socket manager poll waitTime=65, actionsTime=0
[2014-07-16T10:31:27:507+00] [248.2 MB] [net ] CNetwork::UpdateTick() stall detected, socket manager poll waitTime=65, actionsTime=0
[2014-07-16T10:31:27:509+00] [248.2 MB] [net ] CNetwork::UpdateTick() stall detected, socket manager poll waitTime=65, actionsTime=0
[2014-07-16T10:31:27:510+00] [248.2 MB] [net ] CNetwork::UpdateTick() stall detected, socket manager poll waitTime=65, actionsTime=0
[2014-07-16T10:31:27:511+00] [248.2 MB] [net ] CNetwork::UpdateTick() stall detected, socket manager poll waitTime=65, actionsTime=0
[2014-07-16T10:31:27:512+00] [248.2 MB] [net ] CNetwork::UpdateTick() stall detected, socket manager poll waitTime=65, actionsTime=0
[2014-07-16T10:31:27:513+00] [248.2 MB] [net ] CNetwork::UpdateTick() stall detected, socket manager poll waitTime=70, actionsTime=0
[2014-07-16T10:31:27:514+00] [248.2 MB] [net ] CNetwork::UpdateTick() stall detected, socket manager poll waitTime=66, actionsTime=0
[2014-07-16T10:31:27:515+00] [248.2 MB] [net ] CNetwork::UpdateTick() stall detected, socket manager poll waitTime=65, actionsTime=0
[2014-07-16T10:31:27:516+00] [248.2 MB] [net ] CNetwork::UpdateTick() stall detected, socket manager poll waitTime=65, actionsTime=0
[2014-07-16T10:31:27:517+00] [248.2 MB] [net ] CNetwork::UpdateTick() stall detected, socket manager poll waitTime=65, actionsTime=0
[2014-07-16T10:31:27:518+00] [248.2 MB] [net ] CNetwork::UpdateTick() stall detected, socket manager poll waitTime=65, actionsTime=0
[2014-07-16T10:31:27:520+00] [248.2 MB] [net ] CNetwork::UpdateTick() stall detected, socket manager poll waitTime=65, actionsTime=0
[2014-07-16T10:31:27:521+00] [248.2 MB] [net ] CNetwork::UpdateTick() stall detected, socket manager poll waitTime=65, actionsTime=0
[2014-07-16T10:31:27:522+00] [248.2 MB] [net ] CNetwork::UpdateTick() stall detected, socket manager poll waitTime=65, actionsTime=0
[2014-07-16T10:31:27:523+00] [248.2 MB] [net ] CNetwork::UpdateTick() stall detected, socket manager poll waitTime=65, actionsTime=0
[2014-07-16T10:31:27:524+00] [248.2 MB] [net ] CNetwork::UpdateTick() stall detected, socket manager poll waitTime=65, actionsTime=0
[2014-07-16T10:31:27:525+00] [248.2 MB] [net ] CNetwork::UpdateTick() stall detected, socket manager poll waitTime=65, actionsTime=0
[2014-07-16T10:31:27:526+00] [248.2 MB] [net ] CNetwork::UpdateTick() stall detected, socket manager poll waitTime=65, actionsTime=0
[2014-07-16T10:31:27:527+00] [248.2 MB] [net ] CNetwork::UpdateTick() stall detected, socket manager poll waitTime=65, actionsTime=0
[2014-07-16T10:31:27:528+00] [248.2 MB] [net ] CNetwork::UpdateTick() stall detected, socket manager poll waitTime=71, actionsTime=0
[2014-07-16T10:31:27:529+00] [248.2 MB] [net ] CNetwork::UpdateTick() stall detected, socket manager poll waitTime=65, actionsTime=0
[2014-07-16T10:31:27:531+00] [248.2 MB] [net ] CNetwork::UpdateTick() stall detected, socket manager poll waitTime=65, actionsTime=0
[2014-07-16T10:31:27:533+00] [248.2 MB] [net ] CNetwork::UpdateTick() stall detected, socket manager poll waitTime=65, actionsTime=0
[2014-07-16T10:31:27:534+00] [248.2 MB] [net ] CNetwork::UpdateTick() stall detected, socket manager poll waitTime=65, actionsTime=0
[2014-07-16T10:31:27:535+00] [248.2 MB] [net ] CNetwork::UpdateTick() stall detected, socket manager poll waitTime=65, actionsTime=0
[2014-07-16T10:31:27:536+00] [248.2 MB] [net ] CNetwork::UpdateTick() stall detected, socket manager poll waitTime=65, actionsTime=0
[2014-07-16T10:31:27:537+00] [248.2 MB] CLobbySystem::PartyMembersCallback numMembers 0
[2014-07-16T10:31:27:538+00] [248.2 MB] [net ] [Lobby] Stats EndTask 0 (0) Result 0
[2014-07-16T10:31:27:539+00] [248.2 MB] [net ] CNetwork::SyncWithGame() took a long time [224], lock=[0], normal=[223], lobby=[1], gotLobbyLock=true
[2014-07-16T10:31:27:550+00] [248.7 MB] [net ] CNetwork::UpdateTick() stall detected, socket manager poll waitTime=65, actionsTime=0
[2014-07-16T10:31:27:553+00] [248.7 MB] Start playing Video: /Localized/Video/Rating.usm
[2014-07-16T10:31:27:581+00] [249.1 MB] *** Init system render resources ***
[2014-07-16T10:31:27:648+00] [273.9 MB] [net ] CNetwork::UpdateTick() stall detected, socket manager poll waitTime=65, actionsTime=0
[2014-07-16T10:31:27:788+00] [273.6 MB] Stop playing video: /Localized/Video/Rating.usm
[2014-07-16T10:31:27:791+00] [273.5 MB] [SOUND] 402CF8A0->Blocking/CMusicSystem::GetTheme()
[2014-07-16T10:31:27:804+00] [275.7 MB] CUIPreloader::Preload() area: 1
[2014-07-16T10:31:27:808+00] [275.7 MB] [Error] Assertion failed in game code 'm_preloadedTextures.size() == iNumPreloadGroups' HUD\FlashPreloader.cpp:112
[2014-07-16T10:31:27:821+00] [275.7 MB]                	931206E0
[2014-07-16T10:31:27:824+00] [275.7 MB]                	962B454C
[2014-07-16T10:31:27:828+00] [275.7 MB]                	960E2F78
[2014-07-16T10:31:27:846+00] [275.7 MB]                	960E30B0
[2014-07-16T10:31:27:850+00] [275.7 MB]                	961155E4
[2014-07-16T10:31:27:854+00] [275.7 MB]                	961163D4
[2014-07-16T10:31:27:858+00] [275.7 MB]                	964BC10C
[2014-07-16T10:31:27:862+00] [275.7 MB]                	964C4098
[2014-07-16T10:31:27:866+00] [275.7 MB]                	964C42CC
[2014-07-16T10:31:27:870+00] [275.7 MB]                	964C46E0
[2014-07-16T10:31:27:874+00] [275.7 MB]                	964E5CF0
[2014-07-16T10:31:27:878+00] [275.7 MB]                	964E6048
[2014-07-16T10:31:27:882+00] [275.7 MB]                	964E6324
[2014-07-16T10:31:27:886+00] [275.7 MB]                	964C4638
[2014-07-16T10:31:27:890+00] [275.7 MB]                	964BB39C
[2014-07-16T10:31:27:894+00] [275.7 MB]                	843327CC
[2014-07-16T10:31:27:898+00] [275.7 MB]                	962BEF14
[2014-07-16T10:31:27:900+00] [275.7 MB]                	965EA9DC
[2014-07-16T10:31:27:902+00] [275.7 MB]                	965EAC00
[2014-07-16T10:31:27:903+00] [275.7 MB]                	820124A4
[2014-07-16T10:31:27:904+00] [275.7 MB]                	82012578
[2014-07-16T10:31:27:905+00] [275.7 MB]                	82013408
[2014-07-16T10:31:27:906+00] [275.7 MB]                	800A1924
[2014-07-16T10:31:27:907+00] [275.7 MB]                	8009BA1C
[2014-07-16T10:31:27:922+00] [275.7 MB] Preload FlashTex libs/icons/360/buttons_a.tif
[2014-07-16T10:31:27:931+00] [275.7 MB] Preload FlashTex libs/icons/360/buttons_b.tif
[2014-07-16T10:31:27:932+00] [275.7 MB] Preload FlashTex libs/icons/360/buttons_x.tif
[2014-07-16T10:31:27:935+00] [275.7 MB] Preload FlashTex libs/icons/360/buttons_y.tif
[2014-07-16T10:31:27:936+00] [275.7 MB] Preload FlashTex libs/icons/360/buttons_rb.tif
[2014-07-16T10:31:27:939+00] [275.7 MB] Preload FlashTex libs/icons/360/buttons_lb.tif
[2014-07-16T10:31:27:941+00] [275.7 MB] Preload FlashTex libs/icons/360/buttons_rt.tif
[2014-07-16T10:31:27:943+00] [275.7 MB] Preload FlashTex libs/icons/360/buttons_lt.tif
[2014-07-16T10:31:27:944+00] [275.7 MB] Preload FlashTex libs/icons/360/buttons_dpad_up.tif
[2014-07-16T10:31:27:947+00] [275.7 MB] Preload FlashTex libs/icons/360/buttons_dpad_left.tif
[2014-07-16T10:31:27:949+00] [275.7 MB] Preload FlashTex libs/icons/360/buttons_ls.tif
[2014-07-16T10:31:27:950+00] [275.7 MB] Preload FlashTex libs/icons/360/buttons_rs.tif
[2014-07-16T10:31:27:952+00] [275.7 MB] Preload FlashTex libs/icons/360/buttons_l_left_right.tif
[2014-07-16T10:31:27:954+00] [275.7 MB] Preload FlashTex libs/icons/360/buttons_l_up_down.tif
[2014-07-16T10:31:27:956+00] [275.7 MB] Preload FlashTex libs/icons/360/buttons_r_left_right.tif
[2014-07-16T10:31:27:958+00] [275.7 MB] Preload FlashTex libs/icons/360/buttons_r_up_down.tif
[2014-07-16T10:31:27:959+00] [275.7 MB] Preload FlashTex libs/icons/360/buttons_l.tif
[2014-07-16T10:31:27:961+00] [275.7 MB] Preload FlashTex libs/icons/360/buttons_r.tif
[2014-07-16T10:31:27:963+00] [275.7 MB] Preload FlashTex libs/icons/360/buttons_start.tif
[2014-07-16T10:31:27:964+00] [275.7 MB] Preload FlashTex libs/icons/360/buttons_back.tif
[2014-07-16T10:31:27:966+00] [275.7 MB] Preload GFX Libs/UI/Controls/tooltip.gfx
[2014-07-16T10:31:27:967+00] [275.7 MB] Preload GFX Libs/UI/Controls/container.gfx
[2014-07-16T10:31:27:972+00] [275.7 MB] Preload GFX Libs/UI/Controls/buttonLabel.gfx
[2014-07-16T10:31:27:973+00] [275.7 MB] Preload GFX Libs/UI/Controls/buttonLabelLabel.gfx
[2014-07-16T10:31:27:974+00] [275.7 MB] Preload GFX Libs/UI/Controls/buttonLabelTypes.gfx
[2014-07-16T10:31:27:978+00] [275.7 MB] Preload GFX Libs/UI/Controls/asynchroneFeedback.gfx
[2014-07-16T10:31:27:979+00] [275.7 MB] Preload GFX Libs/UI/Controls/LabelDescriptionHUD.gfx
[2014-07-16T10:31:27:987+00] [275.7 MB] Preload GFX Libs/UI/LargeContainer.gfx
[2014-07-16T10:31:27:990+00] [275.7 MB] Preload GFX Libs/UI/Buttons.gfx
[2014-07-16T10:31:27:991+00] [275.7 MB] Preload GFX Libs/UI/Controls/GameLogoAnimated.gfx
[2014-07-16T10:31:27:992+00] [275.7 MB] Preload GFX Libs/UI/Controls/ButtonImage_NaviBar_a.gfx
[2014-07-16T10:31:27:993+00] [275.7 MB] Preload GFX Libs/UI/Controls/ButtonImage_NaviBar_b.gfx
[2014-07-16T10:31:27:994+00] [275.7 MB] Preload GFX Libs/UI/Controls/ButtonImage_NaviBar_c.gfx
[2014-07-16T10:31:27:995+00] [275.7 MB] Preload GFX Libs/UI/Controls/ChatArea.gfx
[2014-07-16T10:31:27:996+00] [275.7 MB] Preload GFX Libs/UI/Controls/LabelDescription.gfx
[2014-07-16T10:31:27:997+00] [275.7 MB] Preload GFX Libs/UI/Controls/ButtonImage_Text_a.gfx
[2014-07-16T10:31:27:999+00] [275.7 MB] Preload GFX Libs/UI/Controls/ButtonImage_Text_b.gfx
[2014-07-16T10:31:28:000+00] [275.7 MB] Preload GFX Libs/UI/Controls/ButtonImage_Text_c.gfx
[2014-07-16T10:31:28:001+00] [275.7 MB] Preload GFX Libs/UI/Controls/ButtonBitmap.gfx
[2014-07-16T10:31:28:652+00] [278.7 MB] [Warning] Localized string for Label <@message_please_wait> not found
[2014-07-16T10:31:28:664+00] [278.7 MB] CScreenManager::ResetCursorPosition() Calling OnResetCursor() on AsyncOperationMessage
[2014-07-16T10:31:28:666+00] [278.7 MB] [ScreenManager] [10:31:28] Open screen: 'async_operation_message' opened in 418 ms time, frame 6
[2014-07-16T10:31:28:676+00] [279.1 MB] CScreenManager::ResetCursorPosition() Calling OnResetCursor() on demo_overlay
[2014-07-16T10:31:28:677+00] [279.1 MB] [ScreenManager] [10:31:28] Open screen: 'demo_overlay' opened in 9 ms time, frame 6
[2014-07-16T10:31:28:734+00] [279.5 MB] Loading Localization File Languages/text_360_minimal.xml
[2014-07-16T10:31:28:740+00] [279.5 MB] CLobbySystem::Reset()
[2014-07-16T10:31:28:741+00] [279.5 MB] [Warning] CGameOptions::LoadControllerLayoutFile: Failed to find preloaded controller layout for key: buttonlayout_default
[2014-07-16T10:31:28:742+00] [279.5 MB] [Warning] CGameOptions::SetControllerLayouts: Failed to load controller layout: buttonlayout_default
[2014-07-16T10:31:28:743+00] [279.5 MB] [FrontendTelemetry] SetXLSPConnectionStatus 0 -> 0
[2014-07-16T10:31:28:823+00] [280.8 MB] [Error] <Flash> Error: Can't find method '_level0.set_size' to invoke. [libs/ui/controls/savespinner.gfx]
[2014-07-16T10:31:28:824+00] [280.8 MB] [Error] <Flash> Error: Can't find method '_level0.set_font_scale' to invoke. [libs/ui/controls/savespinner.gfx]
[2014-07-16T10:31:28:825+00] [280.8 MB] [Error] <Flash> Error: Can't find method '_level0.enable' to invoke. [libs/ui/controls/savespinner.gfx]
[2014-07-16T10:31:28:885+00] [281.4 MB] [Error] <Flash> Error: Can't find method '_level0.set_size' to invoke. [libs/ui/controls/savespinner.gfx]
[2014-07-16T10:31:28:895+00] [281.4 MB] CScreenManager::ResetCursorPosition() Calling OnResetCursor() on start_screen
[2014-07-16T10:31:28:896+00] [281.4 MB] [ScreenManager] [10:31:28] Open screen: 'start_screen' opened in 151 ms time, frame 6
[2014-07-16T10:31:28:899+00] [275.7 MB] CFlash::Preload cached libs/ui/controls/tooltip.gfx bootstrapper 40BACE70
[2014-07-16T10:31:28:900+00] [275.7 MB] CFlash::Preload cached libs/ui/controls/container.gfx bootstrapper 40BACE10
[2014-07-16T10:31:28:901+00] [276.2 MB] CFlash::Preload cached libs/ui/controls/buttonlabel.gfx bootstrapper 40BACDC8
[2014-07-16T10:31:28:903+00] [276.2 MB] [Error] <Flash> Error: GFxLoader failed to open 'libs/ui/controls/buttonlabellabel.gfx' [libs/ui/controls/buttonlabellabel.gfx]
[2014-07-16T10:31:28:904+00] [276.2 MB] [Error] <Flash> GFxLoader failed to open "libs/ui/controls/buttonlabellabel.gfx" [libs/ui/controls/buttonlabellabel.gfx]
[2014-07-16T10:31:28:905+00] [276.2 MB] CFlash::Preload cached libs/ui/controls/buttonlabellabel.gfx bootstrapper 40BB1218
[2014-07-16T10:31:28:906+00] [276.2 MB] [Error] <Flash> Error: GFxLoader failed to open 'libs/ui/controls/buttonlabeltypes.gfx' [libs/ui/controls/buttonlabeltypes.gfx]
[2014-07-16T10:31:28:907+00] [276.2 MB] [Error] <Flash> GFxLoader failed to open "libs/ui/controls/buttonlabeltypes.gfx" [libs/ui/controls/buttonlabeltypes.gfx]
[2014-07-16T10:31:28:908+00] [276.2 MB] CFlash::Preload cached libs/ui/controls/buttonlabeltypes.gfx bootstrapper 40BB1200
[2014-07-16T10:31:28:909+00] [276.3 MB] CFlash::Preload cached libs/ui/controls/asynchronefeedback.gfx bootstrapper 40BB12C0
[2014-07-16T10:31:28:910+00] [276.5 MB] CFlash::Preload cached libs/ui/controls/labeldescriptionhud.gfx bootstrapper 40BB1230
[2014-07-16T10:31:28:912+00] [276.5 MB] CFlash::Preload cached libs/ui/largecontainer.gfx bootstrapper 40BB1020
[2014-07-16T10:31:28:913+00] [276.7 MB] CFlash::Preload cached libs/ui/buttons.gfx bootstrapper 40BB1080
[2014-07-16T10:31:28:915+00] [276.7 MB] CFlash::Preload cached libs/ui/controls/gamelogoanimated.gfx bootstrapper 40BB1038
[2014-07-16T10:31:28:916+00] [276.7 MB] CFlash::Preload cached libs/ui/controls/buttonimage_navibar_a.gfx bootstrapper 40BC2FF0
[2014-07-16T10:31:28:917+00] [276.9 MB] CFlash::Preload cached libs/ui/controls/buttonimage_navibar_b.gfx bootstrapper 40BC2FD8
[2014-07-16T10:31:28:918+00] [276.9 MB] CFlash::Preload cached libs/ui/controls/buttonimage_navibar_c.gfx bootstrapper 40BC2FC0
[2014-07-16T10:31:28:919+00] [277.0 MB] CFlash::Preload cached libs/ui/controls/chatarea.gfx bootstrapper 40BC2FA8
[2014-07-16T10:31:28:920+00] [277.0 MB] CFlash::Preload cached libs/ui/controls/labeldescription.gfx bootstrapper 40BC2F90
[2014-07-16T10:31:28:921+00] [277.1 MB] CFlash::Preload cached libs/ui/controls/buttonimage_text_a.gfx bootstrapper 40BC2F78
[2014-07-16T10:31:28:922+00] [277.2 MB] CFlash::Preload cached libs/ui/controls/buttonimage_text_b.gfx bootstrapper 40BC2F60
[2014-07-16T10:31:28:923+00] [277.2 MB] CFlash::Preload cached libs/ui/controls/buttonimage_text_c.gfx bootstrapper 40BC2F48
[2014-07-16T10:31:28:924+00] [277.4 MB] CFlash::Preload cached libs/ui/controls/buttonbitmap.gfx bootstrapper 40BC2F30
[2014-07-16T10:31:28:925+00] [277.5 MB] CFlash::Preload cached libs/ui/360/controls/labeldescription.gfx bootstrapper 40BC2F18
[2014-07-16T10:31:28:926+00] [277.5 MB] CFlash::Preload cached libs/ui/controls/button_label_simple.gfx bootstrapper 40BC2F00
[2014-07-16T10:31:28:927+00] [277.6 MB] CFlash::Preload cached libs/ui/controls/messageboxbackground.gfx bootstrapper 40BC2EE8
[2014-07-16T10:31:28:929+00] [277.6 MB] CFlash::Preload cached libs/ui/controls/savespinner.gfx bootstrapper 40BC2ED0
[2014-07-16T10:31:28:931+00] [277.6 MB] CFlash::Preload cached libs/ui/360/controls/asynchronefeedback.gfx bootstrapper 40BC2EB8
[2014-07-16T10:31:28:932+00] [277.6 MB] CFlash::Preload cached libs/ui/controls/image.gfx bootstrapper 40BC2EA0
[2014-07-16T10:31:28:933+00] [277.6 MB] CFlash::Preload cached libs/ui/360/controls/languageselect.gfx bootstrapper 40BC2E88
[2014-07-16T10:31:28:934+00] [278.0 MB] CFlash::Preload cached libs/ui/360/controls/buttonlabel.gfx bootstrapper 40BC2E70
[2014-07-16T10:31:28:936+00] [278.0 MB] CFlash::Preload cached libs/ui/360/controls/buttonlabel_b.gfx bootstrapper 40BC2E58
[2014-07-16T10:31:28:937+00] [278.1 MB] CFlash::Preload cached libs/ui/360/controls/checkbox.gfx bootstrapper 40BC2E40
[2014-07-16T10:31:28:938+00] [278.1 MB] CFlash::Preload cached libs/ui/360/controls/labelhtml.gfx bootstrapper 40BC2E28
[2014-07-16T10:31:28:939+00] [278.1 MB] CFlash::Preload cached libs/ui/controls/label_simple.gfx bootstrapper 40BC2E10
[2014-07-16T10:31:28:940+00] [278.2 MB] CFlash::Preload cached libs/ui/360/controls/progressbarclassicdownload.gfx bootstrapper 40BC2DF8
[2014-07-16T10:31:28:941+00] [278.2 MB] CFlash::Preload cached libs/ui/360/controls/labelhtmlcondensed.gfx bootstrapper 40BC2DE0
[2014-07-16T10:31:28:942+00] [278.4 MB] CFlash::Preload cached libs/ui/360/controls/datagridrealmselect.gfx bootstrapper 40BC2DC8
[2014-07-16T10:31:28:942+00] [278.4 MB] CFlash::Preload cached libs/ui/360/controls/demooverlay.gfx bootstrapper 40BC2DB0
[2014-07-16T10:31:28:943+00] [278.5 MB] CFlash::Preload cached libs/ui/controls/loadingspinner.gfx bootstrapper 40BC2D98
[2014-07-16T10:31:28:944+00] [278.5 MB] CFlash::Preload cached libs/ui/controls/labeldescsimple.gfx bootstrapper 40BC2D80
[2014-07-16T10:31:28:945+00] [278.6 MB] CFlash::Preload cached libs/ui/controls/progressbarclassic.gfx bootstrapper 40BC2D68
[2014-07-16T10:31:28:947+00] [281.6 MB] [net ] CNetwork::UpdateTick() stall detected, socket manager poll waitTime=66, actionsTime=0
[2014-07-16T10:31:28:948+00] [281.6 MB] [net ] CNetwork::UpdateTick() stall detected, socket manager poll waitTime=65, actionsTime=0
[2014-07-16T10:31:28:949+00] [281.6 MB] [net ] CNetwork::UpdateTick() stall detected, socket manager poll waitTime=65, actionsTime=0
[2014-07-16T10:31:28:950+00] [281.6 MB] [net ] CNetwork::UpdateTick() stall detected, socket manager poll waitTime=65, actionsTime=0
[2014-07-16T10:31:28:952+00] [281.6 MB] [net ] CNetwork::UpdateTick() stall detected, socket manager poll waitTime=65, actionsTime=0
[2014-07-16T10:31:28:953+00] [281.6 MB] [net ] CNetwork::UpdateTick() stall detected, socket manager poll waitTime=65, actionsTime=0
[2014-07-16T10:31:28:954+00] [281.6 MB] [net ] CNetwork::UpdateTick() stall detected, socket manager poll waitTime=65, actionsTime=0
[2014-07-16T10:31:28:955+00] [281.6 MB] [net ] CNetwork::UpdateTick() stall detected, socket manager poll waitTime=65, actionsTime=0
[2014-07-16T10:31:28:956+00] [281.6 MB] [net ] CNetwork::UpdateTick() stall detected, socket manager poll waitTime=65, actionsTime=0
[2014-07-16T10:31:28:958+00] [281.6 MB] [net ] CNetwork::UpdateTick() stall detected, socket manager poll waitTime=65, actionsTime=0
[2014-07-16T10:31:28:959+00] [281.6 MB] [net ] CNetwork::UpdateTick() stall detected, socket manager poll waitTime=75, actionsTime=0
[2014-07-16T10:31:28:959+00] [281.6 MB] [net ] CNetwork::UpdateTick() stall detected, socket manager poll waitTime=66, actionsTime=0
[2014-07-16T10:31:28:960+00] [281.6 MB] [net ] CNetwork::UpdateTick() stall detected, socket manager poll waitTime=66, actionsTime=0
[2014-07-16T10:31:28:961+00] [281.6 MB] [net ] CNetwork::UpdateTick() stall detected, socket manager poll waitTime=64, actionsTime=0
[2014-07-16T10:31:28:962+00] [281.6 MB] [net ] CNetwork::UpdateTick() stall detected, socket manager poll waitTime=65, actionsTime=0
[2014-07-16T10:31:28:963+00] [281.6 MB] [net ] CNetwork::UpdateTick() stall detected, socket manager poll waitTime=66, actionsTime=0
[2014-07-16T10:31:28:964+00] [281.6 MB] [net ] CNetwork::UpdateTick() stall detected, socket manager poll waitTime=65, actionsTime=0
[2014-07-16T10:31:28:973+00] [281.7 MB] <Sound> Sound-FmodEx-AudioDevice Thread created: FMOD file thread (-134216372) 
[2014-07-16T10:31:34:546+00] [282.9 MB] [net ] [Lobby] Live Initialise error 0
[2014-07-16T10:31:34:547+00] [282.9 MB] [Lobby] Initialise service 1 error 0
[2014-07-16T10:31:34:548+00] [282.9 MB] CLobbySystem::SetState() state changing 0 -> 1
[2014-07-16T10:31:34:550+00] [282.9 MB] CLobbySystem::SetState() state changing 1 -> 3
[2014-07-16T10:31:34:571+00] [282.9 MB] CLobbySystem::SetState() state changing 3 -> 4
[2014-07-16T10:31:34:758+00] [282.9 MB] CLobbySystem::SetState() state changing 4 -> 5
[2014-07-16T10:31:34:874+00] [282.9 MB] [IMemoryFileSystem] Dumping files - FindFirst
[2014-07-16T10:31:34:975+00] [282.9 MB] [CXenonFile] "~~xenon~filemap~~" (cry0:\~~xenon~filemap~~) opened for read
[2014-07-16T10:31:34:990+00] [282.9 MB] [CPlatformOS_Xenon] Mounted new save on DeviceID 1
[2014-07-16T10:31:34:991+00] [282.9 MB] [CSaveWriter_Memory:0] Formatted
[2014-07-16T10:31:34:992+00] [282.9 MB] [IMemoryFileSystem] Dumping files - FindFirst
[2014-07-16T10:31:35:041+00] [282.9 MB] [CXenonFile] "%USER%\Profiles\profile.xml" (cry0:\profile.xml) opened for read
[2014-07-16T10:31:35:042+00] [282.9 MB] [IMemoryFileSystem] Dumping files - before save
[2014-07-16T10:31:35:043+00] [283.0 MB] [CSaveWriter_Memory:0] "%USER%\Profiles\profile.xml" opened for write
[2014-07-16T10:31:35:044+00] [283.0 MB] [IMemoryFileSystem] Dumping files - after save
[2014-07-16T10:31:35:045+00] [283.0 MB] [0] %USER%/Profiles/profile.xml, Dirty
[2014-07-16T10:31:35:047+00] [283.0 MB] [CXenonFile] "%USER%\Profiles\QueryCache\items.xml" (cry0:\items.xml) opened for read
[2014-07-16T10:31:35:048+00] [283.0 MB] [IMemoryFileSystem] Dumping files - before save
[2014-07-16T10:31:35:049+00] [283.0 MB] [0] %USER%/Profiles/profile.xml, Dirty
[2014-07-16T10:31:35:050+00] [283.1 MB] [CSaveWriter_Memory:0] "%USER%\Profiles\QueryCache\items.xml" opened for write
[2014-07-16T10:31:35:051+00] [283.1 MB] [IMemoryFileSystem] Dumping files - after save
[2014-07-16T10:31:35:052+00] [283.1 MB] [0] %USER%/Profiles/profile.xml, Dirty
[2014-07-16T10:31:35:053+00] [283.1 MB] [0] %USER%/Profiles/QueryCache/items.xml, Dirty
[2014-07-16T10:31:35:059+00] [283.1 MB] [CXenonFile] "%USER%\Profiles\QueryCache\persistent_settings_get.xml" (cry0:\persistent_settings_get.xml) opened for read
[2014-07-16T10:31:35:061+00] [283.1 MB] [IMemoryFileSystem] Dumping files - before save
[2014-07-16T10:31:35:061+00] [283.1 MB] [0] %USER%/Profiles/profile.xml, Dirty
[2014-07-16T10:31:35:062+00] [283.1 MB] [0] %USER%/Profiles/QueryCache/items.xml, Dirty
[2014-07-16T10:31:35:064+00] [283.1 MB] [CSaveWriter_Memory:0] "%USER%\Profiles\QueryCache\persistent_settings_get.xml" opened for write
[2014-07-16T10:31:35:064+00] [283.1 MB] [IMemoryFileSystem] Dumping files - after save
[2014-07-16T10:31:35:066+00] [283.1 MB] [0] %USER%/Profiles/profile.xml, Dirty
[2014-07-16T10:31:35:067+00] [283.1 MB] [0] %USER%/Profiles/QueryCache/items.xml, Dirty
[2014-07-16T10:31:35:068+00] [283.1 MB] [0] %USER%/Profiles/QueryCache/persistent_settings_get.xml, Dirty
[2014-07-16T10:31:35:069+00] [283.1 MB] [CXenonFile] "%USER%\Profiles\QueryCache\shop_get_offers.xml" (cry0:\shop_get_offers.xml) opened for read
[2014-07-16T10:31:35:070+00] [283.1 MB] [IMemoryFileSystem] Dumping files - before save
[2014-07-16T10:31:35:071+00] [283.1 MB] [0] %USER%/Profiles/profile.xml, Dirty
[2014-07-16T10:31:35:072+00] [283.1 MB] [0] %USER%/Profiles/QueryCache/items.xml, Dirty
[2014-07-16T10:31:35:073+00] [283.1 MB] [0] %USER%/Profiles/QueryCache/persistent_settings_get.xml, Dirty
[2014-07-16T10:31:35:075+00] [283.2 MB] [CSaveWriter_Memory:0] "%USER%\Profiles\QueryCache\shop_get_offers.xml" opened for write
[2014-07-16T10:31:35:076+00] [283.2 MB] [IMemoryFileSystem] Dumping files - after save
[2014-07-16T10:31:35:077+00] [283.2 MB] [0] %USER%/Profiles/profile.xml, Dirty
[2014-07-16T10:31:35:079+00] [283.2 MB] [0] %USER%/Profiles/QueryCache/items.xml, Dirty
[2014-07-16T10:31:35:079+00] [283.2 MB] [0] %USER%/Profiles/QueryCache/persistent_settings_get.xml, Dirty
[2014-07-16T10:31:35:080+00] [283.2 MB] [0] %USER%/Profiles/QueryCache/shop_get_offers.xml, Dirty
[2014-07-16T10:31:35:089+00] [283.3 MB] [CXenonFile] "%USER%\Profiles\QueryCache\RandomBox.xml" (cry0:\RandomBox.xml) opened for read
[2014-07-16T10:31:35:091+00] [283.3 MB] [IMemoryFileSystem] Dumping files - before save
[2014-07-16T10:31:35:092+00] [283.3 MB] [0] %USER%/Profiles/profile.xml, Dirty
[2014-07-16T10:31:35:093+00] [283.3 MB] [0] %USER%/Profiles/QueryCache/items.xml, Dirty
[2014-07-16T10:31:35:094+00] [283.3 MB] [0] %USER%/Profiles/QueryCache/persistent_settings_get.xml, Dirty
[2014-07-16T10:31:35:095+00] [283.3 MB] [0] %USER%/Profiles/QueryCache/shop_get_offers.xml, Dirty
[2014-07-16T10:31:35:096+00] [283.3 MB] [CSaveWriter_Memory:0] "%USER%\Profiles\QueryCache\RandomBox.xml" opened for write
[2014-07-16T10:31:35:097+00] [283.3 MB] [IMemoryFileSystem] Dumping files - after save
[2014-07-16T10:31:35:098+00] [283.3 MB] [0] %USER%/Profiles/profile.xml, Dirty
[2014-07-16T10:31:35:099+00] [283.3 MB] [0] %USER%/Profiles/QueryCache/items.xml, Dirty
[2014-07-16T10:31:35:100+00] [283.3 MB] [0] %USER%/Profiles/QueryCache/persistent_settings_get.xml, Dirty
[2014-07-16T10:31:35:101+00] [283.3 MB] [0] %USER%/Profiles/QueryCache/shop_get_offers.xml, Dirty
[2014-07-16T10:31:35:103+00] [283.3 MB] [0] %USER%/Profiles/QueryCache/RandomBox.xml, Dirty
[2014-07-16T10:31:35:106+00] [283.3 MB] [CPlatformOS_Xenon::DirtyAllFiles] Cleaning all files for user 0
[2014-07-16T10:31:35:108+00] [283.3 MB] [CPlatformOS_Xenon::NotifyMountedStorage] Mounted file system for user 0
[2014-07-16T10:31:35:109+00] [283.3 MB] [Warning] [PlayerProfiles] Logout of user '' failed [was not logged in]
[2014-07-16T10:31:35:110+00] [283.3 MB] LoginUser::UserIsSignedIn 1
[2014-07-16T10:31:35:111+00] [283.3 MB] [PlayerProfiles] Login of user 'Xeae853fc6IDIGQ' successful.
[2014-07-16T10:31:35:112+00] [283.3 MB] [PlayerProfiles] Found 1 profiles.
[2014-07-16T10:31:35:113+00] [283.3 MB]    Profile 0 : 'Xeae853fc6IDIGQ'
[2014-07-16T10:31:35:114+00] [283.3 MB] [CSaveReader_Memory:0] "%USER%/Profiles/profile.xml" opened for read
[2014-07-16T10:31:35:116+00] [283.3 MB] [GameProfiles]: Successfully activated profile 'Xeae853fc6IDIGQ' for user 'Xeae853fc6IDIGQ'
[2014-07-16T10:31:35:138+00] [283.3 MB] username Xeae853fc6IDIGQ signedIn 1 userIndex 0
[2014-07-16T10:31:35:139+00] [283.3 MB] ActivateProfile profileName Xeae853fc6IDIGQ
[2014-07-16T10:31:35:140+00] [283.3 MB] [Warning] CGameOptions::LoadControllerLayoutFile: Failed to find preloaded controller layout for key: buttonlayout_default
[2014-07-16T10:31:35:141+00] [283.3 MB] [Warning] CGameOptions::SetControllerLayouts: Failed to load controller layout: buttonlayout_default
[2014-07-16T10:31:35:156+00] [283.3 MB] [CPlatformOS_Xenon::NotifyMountedStorage] Mounted file system for user 0
[2014-07-16T10:31:35:158+00] [283.3 MB] LoginUser::UserIsSignedIn 1
[2014-07-16T10:31:35:159+00] [283.3 MB] [PlayerProfiles] Login of user 'Xeae853fc6IDIGQ' successful.
[2014-07-16T10:31:35:160+00] [283.3 MB] [PlayerProfiles] Found 1 profiles.
[2014-07-16T10:31:35:161+00] [283.3 MB]    Profile 0 : 'Xeae853fc6IDIGQ'
[2014-07-16T10:31:35:162+00] [283.3 MB] [CSaveReader_Memory:0] "%USER%/Profiles/profile.xml" opened for read
[2014-07-16T10:31:35:163+00] [283.3 MB] [GameProfiles]: Successfully activated profile 'Xeae853fc6IDIGQ' for user 'Xeae853fc6IDIGQ'
[2014-07-16T10:31:35:165+00] [283.3 MB] username Xeae853fc6IDIGQ signedIn 1 userIndex 0
[2014-07-16T10:31:35:166+00] [283.3 MB] ActivateProfile profileName Xeae853fc6IDIGQ
[2014-07-16T10:31:35:168+00] [283.3 MB] [Warning] CGameOptions::LoadControllerLayoutFile: Failed to find preloaded controller layout for key: buttonlayout_default
[2014-07-16T10:31:35:169+00] [283.3 MB] [Warning] CGameOptions::SetControllerLayouts: Failed to load controller layout: buttonlayout_default
[2014-07-16T10:31:35:171+00] [283.3 MB] CLobbySystem::SetState() state changing 5 -> 6
[2014-07-16T10:31:35:173+00] [283.3 MB] [net ] CNetwork::UpdateTick() stall detected, socket manager poll waitTime=65, actionsTime=0
[2014-07-16T10:31:35:174+00] [283.3 MB] [net ] CNetwork::UpdateTick() stall detected, socket manager poll waitTime=65, actionsTime=0
[2014-07-16T10:31:35:175+00] [283.3 MB] [net ] CNetwork::UpdateTick() stall detected, socket manager poll waitTime=65, actionsTime=0
[2014-07-16T10:31:35:176+00] [283.3 MB] [net ] CNetwork::UpdateTick() stall detected, socket manager poll waitTime=66, actionsTime=0
[2014-07-16T10:31:35:177+00] [283.3 MB] [net ] CNetwork::UpdateTick() stall detected, socket manager poll waitTime=65, actionsTime=0
[2014-07-16T10:31:35:178+00] [283.3 MB] [net ] CNetwork::UpdateTick() stall detected, socket manager poll waitTime=66, actionsTime=0
[2014-07-16T10:31:35:180+00] [283.3 MB] CLobbySystem::SetState() state changing 6 -> 7
[2014-07-16T10:31:35:183+00] [283.3 MB] CLobbySystem::SetState() state changing 7 -> 8
[2014-07-16T10:31:35:949+00] [283.3 MB] CLobbySystem::SetState() state changing 8 -> 9
[2014-07-16T10:31:35:951+00] [283.3 MB] CLobbySystem::SetState() state changing 9 -> 10
[2014-07-16T10:31:36:592+00] [283.3 MB] CLobbySystem::SetState() state changing 10 -> 11
[2014-07-16T10:31:36:593+00] [283.3 MB] CLobbySystem::SetState() state changing 11 -> 13
[2014-07-16T10:31:36:625+00] [283.3 MB] [ScreenManager] [10:31:36] Close screen: 'start_screen', frame 236
[2014-07-16T10:31:36:626+00] [283.3 MB] [ScreenManager] Destroy screen: 'start_screen', frame 236
[2014-07-16T10:31:36:667+00] [282.0 MB] [Error] <Flash> Error: Can't find method '_level0.set_size' to invoke. [libs/ui/controls/savespinner.gfx]
[2014-07-16T10:31:36:669+00] [282.0 MB] [Error] <Flash> Error: Can't find method '_level0.set_font_scale' to invoke. [libs/ui/controls/savespinner.gfx]
[2014-07-16T10:31:36:670+00] [282.0 MB] [Error] <Flash> Error: Can't find method '_level0.enable' to invoke. [libs/ui/controls/savespinner.gfx]
[2014-07-16T10:31:36:747+00] [284.0 MB] [Error] <Flash> Error: Can't find method '_level0.set_size' to invoke. [libs/ui/controls/savespinner.gfx]
[2014-07-16T10:31:36:753+00] [284.0 MB] CScreenManager::ResetCursorPosition() Calling OnResetCursor() on downloading_patch
[2014-07-16T10:31:36:754+00] [284.0 MB] [ScreenManager] [10:31:36] Open screen: 'downloading_patch' opened in 127 ms time, frame 236
[2014-07-16T10:31:36:755+00] [284.0 MB] CLobbySystem::SetState() state changing 13 -> 15
[2014-07-16T10:31:36:758+00] [284.0 MB] [net ] CNetwork::UpdateTick() stall detected, socket manager poll waitTime=65, actionsTime=0
[2014-07-16T10:31:36:759+00] [284.0 MB] [net ] CNetwork::UpdateTick() stall detected, socket manager poll waitTime=66, actionsTime=0
[2014-07-16T10:31:36:761+00] [284.0 MB] CLobbySystem::SetState() state changing 15 -> 16
[2014-07-16T10:31:36:762+00] [284.0 MB] [GSPATCH/Data] Sent
[2014-07-16T10:31:36:763+00] [284.0 MB] [REALMS/Data] Sent
[2014-07-16T10:31:36:764+00] [284.0 MB] [TOS/Date] Sent
[2014-07-16T10:31:36:765+00] [284.0 MB] [OFFERS/Data] Sent
[2014-07-16T10:31:36:767+00] [284.0 MB] [TELEMETRY/Gateway] Sent
[2014-07-16T10:31:40:560+00] [285.2 MB] [TOS/Date] Downloaded!
[2014-07-16T10:31:40:689+00] [285.0 MB] [GSPATCH/Data] Downloaded!
[2014-07-16T10:31:40:690+00] [284.9 MB] [TELEMETRY/Gateway] Downloaded!
[2014-07-16T10:31:40:711+00] [284.9 MB] [FrontendTelemetry] OnCanisDataDownloaded
[2014-07-16T10:31:40:713+00] [284.9 MB] [FrontendTelemetry] SetXLSPConnectionStatus 0 -> 1
[2014-07-16T10:31:40:721+00] [284.9 MB] [XLSP] XEnumerate : 0x000003E5
[2014-07-16T10:31:40:722+00] [284.9 MB] [FrontendTelemetry] SetXLSPConnectionStatus 1 -> 2
[2014-07-16T10:31:40:817+00] [285.6 MB] [REALMS/Data] Downloaded!
[2014-07-16T10:31:40:818+00] [285.5 MB] [OFFERS/Data] Downloaded!
[2014-07-16T10:31:40:821+00] [284.8 MB] CLobbySystem::SelectRealm() selected server 'ukwf360realm11' (ukwf360realm11.intern.crytek.de) on port 8000
[2014-07-16T10:31:40:822+00] [284.8 MB] CLobbySystem::FinishOnlineInitialisation() result:0
[2014-07-16T10:31:40:823+00] [284.8 MB] CLobbySystem::SetState() state changing 16 -> 27
[2014-07-16T10:31:40:849+00] [284.8 MB] CLobbySystem::PartyMembersCallback numMembers 0
[2014-07-16T10:31:41:107+00] [284.8 MB] [XLSP] XEnumerate(Overlapped) : 0x00000000
[2014-07-16T10:31:41:139+00] [284.8 MB] [XLSP] XLSP Server Enumerate : WF-AMS-1 ? WF-Cry-1
[2014-07-16T10:31:41:140+00] [284.8 MB] [XLSP] XLSP Server Enumerate : WF-AMS-2 ? WF-Cry-1
[2014-07-16T10:31:41:142+00] [284.8 MB] [XLSP] XLSP Server Enumerate : WF-Cry-1 ? WF-Cry-1
[2014-07-16T10:31:41:143+00] [284.8 MB] [XLSP] XLSP Server Enumerate : WF-RTW-1 ? WF-Cry-1
[2014-07-16T10:31:41:144+00] [284.8 MB] [XLSP] XLSP Server Enumerate : WF-XX ? WF-Cry-1
[2014-07-16T10:31:41:145+00] [284.8 MB] [XLSP] XLSP Server (1 of 1) : WF-Cry-1 ? WF-Cry-1
[2014-07-16T10:31:41:146+00] [284.8 MB] [XLSP] Secure Address Allocated : 002D1800
[2014-07-16T10:31:41:179+00] [284.8 MB] [XLSP] Connected to secure address : 002D1800
[2014-07-16T10:31:41:180+00] [284.8 MB] [FrontendTelemetry] SetXLSPConnectionStatus 2 -> 3
[2014-07-16T10:31:41:685+00] [284.8 MB] [XLSP]  :V - 002D1800:002D1800
[2014-07-16T10:31:41:686+00] [284.8 MB] [XLSP] secure address still in use
[2014-07-16T10:31:42:199+00] [284.8 MB] [XLSP]  :V - 002D1800:002D1800
[2014-07-16T10:31:42:200+00] [284.8 MB] [XLSP] secure address still in use
[2014-07-16T10:31:42:713+00] [284.8 MB] [XLSP]  :V - 002D1800:002D1800
[2014-07-16T10:31:42:715+00] [284.8 MB] [XLSP] secure address still in use
[2014-07-16T10:31:42:746+00] [284.8 MB] [ScreenManager] [10:31:42] Close screen: 'downloading_patch', frame 424
[2014-07-16T10:31:42:748+00] [284.8 MB] [ScreenManager] Destroy screen: 'downloading_patch', frame 424
[2014-07-16T10:31:42:882+00] [283.8 MB] [ScreenManager] [10:31:42] Open screen: 'realm_select' opened in 133 ms time, frame 424
[2014-07-16T10:31:42:883+00] [283.8 MB] [net ] CNetwork::UpdateTick() stall detected, socket manager poll waitTime=66, actionsTime=0
[2014-07-16T10:31:42:884+00] [283.8 MB] [net ] CNetwork::UpdateTick() stall detected, socket manager poll waitTime=65, actionsTime=0
[2014-07-16T10:31:43:175+00] [284.1 MB] [XLSP]  :V - 002D1800:002D1800
[2014-07-16T10:31:43:176+00] [284.1 MB] [XLSP] secure address still in use
[2014-07-16T10:31:44:753+00] [284.1 MB] CLobbySystem::SelectRealm() selected server 'ukwf360realm11' (ukwf360realm11.intern.crytek.de) on port 8000
[2014-07-16T10:31:44:754+00] [284.1 MB] [ScreenManager] [10:31:44] Close screen: 'realm_select', frame 483
[2014-07-16T10:31:44:782+00] [284.7 MB] [Error] <Flash> Error: Can't find method '_level0.set_size' to invoke. [libs/ui/controls/savespinner.gfx]
[2014-07-16T10:31:44:783+00] [284.7 MB] [Error] <Flash> Error: Can't find method '_level0.set_font_scale' to invoke. [libs/ui/controls/savespinner.gfx]
[2014-07-16T10:31:44:784+00] [284.7 MB] [Error] <Flash> Error: Can't find method '_level0.enable' to invoke. [libs/ui/controls/savespinner.gfx]
[2014-07-16T10:31:44:884+00] [286.8 MB] [Error] <Flash> Error: Can't find method '_level0.set_size' to invoke. [libs/ui/controls/savespinner.gfx]
[2014-07-16T10:31:44:892+00] [286.8 MB] CScreenManager::ResetCursorPosition() Calling OnResetCursor() on downloading_patch
[2014-07-16T10:31:44:893+00] [286.8 MB] [ScreenManager] [10:31:44] Open screen: 'downloading_patch' opened in 137 ms time, frame 483
[2014-07-16T10:31:44:894+00] [286.8 MB] [ScreenManager] Destroy screen: 'realm_select', frame 483
[2014-07-16T10:31:44:913+00] [284.7 MB] [net ] CNetwork::UpdateTick() stall detected, socket manager poll waitTime=66, actionsTime=0
[2014-07-16T10:31:44:914+00] [284.7 MB] [net ] CNetwork::UpdateTick() stall detected, socket manager poll waitTime=65, actionsTime=0
[2014-07-16T10:31:48:522+00] [285.2 MB] [ScreenManager] [10:31:48] Close screen: 'downloading_patch', frame 588
[2014-07-16T10:31:48:523+00] [285.2 MB] [CStatusScreen] SetState 0 -> 1
[2014-07-16T10:31:48:524+00] [285.2 MB] [ScreenManager] Destroy screen: 'downloading_patch', frame 588
[2014-07-16T10:31:48:566+00] [282.7 MB] CScreenManager::ResetCursorPosition() Calling OnResetCursor() on status
[2014-07-16T10:31:48:567+00] [282.7 MB] [ScreenManager] [10:31:48] Open screen: 'status' opened in 42 ms time, frame 588
[2014-07-16T10:31:48:568+00] [282.7 MB] [RSS/DataFeed] Sent
[2014-07-16T10:31:48:569+00] [282.7 MB] [net ] CNetwork::UpdateTick() stall detected, socket manager poll waitTime=70, actionsTime=0
[2014-07-16T10:31:48:570+00] [282.7 MB] [net ] CNetwork::UpdateTick() stall detected, socket manager poll waitTime=65, actionsTime=0
[2014-07-16T10:31:48:571+00] [282.7 MB] [net ] CNetwork::UpdateTick() stall detected, socket manager poll waitTime=65, actionsTime=0
[2014-07-16T10:31:48:572+00] [282.7 MB] [net ] CNetwork::UpdateTick() stall detected, socket manager poll waitTime=65, actionsTime=0
[2014-07-16T10:31:48:573+00] [282.7 MB] [net ] CNetwork::UpdateTick() stall detected, socket manager poll waitTime=65, actionsTime=0
[2014-07-16T10:31:48:575+00] [282.7 MB] [CStatusScreen] SetState 1 -> 2
[2014-07-16T10:31:48:578+00] [282.7 MB] [CStatusScreen] SetState 2 -> 3
[2014-07-16T10:31:48:591+00] [282.7 MB] SendQuery IsOpen
[2014-07-16T10:31:48:592+00] [282.7 MB] [SendQuery]: Querying server...
[2014-07-16T10:31:48:593+00] [282.7 MB] [CStatusScreen] SetState 3 -> 4
[2014-07-16T10:31:49:072+00] [283.2 MB] [XLSP]  :V - 002D1800:002D1800
[2014-07-16T10:31:49:074+00] [283.2 MB] [XLSP] secure address still in use
[2014-07-16T10:31:49:075+00] [283.2 MB] [CStatusScreen] SetState 4 -> 5
[2014-07-16T10:31:49:076+00] [283.2 MB] [XLSP]  :V - 002D1800:002D1800
[2014-07-16T10:31:49:076+00] [283.2 MB] [XLSP] secure address still in use
[2014-07-16T10:31:49:078+00] [283.2 MB] [CStatusScreen] SetState 5 -> 12
[2014-07-16T10:31:49:105+00] [283.2 MB] [XLSP]  :V - 002D1800:002D1800
[2014-07-16T10:31:49:106+00] [283.2 MB] [XLSP] secure address still in use
[2014-07-16T10:31:49:107+00] [283.2 MB] [ScreenManager] [10:31:49] Close screen: 'status', frame 606
[2014-07-16T10:31:49:109+00] [283.2 MB] [SOUND] 402CF8A0->Blocking/CMusicSystem::GetTheme()
[2014-07-16T10:31:49:110+00] [283.2 MB] [SOUND] 402CF8A0->Blocking/CMusicSystem::GetMood()
[2014-07-16T10:31:49:111+00] [283.5 MB] [ScreenManager] Destroy screen: 'status', frame 606
[2014-07-16T10:31:49:138+00] [283.5 MB] CScreenManager::ResetCursorPosition() Calling OnResetCursor() on login
[2014-07-16T10:31:49:139+00] [283.5 MB] [ScreenManager] [10:31:49] Open screen: 'login' opened in 28 ms time, frame 606
[2014-07-16T10:31:49:202+00] [283.5 MB] SendQuery GetQueuePos
[2014-07-16T10:31:49:203+00] [283.5 MB] [SendQuery]: Querying server...
[2014-07-16T10:31:49:652+00] [283.5 MB] HandleError -1
[2014-07-16T10:31:49:684+00] [283.5 MB] [LoginQueue]: Transaction response qpos -1, eta 100s, rerequest 1.000, version [1165152]
[2014-07-16T10:31:49:685+00] [283.5 MB] [XLSP]  :V - 002D1800:002D1800
[2014-07-16T10:31:49:686+00] [283.5 MB] [XLSP] secure address still in use
[2014-07-16T10:31:50:681+00] [283.6 MB] SendQuery GetQueuePos
[2014-07-16T10:31:50:682+00] [283.6 MB] [SendQuery]: Querying server...
[2014-07-16T10:31:51:195+00] [283.6 MB] HandleError 0
[2014-07-16T10:31:51:226+00] [283.6 MB] [LoginQueue]: Transaction response qpos 0, eta 100s, rerequest 0.200, version [1165152]
[2014-07-16T10:31:51:227+00] [283.6 MB] [XLSP]  :V - 002D1800:002D1800
[2014-07-16T10:31:51:228+00] [283.6 MB] [XLSP] secure address still in use
[2014-07-16T10:31:51:230+00] [283.6 MB] [XLSP]  :V - 002D1800:002D1800
[2014-07-16T10:31:51:231+00] [283.6 MB] [XLSP] secure address still in use
[2014-07-16T10:31:51:291+00] [283.9 MB] []: [OnlineAccount] Creating XMPP connection to ukwf360realm11.intern.crytek.de:-1 with '2535285332412694@warface/GameClient' (no TLS)
[2014-07-16T10:31:51:292+00] [283.9 MB] []: [CryOnline] Notice: gloox does not support SRV records on this platform. Using A records instead.
[2014-07-16T10:31:51:293+00] [283.9 MB] []: [CryOnline] Notice: no SRV record found for ukwf360realm11.intern.crytek.de, using default port.
[2014-07-16T10:31:51:317+00] [283.9 MB] []: [OnlineAccount] Created XMPP connection
[2014-07-16T10:31:51:456+00] [284.3 MB] []: [OnlineAccount] XMPP connection established
[2014-07-16T10:31:51:458+00] [284.3 MB] [LoggedInHeartbeat]: Querying server... (idle time 3)
[2014-07-16T10:31:51:486+00] [284.4 MB] []: [OnlineAccount] Account received: user_id=2535285332412694, token=$WF_2535285332412694_20140716113102_pDDbLPKUaAxqvQNJ
[2014-07-16T10:31:51:512+00] [284.4 MB] [COnlineChannel] Setting MasterServer main_pve_1 (pve) as current
[2014-07-16T10:31:51:557+00] [284.4 MB] [COnlineChannel] Confirmed switch to MasterServer main_pve_1 (pve)
[2014-07-16T10:31:51:558+00] [284.4 MB] [Online profile] Loading profile 606
[2014-07-16T10:31:51:559+00] [284.4 MB] [CSaveReader_Memory:0] "%USER%/Profiles/QueryCache/items.xml" opened for read
[2014-07-16T10:31:51:608+00] [284.4 MB] [Warning] Texture for decal Decal001 does not exist
[2014-07-16T10:31:51:609+00] [284.4 MB] [Warning] [CEquipmentSystem]: Server item Decal001 failed to validate
[2014-07-16T10:31:51:610+00] [284.4 MB] [Warning] Texture for decal Decal010 does not exist
[2014-07-16T10:31:51:611+00] [284.4 MB] [Warning] [CEquipmentSystem]: Server item Decal010 failed to validate
[2014-07-16T10:31:51:612+00] [284.4 MB] [Warning] Texture for decal Decal006 does not exist
[2014-07-16T10:31:51:613+00] [284.4 MB] [Warning] [CEquipmentSystem]: Server item Decal006 failed to validate
[2014-07-16T10:31:51:614+00] [284.4 MB] [Warning] Texture for decal Decal009 does not exist
[2014-07-16T10:31:51:615+00] [284.4 MB] [Warning] [CEquipmentSystem]: Server item Decal009 failed to validate
[2014-07-16T10:31:51:616+00] [284.4 MB] [Warning] Texture for decal Decal007 does not exist
[2014-07-16T10:31:51:617+00] [284.4 MB] [Warning] [CEquipmentSystem]: Server item Decal007 failed to validate
[2014-07-16T10:31:51:618+00] [284.4 MB] [Warning] Texture for decal Decal003 does not exist
[2014-07-16T10:31:51:619+00] [284.4 MB] [Warning] [CEquipmentSystem]: Server item Decal003 failed to validate
[2014-07-16T10:31:51:621+00] [284.4 MB] [Warning] Texture for decal Decal008 does not exist
[2014-07-16T10:31:51:622+00] [284.4 MB] [Warning] [CEquipmentSystem]: Server item Decal008 failed to validate
[2014-07-16T10:31:51:624+00] [284.4 MB] [Warning] Texture for decal Decal004 does not exist
[2014-07-16T10:31:51:625+00] [284.4 MB] [Warning] [CEquipmentSystem]: Server item Decal004 failed to validate
[2014-07-16T10:31:51:626+00] [284.4 MB] [Warning] Texture for decal Decal005 does not exist
[2014-07-16T10:31:51:627+00] [284.4 MB] [Warning] [CEquipmentSystem]: Server item Decal005 failed to validate
[2014-07-16T10:31:51:628+00] [284.4 MB] [Warning] Texture for decal Decal002 does not exist
[2014-07-16T10:31:51:629+00] [284.4 MB] [Warning] [CEquipmentSystem]: Server item Decal002 failed to validate
[2014-07-16T10:31:51:631+00] [284.4 MB] [Warning] [CEquipmentSystem]: Content item ss02_camo02 not found for compound item sr14_camo02_shop
[2014-07-16T10:31:51:632+00] [284.4 MB] [Warning] [CEquipmentSystem]: Content item rds05_camo02 not found for compound item shg03_camo02_shop
[2014-07-16T10:31:51:633+00] [284.4 MB] [Warning] [CEquipmentSystem]: Content item ss02_camo02 not found for compound item sr08_camo02_shop
[2014-07-16T10:31:51:635+00] [284.4 MB] [Warning] [CEquipmentSystem]: Content item rds05_camo02 not found for compound item shg10_camo02_shop
[2014-07-16T10:31:51:725+00] [284.2 MB] [Online profile] download items finished
[2014-07-16T10:31:51:727+00] [284.2 MB] [net ] CNetwork::UpdateTick() stall detected, socket manager poll waitTime=65, actionsTime=0
[2014-07-16T10:31:51:877+00] [284.2 MB] [RSS/DataFeed] Downloaded!
[2014-07-16T10:31:51:878+00] [283.6 MB] [LoggedInHeartbeat]: rerequest 200.000
[2014-07-16T10:31:51:879+00] [283.6 MB] [XLSP]  :V - 002D1800:002D1800
[2014-07-16T10:31:51:880+00] [283.6 MB] [XLSP] secure address still in use
[2014-07-16T10:31:51:882+00] [283.6 MB] [warfaces_k6.pak] Sent
[2014-07-16T10:31:52:338+00] [284.3 MB] [COnlineChannel] Confirmed switch to MasterServer main_pve_1 (pve)
[2014-07-16T10:31:52:371+00] [284.3 MB] [Online profile] Profile data successfully loaded
[2014-07-16T10:31:52:372+00] [284.3 MB] [CNotificationConsoleClient] Pending notifications updated succesfully
[2014-07-16T10:31:52:374+00] [284.3 MB] [CSaveReader_Memory:0] "%USER%/Profiles/QueryCache/persistent_settings_get.xml" opened for read
[2014-07-16T10:31:52:412+00] [284.3 MB] [IMemoryFileSystem] Dumping files - before save
[2014-07-16T10:31:52:413+00] [284.3 MB] [0] %USER%/Profiles/profile.xml, Clean
[2014-07-16T10:31:52:414+00] [284.3 MB] [0] %USER%/Profiles/QueryCache/items.xml, Clean
[2014-07-16T10:31:52:416+00] [284.3 MB] [0] %USER%/Profiles/QueryCache/persistent_settings_get.xml, Clean
[2014-07-16T10:31:52:417+00] [284.3 MB] [0] %USER%/Profiles/QueryCache/shop_get_offers.xml, Clean
[2014-07-16T10:31:52:419+00] [284.3 MB] [0] %USER%/Profiles/QueryCache/RandomBox.xml, Clean
[2014-07-16T10:31:52:420+00] [284.3 MB] [CSaveWriter_Memory:0] "%USER%/Profiles/QueryCache/persistent_settings_get.xml" opened for write
[2014-07-16T10:31:52:421+00] [284.3 MB] [IMemoryFileSystem] Dumping files - after save
[2014-07-16T10:31:52:422+00] [284.3 MB] [0] %USER%/Profiles/profile.xml, Clean
[2014-07-16T10:31:52:423+00] [284.3 MB] [0] %USER%/Profiles/QueryCache/items.xml, Clean
[2014-07-16T10:31:52:424+00] [284.3 MB] [0] %USER%/Profiles/QueryCache/persistent_settings_get.xml, Clean
[2014-07-16T10:31:52:425+00] [284.3 MB] [0] %USER%/Profiles/QueryCache/shop_get_offers.xml, Clean
[2014-07-16T10:31:52:425+00] [284.3 MB] [0] %USER%/Profiles/QueryCache/RandomBox.xml, Clean
[2014-07-16T10:31:52:448+00] [284.3 MB] [CSaveReader_Memory:0] "%USER%/Profiles/QueryCache/shop_get_offers.xml" opened for read
[2014-07-16T10:31:52:504+00] [284.3 MB] [CPlatformOS_Xenon::SaveDirtyFiles] Saving dirty files for user 0
[2014-07-16T10:31:52:505+00] [284.3 MB] [CXenonFile] "%USER%/Profiles/QueryCache/persistent_settings_get.xml" (cry0:\persistent_settings_get.xml) opened for write
[2014-07-16T10:31:52:506+00] [284.3 MB] [CXenonFile] "~~xenon~filemap~~" (cry0:\~~xenon~filemap~~) opened for write
[2014-07-16T10:31:52:509+00] [284.3 MB] [IMemoryFileSystem] Dumping files - FindFirst
[2014-07-16T10:31:52:510+00] [284.3 MB] [0] %USER%/Profiles/profile.xml, Clean
[2014-07-16T10:31:52:511+00] [284.3 MB] [0] %USER%/Profiles/QueryCache/items.xml, Clean
[2014-07-16T10:31:52:512+00] [284.3 MB] [0] %USER%/Profiles/QueryCache/persistent_settings_get.xml, Clean
[2014-07-16T10:31:52:513+00] [284.3 MB] [0] %USER%/Profiles/QueryCache/shop_get_offers.xml, Clean
[2014-07-16T10:31:52:514+00] [284.3 MB] [0] %USER%/Profiles/QueryCache/RandomBox.xml, Clean
[2014-07-16T10:31:52:636+00] [284.3 MB] [CSaveReader_Memory:0] "%USER%/Profiles/QueryCache/shop_get_offers.xml" opened for read
[2014-07-16T10:31:52:667+00] [284.1 MB] [Invite] OnMasterServerLoginSucceeded
[2014-07-16T10:31:52:917+00] [284.1 MB] [net ] CNetwork::UpdateTick() stall detected, socket manager poll waitTime=65, actionsTime=0
[2014-07-16T10:31:52:918+00] [284.1 MB] [net ] CNetwork::UpdateTick() stall detected, socket manager poll waitTime=65, actionsTime=0
[2014-07-16T10:31:52:919+00] [284.1 MB] [net ] CNetwork::UpdateTick() stall detected, socket manager poll waitTime=66, actionsTime=0
[2014-07-16T10:31:53:159+00] [284.1 MB] [XLSP]  :V - 002D1800:002D1800
[2014-07-16T10:31:53:160+00] [284.1 MB] [XLSP] secure address still in use
[2014-07-16T10:31:53:161+00] [284.1 MB] [net ] CNetwork::UpdateTick() stall detected, socket manager poll waitTime=64, actionsTime=0
[2014-07-16T10:31:53:162+00] [284.1 MB] [net ] CNetwork::UpdateTick() stall detected, socket manager poll waitTime=66, actionsTime=0
[2014-07-16T10:31:53:163+00] [284.1 MB] [net ] CNetwork::UpdateTick() stall detected, socket manager poll waitTime=66, actionsTime=0
[2014-07-16T10:31:53:255+00] [284.1 MB] [net ] Overlapped Task ID 0 returned XError 0x80070012, CryError 80
[2014-07-16T10:31:53:673+00] [284.1 MB] CFlowchartManager::StartLobby
[2014-07-16T10:31:53:705+00] [284.1 MB] CFlowchartManager::StartLobbyDeffered
[2014-07-16T10:31:53:707+00] [284.1 MB] [CFlowchartManager] Leaving state 'login'
[2014-07-16T10:31:53:708+00] [284.1 MB] [ScreenManager] [10:31:53] Close screen: 'login', frame 2555
[2014-07-16T10:31:53:732+00] [284.5 MB] Loading Localization File Languages/text_360_version.xml
[2014-07-16T10:31:53:734+00]     [284.5 MB] [Warning] [LocError] Localized String 'ui_button_profile' Already Loaded for Language english
[2014-07-16T10:31:53:741+00]     [284.5 MB] [Warning] [LocError] Localized String 'hud_resurect_no_medic' Already Loaded for Language english
[2014-07-16T10:31:53:742+00]     [284.5 MB] [Warning] [LocError] Localized String 'hud_resurect_medic' Already Loaded for Language english
[2014-07-16T10:31:53:789+00] [285.2 MB] Loading Localization File Languages/text_gear_unbranded.xml
[2014-07-16T10:31:53:798+00]     [285.3 MB] [Warning] [LocError] Localized String 'pt01_crown_shop_name' Already Loaded for Language english
[2014-07-16T10:31:53:799+00]     [285.3 MB] [Warning] [LocError] Localized String 'pt07_crown_shop_name' Already Loaded for Language english
[2014-07-16T10:31:53:800+00]     [285.3 MB] [Warning] [LocError] Localized String 'ar20_crown_shop_name' Already Loaded for Language english
[2014-07-16T10:31:53:801+00]     [285.3 MB] [Warning] [LocError] Localized String 'smg03_crown_shop_name' Already Loaded for Language english
[2014-07-16T10:31:53:803+00]     [285.3 MB] [Warning] [LocError] Localized String 'smg12_crown_shop_name' Already Loaded for Language english
[2014-07-16T10:31:53:804+00]     [285.3 MB] [Warning] [LocError] Localized String 'sr04_crown_shop_name' Already Loaded for Language english
[2014-07-16T10:31:53:805+00]     [285.3 MB] [Warning] [LocError] Localized String 'mg01_crown_shop_name' Already Loaded for Language english
[2014-07-16T10:31:53:806+00]     [285.3 MB] [Warning] [LocError] Localized String 'ar06_hlw01_shop_name' Already Loaded for Language english
[2014-07-16T10:31:53:807+00]     [285.3 MB] [Warning] [LocError] Localized String 'pt10_hlw01_shop_name' Already Loaded for Language english
[2014-07-16T10:31:53:808+00]     [285.3 MB] [Warning] [LocError] Localized String 'shg06_hlw01_shop_name' Already Loaded for Language english
[2014-07-16T10:31:53:809+00]     [285.3 MB] [Warning] [LocError] Localized String 'smg07_hlw01_shop_name' Already Loaded for Language english
[2014-07-16T10:31:53:811+00]     [285.3 MB] [Warning] [LocError] Localized String 'ui_weapons_kn42_ww2' Already Loaded for Language english
[2014-07-16T10:31:53:812+00]     [285.3 MB] [Warning] [LocError] Localized String 'pt21_camo01_shop_name' Already Loaded for Language english
[2014-07-16T10:31:53:817+00]     [285.3 MB] [Warning] [LocError] Localized String 'ar20_crown_shop_name' Already Loaded for Language english
[2014-07-16T10:31:53:818+00]     [285.3 MB] [Warning] [LocError] Localized String 'ui_weapons_ar20_crown' Already Loaded for Language english
[2014-07-16T10:31:53:819+00]     [285.3 MB] [Warning] [LocError] Localized String 'ar02_camo02_shop_name' Already Loaded for Language english
[2014-07-16T10:31:53:820+00]     [285.3 MB] [Warning] [LocError] Localized String 'ui_weapons_ar02_camo02' Already Loaded for Language english
[2014-07-16T10:31:53:821+00]     [285.3 MB] [Warning] [LocError] Localized String 'ar06_hlw01_shop_name' Already Loaded for Language english
[2014-07-16T10:31:53:822+00]     [285.3 MB] [Warning] [LocError] Localized String 'ui_weapons_ar06_hlw01' Already Loaded for Language english
[2014-07-16T10:31:53:828+00]     [285.4 MB] [Warning] [LocError] Localized String 'ui_armor_f_soldier_fbs_02' Already Loaded for Language english
[2014-07-16T10:31:53:829+00]     [285.4 MB] [Warning] [LocError] Localized String 'random_box_05_shop_name' Already Loaded for Language english
[2014-07-16T10:31:53:831+00]     [285.4 MB] [Warning] [LocError] Localized String 'smg03Kill_desc' Already Loaded for Language english
[2014-07-16T10:31:53:834+00]     [285.4 MB] [Warning] [LocError] Localized String 'smg21Kill' Already Loaded for Language english
[2014-07-16T10:31:53:836+00]     [285.4 MB] [Warning] [LocError] Localized String 'smg21Kill_desc' Already Loaded for Language english
[2014-07-16T10:31:53:858+00] [284.5 MB] Loading Localization File Languages/ai_dialog_recording_list.xml
[2014-07-16T10:31:53:871+00] [284.5 MB] Loading Localization File Languages/game_controls.xml
[2014-07-16T10:31:53:872+00]     [284.5 MB] [Warning] [LocError] Localized String 'cc_xi_a' Already Loaded for Language english
[2014-07-16T10:31:53:873+00]     [284.5 MB] [Warning] [LocError] Localized String 'cc_xi_b' Already Loaded for Language english
[2014-07-16T10:31:53:874+00]     [284.5 MB] [Warning] [LocError] Localized String 'cc_xi_dpad_up' Already Loaded for Language english
[2014-07-16T10:31:53:875+00]     [284.5 MB] [Warning] [LocError] Localized String 'cc_xi_dpad_down' Already Loaded for Language english
[2014-07-16T10:31:53:876+00]     [284.5 MB] [Warning] [LocError] Localized String 'cc_xi_shoulderl' Already Loaded for Language english
[2014-07-16T10:31:53:877+00]     [284.5 MB] [Warning] [LocError] Localized String 'cc_xi_shoulderr' Already Loaded for Language english
[2014-07-16T10:31:53:878+00]     [284.5 MB] [Warning] [LocError] Localized String 'cc_xi_thumbr' Already Loaded for Language english
[2014-07-16T10:31:53:879+00]     [284.5 MB] [Warning] [LocError] Localized String 'cc_xi_thumbl' Already Loaded for Language english
[2014-07-16T10:31:53:881+00]     [284.5 MB] [Warning] [LocError] Localized String 'cc_xi_triggerl_btn' Already Loaded for Language english
[2014-07-16T10:31:53:882+00]     [284.5 MB] [Warning] [LocError] Localized String 'cc_xi_triggerr_btn' Already Loaded for Language english
[2014-07-16T10:31:53:883+00]     [284.5 MB] [Warning] [LocError] Localized String 'cc_xi_x' Already Loaded for Language english
[2014-07-16T10:31:53:884+00]     [284.5 MB] [Warning] [LocError] Localized String 'cc_xi_y' Already Loaded for Language english
[2014-07-16T10:31:53:885+00]     [284.5 MB] [Warning] [LocError] Localized String 'cc_xi_dpad_left' Already Loaded for Language english
[2014-07-16T10:31:53:886+00]     [284.5 MB] [Warning] [LocError] Localized String 'cc_xi_dpad_right' Already Loaded for Language english
[2014-07-16T10:31:53:887+00]     [284.5 MB] [Warning] [LocError] Localized String 'cc_xi_start' Already Loaded for Language english
[2014-07-16T10:31:53:888+00]     [284.5 MB] [Warning] [LocError] Localized String 'cc_xi_back' Already Loaded for Language english
[2014-07-16T10:31:53:889+00]     [284.5 MB] [Warning] [LocError] Localized String 'cc_xi_thumblx' Already Loaded for Language english
[2014-07-16T10:31:53:890+00]     [284.5 MB] [Warning] [LocError] Localized String 'cc_xi_thumbly' Already Loaded for Language english
[2014-07-16T10:31:53:891+00]     [284.5 MB] [Warning] [LocError] Localized String 'cc_xi_thumbrx' Already Loaded for Language english
[2014-07-16T10:31:53:892+00]     [284.5 MB] [Warning] [LocError] Localized String 'cc_xi_thumbry' Already Loaded for Language english
[2014-07-16T10:31:53:904+00] [285.1 MB] Loading Localization File Languages/dialog_announcer.xml
[2014-07-16T10:31:53:927+00] [284.7 MB] Loading Localization File Languages/text_contracts.xml
[2014-07-16T10:31:53:931+00]     [284.7 MB] [Warning] [LocError] Localized String 'ui_contract_descr_16e' Already Loaded for Language english
[2014-07-16T10:31:53:932+00]     [284.7 MB] [Warning] [LocError] Localized String 'ui_contract_descr_20h' Already Loaded for Language english
[2014-07-16T10:31:53:933+00]     [284.7 MB] [Warning] [LocError] Localized String 'ui_contract_descr_29n' Already Loaded for Language english
[2014-07-16T10:31:53:943+00] [284.8 MB] Loading Localization File Languages/text_achievements.xml
[2014-07-16T10:31:53:945+00]     [284.8 MB] [Warning] [LocError] Localized String 'assister1_desc' Already Loaded for Language english
[2014-07-16T10:31:53:946+00]     [284.8 MB] [Warning] [LocError] Localized String 'assister2_desc' Already Loaded for Language english
[2014-07-16T10:31:53:953+00] [284.7 MB] Loading Localization File Languages/text_armors.xml
[2014-07-16T10:31:53:961+00] [284.8 MB] Loading Localization File Languages/text_attachments.xml
[2014-07-16T10:31:53:966+00]     [284.8 MB] [Warning] [LocError] Localized String 'ui_gpp01_ingame' Already Loaded for Language english
[2014-07-16T10:31:53:969+00]     [284.8 MB] [Warning] [LocError] Localized String 'ui_accessories_sc01_camo02' Already Loaded for Language english
[2014-07-16T10:31:53:970+00]     [284.8 MB] [Warning] [LocError] Localized String 'ui_accessories_sc03_camo02' Already Loaded for Language english
[2014-07-16T10:31:53:971+00]     [284.8 MB] [Warning] [LocError] Localized String 'ui_accessories_sc04_camo02' Already Loaded for Language english
[2014-07-16T10:31:53:972+00]     [284.8 MB] [Warning] [LocError] Localized String 'ui_accessories_sc05_camo02' Already Loaded for Language english
[2014-07-16T10:31:53:974+00]     [284.8 MB] [Warning] [LocError] Localized String 'ui_accessories_sc06_camo02' Already Loaded for Language english
[2014-07-16T10:31:53:976+00]     [284.9 MB] [Warning] [LocError] Localized String 'as04_camo02_shop_name' Already Loaded for Language english
[2014-07-16T10:31:53:977+00]     [284.9 MB] [Warning] [LocError] Localized String 'as06_camo02_shop_name' Already Loaded for Language english
[2014-07-16T10:31:53:979+00]     [284.9 MB] [Warning] [LocError] Localized String 'ui_accessories_as04_camo02' Already Loaded for Language english
[2014-07-16T10:31:53:980+00]     [284.9 MB] [Warning] [LocError] Localized String 'ui_accessories_as06_camo02' Already Loaded for Language english
[2014-07-16T10:31:53:981+00]     [284.9 MB] [Warning] [LocError] Localized String 'ui_as04_camo02_ingame' Already Loaded for Language english
[2014-07-16T10:31:53:982+00]     [284.9 MB] [Warning] [LocError] Localized String 'ui_as06_camo02_ingame' Already Loaded for Language english
[2014-07-16T10:31:53:983+00]     [284.9 MB] [Warning] [LocError] Localized String 'rds02_camo02_shop_name' Already Loaded for Language english
[2014-07-16T10:31:53:985+00]     [284.9 MB] [Warning] [LocError] Localized String 'rds05_camo02_shop_name' Already Loaded for Language english
[2014-07-16T10:31:53:986+00]     [284.9 MB] [Warning] [LocError] Localized String 'ui_accessories_rds02_camo02' Already Loaded for Language english
[2014-07-16T10:31:53:987+00]     [284.9 MB] [Warning] [LocError] Localized String 'ui_accessories_rds05_camo02' Already Loaded for Language english
[2014-07-16T10:31:53:988+00]     [284.9 MB] [Warning] [LocError] Localized String 'ui_rds02_camo02_ingame' Already Loaded for Language english
[2014-07-16T10:31:53:989+00]     [284.9 MB] [Warning] [LocError] Localized String 'ui_rds05_camo02_ingame' Already Loaded for Language english
[2014-07-16T10:31:53:992+00] [284.8 MB] Loading Localization File Languages/text_boosters.xml
[2014-07-16T10:31:53:996+00] [284.9 MB] Loading Localization File Languages/text_combat_ui.xml
[2014-07-16T10:31:53:998+00]     [284.9 MB] [Warning] [LocError] Localized String 'messagebox_yes' Already Loaded for Language english
[2014-07-16T10:31:53:999+00]     [284.9 MB] [Warning] [LocError] Localized String 'messagebox_no' Already Loaded for Language english
[2014-07-16T10:31:54:000+00]     [284.9 MB] [Warning] [LocError] Localized String 'messagebox_ok' Already Loaded for Language english
[2014-07-16T10:31:54:001+00]     [284.9 MB] [Warning] [LocError] Localized String 'messagebox_cancel' Already Loaded for Language english
[2014-07-16T10:31:54:004+00]     [284.9 MB] [Warning] [LocError] Localized String 'ka52_name' Already Loaded for Language english
[2014-07-16T10:31:54:006+00] [284.8 MB] Loading Localization File Languages/text_decals.xml
[2014-07-16T10:31:54:007+00]     [284.8 MB] [Warning] [LocError] Localized String 'ui_scoreboard_totalscore' Already Loaded for Language english
[2014-07-16T10:31:54:008+00]     [284.8 MB] [Warning] [LocError] Localized String 'ui_scoreboard_headshots' Already Loaded for Language english
[2014-07-16T10:31:54:009+00]     [284.8 MB] [Warning] [LocError] Localized String 'ui_scoreboard_melee' Already Loaded for Language english
[2014-07-16T10:31:54:011+00]     [284.8 MB] [Warning] [LocError] Localized String 'ui_scoreboard_explosions' Already Loaded for Language english
[2014-07-16T10:31:54:012+00]     [284.8 MB] [Warning] [LocError] Localized String 'ui_scoreboard_mult' Already Loaded for Language english
[2014-07-16T10:31:54:021+00] [285.3 MB] Loading Localization File Languages/text_front_end_ui.xml
[2014-07-16T10:31:54:023+00]     [285.3 MB] [Warning] [LocError] Localized String 'ui_lobby_follow_friend_fall' Already Loaded for Language english
[2014-07-16T10:31:54:024+00]     [285.3 MB] [Warning] [LocError] Localized String 'ui_lobby_follow_banned' Already Loaded for Language english
[2014-07-16T10:31:54:025+00]     [285.3 MB] [Warning] [LocError] Localized String 'ui_lobby_follow_rank' Already Loaded for Language english
[2014-07-16T10:31:54:026+00]     [285.3 MB] [Warning] [LocError] Localized String 'ui_lobby_follow_mission' Already Loaded for Language english
[2014-07-16T10:31:54:027+00]     [285.3 MB] [Warning] [LocError] Localized String 'ui_lobby_follow_private' Already Loaded for Language english
[2014-07-16T10:31:54:028+00]     [285.3 MB] [Warning] [LocError] Localized String 'ui_lobby_follow_room_close' Already Loaded for Language english
[2014-07-16T10:31:54:036+00]     [285.3 MB] [Warning] [LocError] Localized String 'label_create_character' Already Loaded for Language english
[2014-07-16T10:31:54:037+00]     [285.3 MB] [Warning] [LocError] Localized String 'ui_cryonline_no_connection' Already Loaded for Language english
[2014-07-16T10:31:54:038+00]     [285.3 MB] [Warning] [LocError] Localized String 'ui_cryonline_auth_failed' Already Loaded for Language english
[2014-07-16T10:31:54:039+00]     [285.4 MB] [Warning] [LocError] Localized String 'ui_cryonline_load_profile_failed' Already Loaded for Language english
[2014-07-16T10:31:54:040+00]     [285.4 MB] [Warning] [LocError] Localized String 'ui_cryonline_profile_not_exist' Already Loaded for Language english
[2014-07-16T10:31:54:041+00]     [285.4 MB] [Warning] [LocError] Localized String 'ui_cryonline_no_masterserver' Already Loaded for Language english
[2014-07-16T10:31:54:042+00]     [285.4 MB] [Warning] [LocError] Localized String 'ui_cryonline_masterserver_version_error' Already Loaded for Language english
[2014-07-16T10:31:54:043+00]     [285.4 MB] [Warning] [LocError] Localized String 'ui_cryonline_connection_lost' Already Loaded for Language english
[2014-07-16T10:31:54:045+00]     [285.4 MB] [Warning] [LocError] Localized String 'ui_lobby_label_refresh_list_failed' Already Loaded for Language english
[2014-07-16T10:31:54:046+00]     [285.4 MB] [Warning] [LocError] Localized String 'ui_lobby_label_create_room_failed' Already Loaded for Language english
[2014-07-16T10:31:54:047+00]     [285.4 MB] [Warning] [LocError] Localized String 'ui_lobby_label_join_room_failed' Already Loaded for Language english
[2014-07-16T10:31:54:048+00]     [285.4 MB] [Warning] [LocError] Localized String 'ui_lobby_label_join_fullroom' Already Loaded for Language english
[2014-07-16T10:31:54:049+00]     [285.4 MB] [Warning] [LocError] Localized String 'ui_lobby_label_join_privateroom' Already Loaded for Language english
[2014-07-16T10:31:54:050+00]     [285.4 MB] [Warning] [LocError] Localized String 'ui_lobby_join_close' Already Loaded for Language english
[2014-07-16T10:31:54:051+00]     [285.4 MB] [Warning] [LocError] Localized String 'easymission' Already Loaded for Language english
[2014-07-16T10:31:54:053+00]     [285.4 MB] [Warning] [LocError] Localized String 'normalmission' Already Loaded for Language english
[2014-07-16T10:31:54:054+00]     [285.4 MB] [Warning] [LocError] Localized String 'hardmission' Already Loaded for Language english
[2014-07-16T10:31:54:055+00]     [285.4 MB] [Warning] [LocError] Localized String 'trainingmission' Already Loaded for Language english
[2014-07-16T10:31:54:056+00]     [285.4 MB] [Warning] [LocError] Localized String 'survivalmission' Already Loaded for Language english
[2014-07-16T10:31:54:062+00]     [285.4 MB] [Warning] [LocError] Localized String 'league_score' Already Loaded for Language english
[2014-07-16T10:31:54:067+00]     [285.4 MB] [Warning] [LocError] Localized String 'message_done' Already Loaded for Language english
[2014-07-16T10:31:54:068+00]     [285.4 MB] [Warning] [LocError] Localized String 'message_please_wait' Already Loaded for Language english
[2014-07-16T10:31:54:070+00]     [285.4 MB] [Warning] [LocError] Localized String 'cwroom' Already Loaded for Language english
[2014-07-16T10:31:54:073+00]     [285.5 MB] [Warning] [LocError] Localized String 'ui_cryonline_qos_limit_reached' Already Loaded for Language english
[2014-07-16T10:31:54:074+00]     [285.5 MB] [Warning] [LocError] Localized String 'ui_cryonline_user_banned' Already Loaded for Language english
[2014-07-16T10:31:54:075+00]     [285.5 MB] [Warning] [LocError] Localized String 'ui_cryonline_max_online_reached' Already Loaded for Language english
[2014-07-16T10:31:54:077+00]     [285.5 MB] [Warning] [LocError] Localized String 'rg_kills' Already Loaded for Language english
[2014-07-16T10:31:54:078+00]     [285.5 MB] [Warning] [LocError] Localized String 'rg_deaths' Already Loaded for Language english
[2014-07-16T10:31:54:079+00]     [285.5 MB] [Warning] [LocError] Localized String 'rg_accuracy' Already Loaded for Language english
[2014-07-16T10:31:54:085+00] [285.2 MB] Loading Localization File Languages/text_game_mode_descriptions.xml
[2014-07-16T10:31:54:092+00] [285.2 MB] Loading Localization File Languages/text_missions_info.xml
[2014-07-16T10:31:54:102+00] [285.3 MB] Loading Localization File Languages/text_pvp_missions_info.xml
[2014-07-16T10:31:54:109+00] [285.2 MB] Loading Localization File Languages/text_ranks.xml
[2014-07-16T10:31:54:114+00] [285.1 MB] Loading Localization File Languages/text_tips_of_the_day.xml
[2014-07-16T10:31:54:117+00] [285.1 MB] Loading Localization File Languages/text_instant_awards.xml
[2014-07-16T10:31:54:119+00] [285.1 MB] Loading Localization File Languages/text_main.xml
[2014-07-16T10:31:54:122+00] [285.1 MB] Loading Localization File Languages/text_misc.xml
[2014-07-16T10:31:54:123+00]     [285.1 MB] [Warning] [LocError] Localized String 'default_clan_war_room_name' Already Loaded for Language english
[2014-07-16T10:31:54:129+00] [285.3 MB] Loading Localization File Languages/text_objectives.xml
[2014-07-16T10:31:54:136+00] [285.2 MB] Loading Localization File Languages/text_pvp.xml
[2014-07-16T10:31:54:141+00] [285.2 MB] Loading Localization File Languages/text_secondary_objectives.xml
[2014-07-16T10:31:54:146+00] [285.3 MB] Loading Localization File Languages/text_weapons.xml
[2014-07-16T10:31:54:149+00]     [285.3 MB] [Warning] [LocError] Localized String 'kn10_shop_name' Already Loaded for Language english
[2014-07-16T10:31:54:150+00]     [285.3 MB] [Warning] [LocError] Localized String 'ui_weapons_kn10' Already Loaded for Language english
[2014-07-16T10:31:54:155+00] [285.4 MB] Loading Localization File Languages/text_credits.xml
[2014-07-16T10:31:54:179+00] [285.4 MB] Loading image XML file 'Libs/Config/UI/images.xml'
[2014-07-16T10:31:54:182+00] [285.4 MB] Loading image XML file 'Libs/Config/UI/CombatLogIcons.xml'
[2014-07-16T10:31:54:204+00] [285.4 MB] Loading image XML file 'Libs/Config/UI/HUDIcons.xml'
[2014-07-16T10:31:54:218+00] [285.4 MB] Loading image XML file 'Libs/Config/UI/classIcons.xml'
[2014-07-16T10:31:54:229+00] [285.4 MB] Loading image XML file 'Libs/Config/UI/stance_icons.xml'
[2014-07-16T10:31:54:231+00] [285.4 MB] Loading image XML file 'Libs/Config/UI/360/stance_icons.xml'
[2014-07-16T10:31:54:232+00] [285.4 MB] [ImageManager] Duplicated image with name 'male_stand' at line 0
[2014-07-16T10:31:54:233+00] [285.4 MB] [ImageManager] Duplicated image with name 'male_walk' at line 0
[2014-07-16T10:31:54:235+00] [285.4 MB] [ImageManager] Duplicated image with name 'male_run' at line 0
[2014-07-16T10:31:54:236+00] [285.4 MB] [ImageManager] Duplicated image with name 'male_haste' at line 0
[2014-07-16T10:31:54:237+00] [285.4 MB] [ImageManager] Duplicated image with name 'male_crouch' at line 0
[2014-07-16T10:31:54:239+00] [285.4 MB] [ImageManager] Duplicated image with name 'male_prone' at line 0
[2014-07-16T10:31:54:241+00] [285.4 MB] [ImageManager] Duplicated image with name 'male_slide' at line 0
[2014-07-16T10:31:54:242+00] [285.4 MB] Loading image XML file 'Libs/Config/UI/banners.xml'
[2014-07-16T10:31:54:245+00] [285.4 MB] Loading image XML file 'Libs/Config/UI/weaponsItemsIcons.xml'
[2014-07-16T10:31:54:280+00] [285.4 MB] Loading image XML file 'Libs/Config/UI/attachmentsItemsIcons.xml'
[2014-07-16T10:31:54:294+00] [285.4 MB] Loading image XML file 'Libs/Config/UI/assetsItemsIcons.xml'
[2014-07-16T10:31:54:313+00] [285.4 MB] Loading image XML file 'Libs/Config/UI/materialsIcons.xml'
[2014-07-16T10:31:54:317+00] [285.4 MB] Loading image XML file 'Libs/Config/UI/mapImagesPVP.xml'
[2014-07-16T10:31:54:328+00] [285.4 MB] Loading image XML file 'Libs/Config/UI/mapImagesPVE.xml'
[2014-07-16T10:31:54:349+00] [285.4 MB] Loading image XML file 'Libs/Config/UI/instantAwards.xml'
[2014-07-16T10:31:54:357+00] [285.4 MB] Loading image XML file 'Libs/Config/UI/challengesIcons.xml'
[2014-07-16T10:31:54:422+00] [285.4 MB] Loading image XML file 'Libs/Config/UI/randomBoxesIcons.xml'
[2014-07-16T10:31:54:462+00] [285.5 MB] [ThemeManager::GetPath] Not found path='Textures/Defaults/' file='replaceme.dds'
[2014-07-16T10:31:54:469+00] [285.5 MB] Loading image XML file 'Libs/Config/UI/360/images.xml'
[2014-07-16T10:31:54:470+00] [285.5 MB] [ImageManager] Duplicated image with name 'crown_money_icon' at line 0
[2014-07-16T10:31:54:471+00] [285.5 MB] [ImageManager] Duplicated image with name 'cry_money_icon' at line 0
[2014-07-16T10:31:54:472+00] [285.5 MB] [ImageManager] Duplicated image with name 'game_money_icon' at line 0
[2014-07-16T10:31:54:475+00] [285.5 MB] [ImageManager] Duplicated image with name 'ButtonItemCell_up' at line 0
[2014-07-16T10:31:54:476+00] [285.5 MB] [ImageManager] Duplicated image with name 'ButtonItemCell_over' at line 0
[2014-07-16T10:31:54:477+00] [285.5 MB] [ImageManager] Duplicated image with name 'ButtonItemCell_down' at line 0
[2014-07-16T10:31:54:478+00] [285.5 MB] [ImageManager] Duplicated image with name 'ButtonItemCell_disable' at line 0
[2014-07-16T10:31:54:479+00] [285.5 MB] [ImageManager] Duplicated image with name 'Btn_ItemCell_Inventory_up' at line 0
[2014-07-16T10:31:54:480+00] [285.5 MB] [ImageManager] Duplicated image with name 'Btn_ItemCell_Inventory_over' at line 0
[2014-07-16T10:31:54:481+00] [285.5 MB] [ImageManager] Duplicated image with name 'Btn_ItemCell_Inventory_down' at line 0
[2014-07-16T10:31:54:483+00] [285.5 MB] [ImageManager] Duplicated image with name 'Btn_ItemCell_Inventory_disable' at line 0
[2014-07-16T10:31:54:485+00] [285.5 MB] [ImageManager] Duplicated image with name 'Nb_Shop_down' at line 0
[2014-07-16T10:31:54:486+00] [285.5 MB] [ImageManager] Duplicated image with name 'Nb_Storage_down' at line 0
[2014-07-16T10:31:54:487+00] [285.5 MB] [ImageManager] Duplicated image with name 'Nb_Statistic_down' at line 0
[2014-07-16T10:31:54:488+00] [285.5 MB] [ImageManager] Duplicated image with name 'Nb_Clans_down' at line 0
[2014-07-16T10:31:54:489+00] [285.5 MB] [ImageManager] Duplicated image with name 'Nb_Contracts_down' at line 0
[2014-07-16T10:31:54:491+00] [285.5 MB] [ImageManager] Duplicated image with name 'Nb_Shop_over' at line 0
[2014-07-16T10:31:54:492+00] [285.5 MB] [ImageManager] Duplicated image with name 'Nb_Storage_over' at line 0
[2014-07-16T10:31:54:494+00] [285.5 MB] [ImageManager] Duplicated image with name 'Nb_Statistic_over' at line 0
[2014-07-16T10:31:54:495+00] [285.5 MB] [ImageManager] Duplicated image with name 'Nb_Clans_over' at line 0
[2014-07-16T10:31:54:496+00] [285.5 MB] [ImageManager] Duplicated image with name 'Nb_Contracts_over' at line 0
[2014-07-16T10:31:54:498+00] [285.5 MB] [ImageManager] Duplicated image with name 'Nb_Shop_up' at line 0
[2014-07-16T10:31:54:499+00] [285.5 MB] [ImageManager] Duplicated image with name 'Nb_Storage_up' at line 0
[2014-07-16T10:31:54:500+00] [285.5 MB] [ImageManager] Duplicated image with name 'Nb_Statistic_up' at line 0
[2014-07-16T10:31:54:502+00] [285.5 MB] [ImageManager] Duplicated image with name 'Nb_Clans_up' at line 0
[2014-07-16T10:31:54:503+00] [285.5 MB] [ImageManager] Duplicated image with name 'Nb_Contracts_up' at line 0
[2014-07-16T10:31:54:504+00] [285.5 MB] [ImageManager] Duplicated image with name 'Nb_Shop_disable' at line 0
[2014-07-16T10:31:54:505+00] [285.5 MB] [ImageManager] Duplicated image with name 'Nb_Storage_disable' at line 0
[2014-07-16T10:31:54:506+00] [285.5 MB] [ImageManager] Duplicated image with name 'Nb_Statistic_disable' at line 0
[2014-07-16T10:31:54:508+00] [285.5 MB] [ImageManager] Duplicated image with name 'Nb_Clans_disable' at line 0
[2014-07-16T10:31:54:509+00] [285.5 MB] [ImageManager] Duplicated image with name 'Nb_Contracts_disable' at line 0
[2014-07-16T10:31:54:511+00] [285.5 MB] [ImageManager] Duplicated image with name 'LoadingTutorMEDIC_BG' at line 0
[2014-07-16T10:31:54:512+00] [285.5 MB] [ImageManager] Duplicated image with name 'LoadingTutorENGINEER_BG' at line 0
[2014-07-16T10:31:54:513+00] [285.5 MB] [ImageManager] Duplicated image with name 'LoadingTutorBASIC_BG' at line 0
[2014-07-16T10:31:54:515+00] [285.5 MB] [ImageManager] Duplicated image with name 'Cryteklogo' at line 0
[2014-07-16T10:31:54:521+00] [285.5 MB] [ImageManager] Duplicated image with name 'IconBoostMoney' at line 0
[2014-07-16T10:31:54:522+00] [285.5 MB] [ImageManager] Duplicated image with name 'IconBoostXP' at line 0
[2014-07-16T10:31:54:523+00] [285.5 MB] [ImageManager] Duplicated image with name 'IconBoostVP' at line 0
[2014-07-16T10:31:54:524+00] [285.5 MB] [ImageManager] Duplicated image with name 'IconBoostIGR' at line 0
[2014-07-16T10:31:54:525+00] [285.5 MB] [ImageManager] Duplicated image with name 'ItemBoosterMoney' at line 0
[2014-07-16T10:31:54:526+00] [285.5 MB] [ImageManager] Duplicated image with name 'ItemBoosterXP' at line 0
[2014-07-16T10:31:54:527+00] [285.5 MB] [ImageManager] Duplicated image with name 'ItemBoosterVP' at line 0
[2014-07-16T10:31:54:528+00] [285.5 MB] [ImageManager] Duplicated image with name 'ItemBoosterVIP' at line 0
[2014-07-16T10:31:54:540+00] [285.5 MB] [CFlowchartManager] Entering state 'loading_lobby'
[2014-07-16T10:31:54:542+00] [285.5 MB] [SOUND] 402CF8A0->Blocking/CMusicSystem::GetTheme()
[2014-07-16T10:31:54:543+00] [285.5 MB] [SOUND] 402CF8A0->Blocking/CMusicSystem::GetMood()
[2014-07-16T10:31:54:544+00] [285.5 MB] [ScreenManager] Destroy screen: 'login', frame 2555
[2014-07-16T10:31:54:585+00] [286.1 MB] [Error] <Flash> Error: Can't find method '_level0.set_size' to invoke. [libs/ui/controls/loadingspinner.gfx]
[2014-07-16T10:31:54:586+00] [286.1 MB] [Error] <Flash> Error: Can't find method '_level0.set_font_scale' to invoke. [libs/ui/controls/loadingspinner.gfx]
[2014-07-16T10:31:54:587+00] [286.1 MB] [Error] <Flash> Error: Can't find method '_level0.enable' to invoke. [libs/ui/controls/loadingspinner.gfx]
[2014-07-16T10:31:54:718+00] [287.4 MB] [Error] <Flash> Error: Can't find method '_level0.set_size' to invoke. [libs/ui/controls/loadingspinner.gfx]
[2014-07-16T10:31:54:725+00] [287.7 MB] CScreenManager::ResetCursorPosition() Calling OnResetCursor() on loading
[2014-07-16T10:31:54:726+00] [287.7 MB] [ScreenManager] [10:31:54] Open screen: 'loading' opened in 181 ms time, frame 2555
[2014-07-16T10:31:54:737+00] [285.0 MB] [XLSP]  :V - 002D1800:002D1800
[2014-07-16T10:31:54:738+00] [285.0 MB] [XLSP] secure address still in use
[2014-07-16T10:31:54:740+00] [287.9 MB] [net ] CNetwork::UpdateTick() stall detected, socket manager poll waitTime=66, actionsTime=0
[2014-07-16T10:31:54:741+00] [287.9 MB] [net ] CNetwork::UpdateTick() stall detected, socket manager poll waitTime=66, actionsTime=0
[2014-07-16T10:31:54:741+00] [287.9 MB] [net ] CNetwork::UpdateTick() stall detected, socket manager poll waitTime=66, actionsTime=0
[2014-07-16T10:31:54:742+00] [287.9 MB] [net ] CNetwork::UpdateTick() stall detected, socket manager poll waitTime=65, actionsTime=0
[2014-07-16T10:31:54:744+00] [287.9 MB] [net ] CNetwork::UpdateTick() stall detected, socket manager poll waitTime=65, actionsTime=0
[2014-07-16T10:31:54:745+00] [287.9 MB] [net ] CNetwork::UpdateTick() stall detected, socket manager poll waitTime=65, actionsTime=0
[2014-07-16T10:31:54:746+00] [287.9 MB] [net ] CNetwork::UpdateTick() stall detected, socket manager poll waitTime=65, actionsTime=0
[2014-07-16T10:31:54:747+00] [287.9 MB] [net ] CNetwork::UpdateTick() stall detected, socket manager poll waitTime=65, actionsTime=0
[2014-07-16T10:31:54:748+00] [287.9 MB] [net ] CNetwork::UpdateTick() stall detected, socket manager poll waitTime=66, actionsTime=0
[2014-07-16T10:31:54:749+00] [287.9 MB] [net ] CNetwork::UpdateTick() stall detected, socket manager poll waitTime=66, actionsTime=0
[2014-07-16T10:31:54:750+00] [287.9 MB] [net ] CNetwork::UpdateTick() stall detected, socket manager poll waitTime=65, actionsTime=0
[2014-07-16T10:31:54:751+00] [287.9 MB] [net ] CNetwork::UpdateTick() stall detected, socket manager poll waitTime=66, actionsTime=0
[2014-07-16T10:31:54:752+00] [287.9 MB] [net ] CNetwork::UpdateTick() stall detected, socket manager poll waitTime=66, actionsTime=0
[2014-07-16T10:31:54:753+00] [287.9 MB] [net ] CNetwork::UpdateTick() stall detected, socket manager poll waitTime=65, actionsTime=0
[2014-07-16T10:31:54:754+00] [287.9 MB] [net ] CNetwork::UpdateTick() stall detected, socket manager poll waitTime=66, actionsTime=0
[2014-07-16T10:31:54:757+00] [287.9 MB] [CONSOLE] Executing console command 'map lobby_evening nonblocking'
[2014-07-16T10:31:54:759+00]     [287.9 MB] ============================ Loading level lobby_evening ============================
[2014-07-16T10:31:54:893+00]     [290.9 MB] [Warning] [Lua Error] Failed to compile code [0]: (null) [File=[intentionally broken]]
[2014-07-16T10:31:54:896+00]     [290.9 MB] [SOUND] 402F8880->Blocking/CSoundSystem::OnSystemEvent()
[2014-07-16T10:31:54:915+00]     [290.9 MB] [Warning] Cannot open Pak file d:\game\levels\lobby_evening\level.pak
[2014-07-16T10:31:55:113+00]     [293.3 MB] [net ] connection requested to: <local>:64090
[2014-07-16T10:31:55:114+00]     [293.3 MB] [net ] resolved as: <local>:64090
[2014-07-16T10:31:55:116+00]     [293.3 MB] [net ] CNetwork::UpdateTick() stall detected, socket manager poll waitTime=65, actionsTime=0
[2014-07-16T10:31:55:117+00]     [293.3 MB] [net ] CNetwork::UpdateTick() stall detected, socket manager poll waitTime=65, actionsTime=0
[2014-07-16T10:31:55:118+00]     [293.3 MB] [net ] CNetwork::UpdateTick() stall detected, socket manager poll waitTime=65, actionsTime=0
[2014-07-16T10:31:55:119+00]     [293.3 MB] [net ] CNetwork::UpdateTick() stall detected, socket manager poll waitTime=65, actionsTime=0
[2014-07-16T10:31:55:120+00]     [293.3 MB] [net ] CNetwork::UpdateTick() stall detected, socket manager poll waitTime=65, actionsTime=0
[2014-07-16T10:31:55:132+00]     [293.5 MB] BlockingConnect: It's taken 0.02 seconds to achieve condition have connection
[2014-07-16T10:31:55:134+00] [292.7 MB] [Warning] Not enough space to load in memory layer pak _levelcache/lobby_evening/streamcache.pak (Current: 4483880 Required: 5347346)
[2014-07-16T10:31:55:208+00] [293.8 MB] CMaterialEffects::Reset
[2014-07-16T10:31:55:288+00] [294.2 MB] Initializing default materials...
[2014-07-16T10:31:55:778+00] [298.4 MB] [SOUND] 402F8880->Blocking/CSoundSystem::OnSystemEvent()
[2014-07-16T10:31:55:823+00] [318.4 MB] [SOUND] 84DE0154->Blocking/CSystemEventListner_Sound::OnSystemEvent()
[2014-07-16T10:31:56:004+00] [318.8 MB] Loading ammo XML definitions from 'items'!
[2014-07-16T10:31:56:042+00] [318.8 MB] Loading CGF Objects\Default.cgf
[2014-07-16T10:31:56:112+00] [318.8 MB] Loading CGF Objects\props\missile\stinger.cgf
[2014-07-16T10:31:56:134+00] [318.8 MB] Loading CGF Objects/Weapons/Shells/shell_scargrenade/scar_gl_grenade.cgf
[2014-07-16T10:31:56:143+00] [318.8 MB] Loading CGF objects/Weapons/Grenades/fg01/fg01_tp.cgf
[2014-07-16T10:31:56:151+00] [318.8 MB] Loading CGF objects/Weapons/Grenades/sg01/sg01_tp.cgf
[2014-07-16T10:31:56:173+00] [318.9 MB] Loading CGF Objects/Weapons/cm01/cm01_tp_ammo.cgf
[2014-07-16T10:31:56:177+00] [318.9 MB] Loading CGF Objects/Weapons/cm02/cm02_tp_ammo.cgf
[2014-07-16T10:31:56:214+00] [318.8 MB] Loading CGF objects/Weapons/Grenades/fg01/fg01_exp.cgf
[2014-07-16T10:31:56:218+00] [318.8 MB] Loading CGF objects/Weapons/Grenades/fg02/fg02_exp.cgf
[2014-07-16T10:31:56:232+00] [318.8 MB] Loading CGF objects/Weapons/Grenades/fg_baseball/fg_baseball_exp.cgf
[2014-07-16T10:31:56:258+00] [318.8 MB] [Warning] Particle effect not found: 'x_dragon.explosion.explosion_b'
[2014-07-16T10:31:56:263+00] [318.8 MB] Loading CGF objects/Weapons/Grenades/fg01_xmas/fg01_xmas_exp.cgf
[2014-07-16T10:31:56:267+00] [318.8 MB] Loading CGF objects/Weapons/Grenades/fg05_zong/fg05_zong_exp.cgf
[2014-07-16T10:31:56:272+00] [318.9 MB] Loading CGF objects/Weapons/Grenades/fl01/fl01_exp.cgf
[2014-07-16T10:31:56:319+00] [319.6 MB] Loading CGF objects/Weapons/Grenades/fl02/fl02_exp.cgf
[2014-07-16T10:31:56:323+00] [319.6 MB] Loading CGF objects/Weapons/Grenades/fl03/fl03_tp.cgf
[2014-07-16T10:31:56:328+00] [319.6 MB] Loading CGF objects/weapons/Grenades/hg01/hg01_tp.cgf
[2014-07-16T10:31:56:332+00] [319.6 MB] Loading CGF objects/Weapons/Grenades/kng01/kng01_tp.cgf
[2014-07-16T10:31:56:337+00] [319.6 MB] Loading CGF objects/Weapons/Grenades/kng02/kng02_tp.cgf
[2014-07-16T10:31:56:346+00] [319.6 MB] Loading CGF Objects/Weapons/cm01/cm01.cgf
[2014-07-16T10:31:56:350+00] [319.6 MB] Loading CGF objects/Weapons/Grenades/sg01/sg01_exp.cgf
[2014-07-16T10:31:56:353+00] [319.6 MB] Loading CGF objects/Weapons/Grenades/sg01_md/sg01_md_exp.cgf
[2014-07-16T10:31:56:357+00] [319.6 MB] Loading CGF objects/Weapons/Grenades/sg02/sg02_exp.cgf
[2014-07-16T10:31:56:362+00] [319.8 MB] Loading CGF objects/Weapons/Grenades/sg03/sg03_exp.cgf
[2014-07-16T10:31:56:367+00] [319.8 MB] Loading CGF objects/Weapons/Grenades/sg04/sg04_exp.cgf
[2014-07-16T10:31:56:373+00] [319.8 MB] Loading CGF objects/Weapons/Grenades/sg01_bra01/sg01_bra01_exp.cgf
[2014-07-16T10:31:56:664+00] [319.9 MB] Finished loading ammo XML definitions from 'items'!
[2014-07-16T10:31:56:674+00] [320.0 MB] Loading CGF objects/effects/weapons/shg02/mf_sgh02_front_tp.cgf
[2014-07-16T10:31:56:684+00] [320.1 MB] Loading CGF objects/weapons/shells/shell_5,56mm/shell_5,56.cgf
[2014-07-16T10:31:56:699+00] [320.1 MB] Loading CGF objects/effects/weapons/mg06/mf_mg06_a_tp.cgf
[2014-07-16T10:31:56:786+00] [320.3 MB] Loading CGF objects/effects/weapons/shared/mf_flame_side_tp_a.cgf
[2014-07-16T10:31:56:847+00] [320.4 MB] Loading CGF objects/effects/weapons/ar02/mf_ar02_tp.cgf
[2014-07-16T10:31:56:918+00] [320.5 MB] Loading CGF objects/effects/weapons/ar03/mf_ar03_fp_a.cgf
[2014-07-16T10:31:56:920+00] [320.5 MB] Loading CGF objects/effects/weapons/ar03/mf_ar03_fp_b.cgf
[2014-07-16T10:31:56:922+00] [320.5 MB] Loading CGF objects/effects/weapons/ar03/mf_ar03_tp.cgf
[2014-07-16T10:31:56:924+00] [320.5 MB] Loading CGF objects/effects/weapons/ar03/mf_ar03_tp_a.cgf
[2014-07-16T10:31:57:002+00] [320.6 MB] Loading CGF objects/effects/weapons/mg06/mf_mg06_b_tp.cgf
[2014-07-16T10:31:57:003+00] [320.6 MB] Loading CGF objects/effects/weapons/mg06/mf_mg06_c_tp.cgf
[2014-07-16T10:31:57:006+00] [320.6 MB] Loading CGF objects/weapons/shells/shell_7,62x39/shell_7,62x39.cgf
[2014-07-16T10:31:57:092+00] [320.6 MB] Loading CGF objects/effects/weapons/shared/mf_8point_fp_a.cgf
[2014-07-16T10:31:57:094+00] [320.6 MB] Loading CGF objects/effects/weapons/shared/mf_8point_fp_c.cgf
[2014-07-16T10:31:57:095+00] [320.6 MB] Loading CGF objects/effects/weapons/shared/mf_8point_fp_d.cgf
[2014-07-16T10:31:57:099+00] [320.6 MB] Loading CGF objects/effects/weapons/shared/mf_4point_tp_a.cgf
[2014-07-16T10:31:57:101+00] [320.6 MB] Loading CGF objects/effects/weapons/shared/mf_4point_tp_b.cgf
[2014-07-16T10:31:57:102+00] [320.6 MB] Loading CGF objects/effects/weapons/shared/mf_4point_tp_c.cgf
[2014-07-16T10:31:57:122+00] [320.6 MB] Loading CGF objects/effects/weapons/shared/mf_flame_tp_e.cgf
[2014-07-16T10:31:57:167+00] [320.7 MB] Loading CGF objects/effects/weapons/mg01_m240/mf_mg01_m240_tp_b.cgf
[2014-07-16T10:31:57:169+00] [320.7 MB] Loading CGF objects/weapons/shells/shell_9mm/shell_9mm.cgf
[2014-07-16T10:31:57:199+00] [320.8 MB] Loading CGF objects/effects/weapons/smg09/mf_smg09_fp_a.cgf
[2014-07-16T10:31:57:201+00] [320.8 MB] Loading CGF objects/effects/weapons/smg09/mf_smg09_fp_b.cgf
[2014-07-16T10:31:57:203+00] [320.8 MB] Loading CGF objects/effects/weapons/smg09/mf_smg09_tp_a.cgf
[2014-07-16T10:31:57:220+00] [320.8 MB] Loading CGF objects/effects/weapons/ar09/mf_ar09_tp_a.cgf
[2014-07-16T10:31:57:221+00] [320.8 MB] Loading CGF objects/effects/weapons/ar09/mf_ar09_tp_b.cgf
[2014-07-16T10:31:57:240+00] [320.8 MB] Loading CGF objects/effects/weapons/shared/mf_flame_circle_tp_a.cgf
[2014-07-16T10:31:57:242+00] [320.8 MB] Loading CGF objects/effects/weapons/shared/mf_flame_circle_tp_b.cgf
[2014-07-16T10:31:57:244+00] [320.8 MB] Loading CGF objects/effects/weapons/shared/mf_flame_circle_tp_c.cgf
[2014-07-16T10:31:57:260+00] [320.8 MB] Loading CGF objects/effects/weapons/shared/mf_flame_fp_c_5.cgf
[2014-07-16T10:31:57:264+00] [320.8 MB] Loading CGF objects/effects/weapons/ar20/mf_ar20_a_tp.cgf
[2014-07-16T10:31:57:265+00] [320.8 MB] Loading CGF objects/effects/weapons/shared/mf_flame_tp_c_5.cgf
[2014-07-16T10:31:57:268+00] [320.8 MB] Loading CGF objects/weapons/shells/shell_7,62x51/shell_7,62x51.cgf
[2014-07-16T10:31:57:301+00] [320.9 MB] Loading CGF objects/effects/weapons/shared/mf_8point_tp_a.cgf
[2014-07-16T10:31:57:302+00] [320.9 MB] Loading CGF objects/effects/weapons/shared/mf_8point_tp_b.cgf
[2014-07-16T10:31:57:303+00] [320.9 MB] Loading CGF objects/effects/weapons/shared/mf_8point_tp_c.cgf
[2014-07-16T10:31:57:321+00] [320.9 MB] Loading CGF objects/effects/weapons/shared/mf_flame_tp_d_b.cgf
[2014-07-16T10:31:57:325+00] [320.9 MB] Loading CGF objects/effects/weapons/shared/mf_flame_tp_d_c.cgf
[2014-07-16T10:31:57:508+00] [321.0 MB] Loading CGF objects/effects/weapons/ar20/mf_ar20_b_tp.cgf
[2014-07-16T10:31:57:510+00] [321.0 MB] Loading CGF objects/effects/weapons/ar20/mf_ar20_c_tp.cgf
[2014-07-16T10:31:57:579+00] [321.1 MB] Loading CGF objects/effects/weapons/shared/mf_ar22_fp_a.cgf
[2014-07-16T10:31:57:580+00] [321.1 MB] Loading CGF objects/effects/weapons/shared/mf_ar22_fp_b.cgf
[2014-07-16T10:31:57:586+00] [321.1 MB] Loading CGF objects/effects/weapons/shared/mf_ar22_tp_a.cgf
[2014-07-16T10:31:57:587+00] [321.1 MB] Loading CGF objects/effects/weapons/shared/mf_ar22_tp_b.cgf
[2014-07-16T10:31:57:621+00] [321.2 MB] Loading CGF objects/effects/weapons/sr03/mf_sr03_tp.cgf
[2014-07-16T10:31:57:662+00] [321.2 MB] Loading CGF objects/effects/weapons/shared/mf_flame_tp_b.cgf
[2014-07-16T10:31:58:017+00] [321.5 MB] Loading CGF objects/effects/weapons/mg01_m240/mf_mg01_m240_tp_a.cgf
[2014-07-16T10:31:58:020+00] [321.5 MB] Loading CGF objects/weapons/shells/shell_50bmg/50bmg.cgf
[2014-07-16T10:31:58:023+00] [321.5 MB] Loading CGF objects/weapons/shells/shell_clip/clip.cgf
[2014-07-16T10:31:58:034+00] [321.6 MB] Loading CGF objects/effects/weapons/mg01/mf_mg01_tp.cgf
[2014-07-16T10:31:58:135+00] [321.6 MB] Loading CGF objects/effects/weapons/mg03/mf_mg03_fp.cgf
[2014-07-16T10:31:58:138+00] [321.6 MB] Loading CGF objects/effects/weapons/mg03/mf_mg03_tp_b.cgf
[2014-07-16T10:31:58:139+00] [321.6 MB] Loading CGF objects/effects/weapons/mg03/mf_mg03_tp_a.cgf
[2014-07-16T10:31:58:230+00] [321.6 MB] Loading CGF objects/effects/weapons/shared/mf_flame_side_tp_b.cgf
[2014-07-16T10:31:58:332+00] [321.8 MB] Loading CGF objects/effects/weapons/mg21/mf_mg21_tp_a.cgf
[2014-07-16T10:31:58:334+00] [321.8 MB] Loading CGF objects/effects/weapons/mg21/mf_mg21_tp_b.cgf
[2014-07-16T10:31:58:345+00] [321.8 MB] Loading CGF objects/effects/weapons/smg05/mf_smg05_front_tp.cgf
[2014-07-16T10:31:58:427+00] [322.0 MB] Loading CGF objects/effects/weapons/shared/mf_flame_front_fp_c.cgf
[2014-07-16T10:31:58:431+00] [322.1 MB] Loading CGF objects/effects/weapons/pt01/mf_pt01_tp.cgf
[2014-07-16T10:31:58:433+00] [322.1 MB] Loading CGF objects/effects/weapons/pt01/mf_pt01_tp_circle.cgf
[2014-07-16T10:31:58:534+00] [322.1 MB] [Warning] Fire mode SingleSmoothed is not supported
[2014-07-16T10:31:58:602+00] [322.1 MB] Loading CGF objects/effects/weapons/pt02/mf_pt02_front_tp.cgf
[2014-07-16T10:31:58:618+00] [322.1 MB] Loading CGF objects/effects/weapons/pt03/mf_pt03_tp.cgf
[2014-07-16T10:31:58:663+00] [322.3 MB] Loading CGF objects/effects/weapons/pt05/mf_pt05_tp_a.cgf
[2014-07-16T10:31:58:664+00] [322.3 MB] Loading CGF objects/effects/weapons/pt05/mf_pt05_tp_b.cgf
[2014-07-16T10:31:58:666+00] [322.3 MB] Loading CGF objects/effects/weapons/pt06/mf_pt06_tp.cgf
[2014-07-16T10:31:59:120+00] [322.7 MB] [Warning] XML reader: Can't open file (objects/attachments/rds05_camo02/rds05_camo02.xml)
[2014-07-16T10:31:59:121+00] [322.7 MB] Error parsing <objects/attachments/rds05_camo02/rds05_camo02.xml>: XML reader: Can't open file (objects/attachments/rds05_camo02/rds05_camo02.xml)
[2014-07-16T10:31:59:257+00] [323.0 MB] Loading CGF objects/effects/weapons/shg01/mf_shg01_tp.cgf
[2014-07-16T10:31:59:260+00] [323.0 MB] Loading CGF objects/weapons/shells/shell_shotgun/shotgun_shell.cgf
[2014-07-16T10:31:59:349+00] [323.1 MB] Loading CGF objects/effects/weapons/shared/mf_flame_side_tp_c.cgf
[2014-07-16T10:31:59:541+00] [323.2 MB] Loading CGF objects/effects/weapons/shg10/mf_shg10_front_a_tp.cgf
[2014-07-16T10:31:59:542+00] [323.2 MB] Loading CGF objects/effects/weapons/shg10/mf_shg10_front_b_tp.cgf
[2014-07-16T10:31:59:543+00] [323.2 MB] Loading CGF objects/effects/weapons/shg10/mf_shg10_front_c_tp.cgf
[2014-07-16T10:31:59:868+00] [323.6 MB] Loading CGF objects/effects/weapons/smg01/mf_smg01_tp.cgf
[2014-07-16T10:32:00:238+00] [323.8 MB] Loading CGF objects/effects/weapons/smg12/mf_smg12_tp.cgf
[2014-07-16T10:32:00:297+00] [323.8 MB] Loading CGF objects/effects/weapons/shared/mf_flame_front_fp_b.cgf
[2014-07-16T10:32:00:472+00] [324.0 MB] Loading CGF objects/effects/weapons/shared/mf_flame_tp_d.cgf
[2014-07-16T10:32:00:518+00] [324.1 MB] Loading CGF objects/effects/weapons/smg_ppsh/mf_ppsh_fp_a.cgf
[2014-07-16T10:32:00:519+00] [324.1 MB] Loading CGF objects/effects/weapons/smg_ppsh/mf_ppsh_fp_b.cgf
[2014-07-16T10:32:00:524+00] [324.1 MB] Loading CGF objects/effects/weapons/smg_ppsh/mf_ppsh_tp_a.cgf
[2014-07-16T10:32:00:525+00] [324.1 MB] Loading CGF objects/effects/weapons/smg_ppsh/mf_ppsh_tp_b.cgf
[2014-07-16T10:32:00:536+00] [324.1 MB] Loading CGF objects/effects/weapons/shared/mf_flame_tp_c.cgf
[2014-07-16T10:32:00:546+00] [324.1 MB] Loading CGF objects/effects/weapons/sp04/mf_sp04_tp_a.cgf
[2014-07-16T10:32:00:548+00] [324.1 MB] Loading CGF objects/effects/weapons/sp04/mf_sp04_tp_b.cgf
[2014-07-16T10:32:00:549+00] [324.1 MB] Loading CGF objects/effects/weapons/sp04/mf_sp04_tp_c.cgf
[2014-07-16T10:32:00:555+00] [324.1 MB] Loading CGF objects/effects/weapons/sp05/mf_sp05_tp_a.cgf
[2014-07-16T10:32:00:556+00] [324.1 MB] Loading CGF objects/effects/weapons/sp05/mf_sp05_tp_b.cgf
[2014-07-16T10:32:00:606+00] [324.4 MB] Loading CGF objects/effects/weapons/sr25/mf_sr25_tp.cgf
[2014-07-16T10:32:00:609+00] [324.4 MB] Loading CGF objects/weapons/shells/shell_7,62x54/shell_7,62x54.cgf
[2014-07-16T10:32:00:970+00] [324.6 MB] Loading CGF objects/effects/weapons/sr_barett/mf_barett_tp_a.cgf
[2014-07-16T10:32:00:971+00] [324.6 MB] Loading CGF objects/effects/weapons/sr_barett/mf_barett_tp_b.cgf
[2014-07-16T10:32:01:024+00] [324.7 MB] Loading CGF objects/effects/weapons/smg09/mf_smg09_tp_b.cgf
[2014-07-16T10:32:01:051+00] [324.8 MB] Loading CGF objects/effects/weapons/sr23/mf_sr23_fp.cgf
[2014-07-16T10:32:01:092+00] [324.9 MB] Loading CGF objects/effects/weapons/sr25/mf_sr25_fp.cgf
[2014-07-16T10:32:01:212+00] [325.0 MB] [Warning] XML reader: Can't open file (objects/attachments/ss03_camo02/ss03_camo02.xml)
[2014-07-16T10:32:01:213+00] [325.0 MB] Error parsing <objects/attachments/ss03_camo02/ss03_camo02.xml>: XML reader: Can't open file (objects/attachments/ss03_camo02/ss03_camo02.xml)
[2014-07-16T10:32:01:236+00] [325.0 MB] <Lua> Found 0 triggers of type 1
[2014-07-16T10:32:01:237+00] [325.0 MB] <Lua> Found 0 triggers of type 2
[2014-07-16T10:32:01:239+00] [325.0 MB] <Lua> Found 0 killzones, 0 active
[2014-07-16T10:32:01:242+00] [325.0 MB] <Lua> Found 0 triggers of type 1
[2014-07-16T10:32:01:243+00] [325.0 MB] <Lua> Found 0 triggers of type 2
[2014-07-16T10:32:01:244+00] [325.0 MB] <Lua> Found 0 killzones, 0 active
[2014-07-16T10:32:01:248+00] [325.0 MB] --- Preactivate shaders...
[2014-07-16T10:32:01:252+00] [325.0 MB] Stalling CryOnline tick for 6099 ms
[2014-07-16T10:32:01:254+00] [325.1 MB] ===== Loading all Decal materials from a folder: Materials/Decals/*.mtl =====
[2014-07-16T10:32:01:395+00] [325.8 MB] ==== Finished Loading Decal Materials: 262  mtls loaded in 0.1 sec ====
[2014-07-16T10:32:01:397+00] [325.8 MB] Starting loading level CGF's ...
[2014-07-16T10:32:01:398+00] [325.8 MB] Loading CGF levels/lobby_evening/Brush/0.cgf
[2014-07-16T10:32:01:416+00] [325.8 MB] Loading CGF levels/lobby_evening/Brush/1.cgf
[2014-07-16T10:32:01:418+00] [325.8 MB] Loading CGF levels/lobby_evening/Brush/10.cgf
[2014-07-16T10:32:01:419+00] [325.8 MB] Loading CGF levels/lobby_evening/Brush/100.cgf
[2014-07-16T10:32:01:421+00] [325.8 MB] Loading CGF levels/lobby_evening/Brush/101.cgf
[2014-07-16T10:32:01:423+00] [325.8 MB] Loading CGF levels/lobby_evening/Brush/102.cgf
[2014-07-16T10:32:01:425+00] [325.8 MB] Loading CGF levels/lobby_evening/Brush/103.cgf
[2014-07-16T10:32:01:426+00] [325.8 MB] Loading CGF levels/lobby_evening/Brush/104.cgf
[2014-07-16T10:32:01:428+00] [325.8 MB] Loading CGF levels/lobby_evening/Brush/105.cgf
[2014-07-16T10:32:01:430+00] [325.8 MB] Loading CGF levels/lobby_evening/Brush/106.cgf
[2014-07-16T10:32:01:431+00] [325.8 MB] Loading CGF levels/lobby_evening/Brush/107.cgf
[2014-07-16T10:32:01:433+00] [325.8 MB] Loading CGF levels/lobby_evening/Brush/108.cgf
[2014-07-16T10:32:01:435+00] [325.8 MB] Loading CGF levels/lobby_evening/Brush/109.cgf
[2014-07-16T10:32:01:437+00] [325.8 MB] Loading CGF levels/lobby_evening/Brush/11.cgf
[2014-07-16T10:32:01:439+00] [325.8 MB] Loading CGF levels/lobby_evening/Brush/110.cgf
[2014-07-16T10:32:01:440+00] [325.8 MB] Loading CGF levels/lobby_evening/Brush/111.cgf
[2014-07-16T10:32:01:442+00] [325.8 MB] Loading CGF levels/lobby_evening/Brush/112.cgf
[2014-07-16T10:32:01:445+00] [325.8 MB] Loading CGF levels/lobby_evening/Brush/113.cgf
[2014-07-16T10:32:01:447+00] [325.8 MB] Loading CGF levels/lobby_evening/Brush/114.cgf
[2014-07-16T10:32:01:448+00] [325.8 MB] Loading CGF levels/lobby_evening/Brush/115.cgf
[2014-07-16T10:32:01:450+00] [325.8 MB] Loading CGF levels/lobby_evening/Brush/116.cgf
[2014-07-16T10:32:01:452+00] [325.8 MB] Loading CGF levels/lobby_evening/Brush/117.cgf
[2014-07-16T10:32:01:453+00] [325.8 MB] Loading CGF levels/lobby_evening/Brush/119.cgf
[2014-07-16T10:32:01:456+00] [325.8 MB] Loading CGF levels/lobby_evening/Brush/12.cgf
[2014-07-16T10:32:01:457+00] [325.8 MB] Loading CGF levels/lobby_evening/Brush/120.cgf
[2014-07-16T10:32:01:459+00] [325.8 MB] Loading CGF levels/lobby_evening/Brush/121.cgf
[2014-07-16T10:32:01:461+00] [325.8 MB] Loading CGF levels/lobby_evening/Brush/122.cgf
[2014-07-16T10:32:01:462+00] [325.8 MB] Loading CGF levels/lobby_evening/Brush/123.cgf
[2014-07-16T10:32:01:464+00] [325.8 MB] Loading CGF levels/lobby_evening/Brush/124.cgf
[2014-07-16T10:32:01:466+00] [325.8 MB] Loading CGF levels/lobby_evening/Brush/125.cgf
[2014-07-16T10:32:01:468+00] [325.8 MB] Loading CGF levels/lobby_evening/Brush/126.cgf
[2014-07-16T10:32:01:469+00] [325.8 MB] Loading CGF levels/lobby_evening/Brush/127.cgf
[2014-07-16T10:32:01:471+00] [325.8 MB] Loading CGF levels/lobby_evening/Brush/128.cgf
[2014-07-16T10:32:01:473+00] [325.8 MB] Loading CGF levels/lobby_evening/Brush/129.cgf
[2014-07-16T10:32:01:475+00] [325.8 MB] Loading CGF levels/lobby_evening/Brush/13.cgf
[2014-07-16T10:32:01:477+00] [325.8 MB] Loading CGF levels/lobby_evening/Brush/130.cgf
[2014-07-16T10:32:01:478+00] [325.8 MB] Loading CGF levels/lobby_evening/Brush/131.cgf
[2014-07-16T10:32:01:481+00] [325.8 MB] Loading CGF levels/lobby_evening/Brush/132.cgf
[2014-07-16T10:32:01:483+00] [325.8 MB] Loading CGF levels/lobby_evening/Brush/133.cgf
[2014-07-16T10:32:01:484+00] [325.8 MB] Loading CGF levels/lobby_evening/Brush/134.cgf
[2014-07-16T10:32:01:486+00] [325.8 MB] Loading CGF levels/lobby_evening/Brush/135.cgf
[2014-07-16T10:32:01:488+00] [325.8 MB] Loading CGF levels/lobby_evening/Brush/136.cgf
[2014-07-16T10:32:01:489+00] [325.8 MB] Loading CGF levels/lobby_evening/Brush/137.cgf
[2014-07-16T10:32:01:492+00] [325.8 MB] Loading CGF levels/lobby_evening/Brush/138.cgf
[2014-07-16T10:32:01:494+00] [325.8 MB] Loading CGF levels/lobby_evening/Brush/139.cgf
[2014-07-16T10:32:01:495+00] [325.8 MB] Loading CGF levels/lobby_evening/Brush/14.cgf
[2014-07-16T10:32:01:497+00] [325.8 MB] Loading CGF levels/lobby_evening/Brush/140.cgf
[2014-07-16T10:32:01:498+00] [325.8 MB] Loading CGF levels/lobby_evening/Brush/141.cgf
[2014-07-16T10:32:01:500+00] [325.8 MB] Loading CGF levels/lobby_evening/Brush/142.cgf
[2014-07-16T10:32:01:503+00] [325.8 MB] Loading CGF levels/lobby_evening/Brush/143.cgf
[2014-07-16T10:32:01:504+00] [325.8 MB] Loading CGF levels/lobby_evening/Brush/144.cgf
[2014-07-16T10:32:01:506+00] [325.8 MB] Loading CGF levels/lobby_evening/Brush/145.cgf
[2014-07-16T10:32:01:508+00] [325.8 MB] Loading CGF levels/lobby_evening/Brush/146.cgf
[2014-07-16T10:32:01:510+00] [325.8 MB] Loading CGF levels/lobby_evening/Brush/147.cgf
[2014-07-16T10:32:01:511+00] [325.8 MB] Loading CGF levels/lobby_evening/Brush/148.cgf
[2014-07-16T10:32:01:514+00] [325.8 MB] Loading CGF levels/lobby_evening/Brush/149.cgf
[2014-07-16T10:32:01:516+00] [325.8 MB] Loading CGF levels/lobby_evening/Brush/15.cgf
[2014-07-16T10:32:01:517+00] [325.8 MB] Loading CGF levels/lobby_evening/Brush/150.cgf
[2014-07-16T10:32:01:519+00] [325.8 MB] Loading CGF levels/lobby_evening/Brush/151.cgf
[2014-07-16T10:32:01:521+00] [325.9 MB] Loading CGF levels/lobby_evening/Brush/152.cgf
[2014-07-16T10:32:01:523+00] [325.9 MB] Loading CGF levels/lobby_evening/Brush/153.cgf
[2014-07-16T10:32:01:525+00] [325.9 MB] Loading CGF levels/lobby_evening/Brush/154.cgf
[2014-07-16T10:32:01:526+00] [325.9 MB] Loading CGF levels/lobby_evening/Brush/155.cgf
[2014-07-16T10:32:01:528+00] [325.9 MB] Loading CGF levels/lobby_evening/Brush/156.cgf
[2014-07-16T10:32:01:530+00] [325.9 MB] Loading CGF levels/lobby_evening/Brush/16.cgf
[2014-07-16T10:32:01:532+00] [325.9 MB] Loading CGF levels/lobby_evening/Brush/17.cgf
[2014-07-16T10:32:01:533+00] [325.9 MB] Loading CGF levels/lobby_evening/Brush/18.cgf
[2014-07-16T10:32:01:536+00] [325.9 MB] Loading CGF levels/lobby_evening/Brush/19.cgf
[2014-07-16T10:32:01:538+00] [325.9 MB] Loading CGF levels/lobby_evening/Brush/2.cgf
[2014-07-16T10:32:01:539+00] [325.9 MB] Loading CGF levels/lobby_evening/Brush/20.cgf
[2014-07-16T10:32:01:541+00] [325.9 MB] Loading CGF levels/lobby_evening/Brush/21.cgf
[2014-07-16T10:32:01:543+00] [325.9 MB] Loading CGF levels/lobby_evening/Brush/22.cgf
[2014-07-16T10:32:01:544+00] [325.9 MB] Loading CGF levels/lobby_evening/Brush/23.cgf
[2014-07-16T10:32:01:547+00] [325.9 MB] Loading CGF levels/lobby_evening/Brush/24.cgf
[2014-07-16T10:32:01:549+00] [325.9 MB] Loading CGF levels/lobby_evening/Brush/25.cgf
[2014-07-16T10:32:01:550+00] [325.9 MB] Loading CGF levels/lobby_evening/Brush/26.cgf
[2014-07-16T10:32:01:552+00] [326.0 MB] Loading CGF levels/lobby_evening/Brush/27.cgf
[2014-07-16T10:32:01:554+00] [326.0 MB] Loading CGF levels/lobby_evening/Brush/28.cgf
[2014-07-16T10:32:01:556+00] [326.0 MB] Loading CGF levels/lobby_evening/Brush/29.cgf
[2014-07-16T10:32:01:558+00] [326.0 MB] Loading CGF levels/lobby_evening/Brush/3.cgf
[2014-07-16T10:32:01:559+00] [326.0 MB] Loading CGF levels/lobby_evening/Brush/30.cgf
[2014-07-16T10:32:01:561+00] [326.0 MB] Loading CGF levels/lobby_evening/Brush/31.cgf
[2014-07-16T10:32:01:563+00] [326.0 MB] Loading CGF levels/lobby_evening/Brush/32.cgf
[2014-07-16T10:32:01:565+00] [326.0 MB] Loading CGF levels/lobby_evening/Brush/33.cgf
[2014-07-16T10:32:01:567+00] [326.0 MB] Loading CGF levels/lobby_evening/Brush/34.cgf
[2014-07-16T10:32:01:569+00] [326.0 MB] Loading CGF levels/lobby_evening/Brush/35.cgf
[2014-07-16T10:32:01:570+00] [326.0 MB] Loading CGF levels/lobby_evening/Brush/36.cgf
[2014-07-16T10:32:01:572+00] [326.0 MB] Loading CGF levels/lobby_evening/Brush/37.cgf
[2014-07-16T10:32:01:574+00] [326.0 MB] Loading CGF levels/lobby_evening/Brush/38.cgf
[2014-07-16T10:32:01:576+00] [326.0 MB] Loading CGF levels/lobby_evening/Brush/39.cgf
[2014-07-16T10:32:01:579+00] [326.0 MB] Loading CGF levels/lobby_evening/Brush/4.cgf
[2014-07-16T10:32:01:581+00] [326.0 MB] Loading CGF levels/lobby_evening/Brush/40.cgf
[2014-07-16T10:32:01:583+00] [326.0 MB] Loading CGF levels/lobby_evening/Brush/41.cgf
[2014-07-16T10:32:01:585+00] [326.0 MB] Loading CGF levels/lobby_evening/Brush/42.cgf
[2014-07-16T10:32:01:586+00] [326.0 MB] Loading CGF levels/lobby_evening/Brush/43.cgf
[2014-07-16T10:32:01:588+00] [326.0 MB] Loading CGF levels/lobby_evening/Brush/44.cgf
[2014-07-16T10:32:01:591+00] [326.0 MB] Loading CGF levels/lobby_evening/Brush/45.cgf
[2014-07-16T10:32:01:593+00] [326.0 MB] Loading CGF levels/lobby_evening/Brush/46.cgf
[2014-07-16T10:32:01:594+00] [326.0 MB] Loading CGF levels/lobby_evening/Brush/47.cgf
[2014-07-16T10:32:01:596+00] [326.0 MB] Loading CGF levels/lobby_evening/Brush/48.cgf
[2014-07-16T10:32:01:598+00] [326.0 MB] Loading CGF levels/lobby_evening/Brush/49.cgf
[2014-07-16T10:32:01:600+00] [326.0 MB] Loading CGF levels/lobby_evening/Brush/5.cgf
[2014-07-16T10:32:01:602+00] [326.0 MB] Loading CGF levels/lobby_evening/Brush/50.cgf
[2014-07-16T10:32:01:604+00] [326.0 MB] Loading CGF levels/lobby_evening/Brush/51.cgf
[2014-07-16T10:32:01:606+00] [326.0 MB] Loading CGF levels/lobby_evening/Brush/52.cgf
[2014-07-16T10:32:01:607+00] [326.0 MB] Loading CGF levels/lobby_evening/Brush/53.cgf
[2014-07-16T10:32:01:609+00] [326.0 MB] Loading CGF levels/lobby_evening/Brush/54.cgf
[2014-07-16T10:32:01:611+00] [326.0 MB] Loading CGF levels/lobby_evening/Brush/55.cgf
[2014-07-16T10:32:01:613+00] [326.0 MB] Loading CGF levels/lobby_evening/Brush/56.cgf
[2014-07-16T10:32:01:615+00] [326.0 MB] Loading CGF levels/lobby_evening/Brush/57.cgf
[2014-07-16T10:32:01:616+00] [326.0 MB] Loading CGF levels/lobby_evening/Brush/58.cgf
[2014-07-16T10:32:01:618+00] [326.0 MB] Loading CGF levels/lobby_evening/Brush/59.cgf
[2014-07-16T10:32:01:620+00] [326.0 MB] Loading CGF levels/lobby_evening/Brush/6.cgf
[2014-07-16T10:32:01:621+00] [326.0 MB] Loading CGF levels/lobby_evening/Brush/60.cgf
[2014-07-16T10:32:01:624+00] [326.0 MB] Loading CGF levels/lobby_evening/Brush/61.cgf
[2014-07-16T10:32:01:626+00] [326.0 MB] Loading CGF levels/lobby_evening/Brush/62.cgf
[2014-07-16T10:32:01:627+00] [326.0 MB] Loading CGF levels/lobby_evening/Brush/63.cgf
[2014-07-16T10:32:01:629+00] [326.0 MB] Loading CGF levels/lobby_evening/Brush/64.cgf
[2014-07-16T10:32:01:631+00] [326.0 MB] Loading CGF levels/lobby_evening/Brush/65.cgf
[2014-07-16T10:32:01:632+00] [326.0 MB] Loading CGF levels/lobby_evening/Brush/66.cgf
[2014-07-16T10:32:01:635+00] [326.0 MB] Loading CGF levels/lobby_evening/Brush/67.cgf
[2014-07-16T10:32:01:637+00] [326.0 MB] Loading CGF levels/lobby_evening/Brush/68.cgf
[2014-07-16T10:32:01:638+00] [326.0 MB] Loading CGF levels/lobby_evening/Brush/69.cgf
[2014-07-16T10:32:01:640+00] [326.0 MB] Loading CGF levels/lobby_evening/Brush/7.cgf
[2014-07-16T10:32:01:642+00] [326.0 MB] Loading CGF levels/lobby_evening/Brush/70.cgf
[2014-07-16T10:32:01:644+00] [326.0 MB] Loading CGF levels/lobby_evening/Brush/71.cgf
[2014-07-16T10:32:01:646+00] [326.0 MB] Loading CGF levels/lobby_evening/Brush/72.cgf
[2014-07-16T10:32:01:648+00] [326.0 MB] Loading CGF levels/lobby_evening/Brush/73.cgf
[2014-07-16T10:32:01:650+00] [326.0 MB] Loading CGF levels/lobby_evening/Brush/74.cgf
[2014-07-16T10:32:01:651+00] [326.0 MB] Loading CGF levels/lobby_evening/Brush/75.cgf
[2014-07-16T10:32:01:653+00] [326.0 MB] Loading CGF levels/lobby_evening/Brush/76.cgf
[2014-07-16T10:32:01:655+00] [326.0 MB] Loading CGF levels/lobby_evening/Brush/77.cgf
[2014-07-16T10:32:01:657+00] [326.0 MB] Loading CGF levels/lobby_evening/Brush/78.cgf
[2014-07-16T10:32:01:659+00] [326.0 MB] Loading CGF levels/lobby_evening/Brush/79.cgf
[2014-07-16T10:32:01:660+00] [326.0 MB] Loading CGF levels/lobby_evening/Brush/8.cgf
[2014-07-16T10:32:01:662+00] [326.0 MB] Loading CGF levels/lobby_evening/Brush/80.cgf
[2014-07-16T10:32:01:664+00] [326.0 MB] Loading CGF levels/lobby_evening/Brush/81.cgf
[2014-07-16T10:32:01:666+00] [326.0 MB] Loading CGF levels/lobby_evening/Brush/82.cgf
[2014-07-16T10:32:01:668+00] [326.0 MB] Loading CGF levels/lobby_evening/Brush/83.cgf
[2014-07-16T10:32:01:669+00] [326.0 MB] Loading CGF levels/lobby_evening/Brush/84.cgf
[2014-07-16T10:32:01:671+00] [326.1 MB] Loading CGF levels/lobby_evening/Brush/85.cgf
[2014-07-16T10:32:01:673+00] [326.1 MB] Loading CGF levels/lobby_evening/Brush/86.cgf
[2014-07-16T10:32:01:675+00] [326.1 MB] Loading CGF levels/lobby_evening/Brush/87.cgf
[2014-07-16T10:32:01:677+00] [326.1 MB] Loading CGF levels/lobby_evening/Brush/88.cgf
[2014-07-16T10:32:01:679+00] [326.1 MB] Loading CGF levels/lobby_evening/Brush/89.cgf
[2014-07-16T10:32:01:680+00] [326.1 MB] Loading CGF levels/lobby_evening/Brush/9.cgf
[2014-07-16T10:32:01:682+00] [326.1 MB] Loading CGF levels/lobby_evening/Brush/90.cgf
[2014-07-16T10:32:01:684+00] [326.1 MB] Loading CGF levels/lobby_evening/Brush/91.cgf
[2014-07-16T10:32:01:686+00] [326.1 MB] Loading CGF levels/lobby_evening/Brush/92.cgf
[2014-07-16T10:32:01:688+00] [326.1 MB] Loading CGF levels/lobby_evening/Brush/93.cgf
[2014-07-16T10:32:01:689+00] [326.1 MB] Loading CGF levels/lobby_evening/Brush/94.cgf
[2014-07-16T10:32:01:691+00] [326.1 MB] Loading CGF levels/lobby_evening/Brush/95.cgf
[2014-07-16T10:32:01:693+00] [326.1 MB] Loading CGF levels/lobby_evening/Brush/96.cgf
[2014-07-16T10:32:01:695+00] [326.1 MB] Loading CGF levels/lobby_evening/Brush/97.cgf
[2014-07-16T10:32:01:696+00] [326.1 MB] Loading CGF levels/lobby_evening/Brush/98.cgf
[2014-07-16T10:32:01:698+00] [326.1 MB] Loading CGF levels/lobby_evening/Brush/99.cgf
[2014-07-16T10:32:01:701+00] [326.1 MB] Loading CGF objects/architecture/lobby/background_buildings/container_01.cgf
[2014-07-16T10:32:01:704+00] [326.1 MB] Loading CGF objects/architecture/lobby/background_buildings/container_02.cgf
[2014-07-16T10:32:01:706+00] [326.2 MB] Loading CGF objects/architecture/lobby/background_buildings/container_03.cgf
[2014-07-16T10:32:01:708+00] [326.2 MB] Loading CGF objects/architecture/lobby/background_buildings/destroyed_building.cgf
[2014-07-16T10:32:01:710+00] [326.2 MB] Loading CGF objects/architecture/lobby/background_buildings/hideout_building.cgf
[2014-07-16T10:32:01:712+00] [326.2 MB] Loading CGF objects/architecture/lobby/ceiling/ceiling_glass.cgf
[2014-07-16T10:32:01:715+00] [326.2 MB] Loading CGF objects/architecture/lobby/ceiling/ceiling_mod.cgf
[2014-07-16T10:32:01:718+00] [326.2 MB] Loading CGF objects/architecture/lobby/ceiling/metal_beam.cgf
[2014-07-16T10:32:01:721+00] [326.2 MB] Loading CGF objects/architecture/lobby/ceiling/pillar_concrete_metal.cgf
[2014-07-16T10:32:01:723+00] [326.3 MB] Loading CGF objects/architecture/lobby/ceiling/wall_pillar.cgf
[2014-07-16T10:32:01:725+00] [326.3 MB] Loading CGF objects/architecture/lobby/ground/bus_gap.cgf
[2014-07-16T10:32:01:728+00] [326.3 MB] Loading CGF objects/architecture/lobby/pipes/fat/fat_pipe_bulb.cgf
[2014-07-16T10:32:01:732+00] [326.3 MB] Loading CGF objects/architecture/lobby/pipes/fat/fat_pipe_corner.cgf
[2014-07-16T10:32:01:734+00] [326.3 MB] Loading CGF objects/architecture/lobby/pipes/fat/fat_pipe_end.cgf
[2014-07-16T10:32:01:737+00] [326.3 MB] Loading CGF objects/architecture/lobby/pipes/fat/fat_pipe_handler.cgf
[2014-07-16T10:32:01:739+00] [326.3 MB] Loading CGF objects/architecture/lobby/pipes/fat/fat_pipe_mod.cgf
[2014-07-16T10:32:01:741+00] [326.3 MB] Loading CGF objects/architecture/lobby/pipes/fat/fat_pipe_vent_box.cgf
[2014-07-16T10:32:01:743+00] [326.3 MB] Loading CGF objects/architecture/lobby/pipes/thin/thin_pipes_corner.cgf
[2014-07-16T10:32:01:746+00] [326.3 MB] Loading CGF objects/architecture/lobby/pipes/thin/thin_pipes_mod.cgf
[2014-07-16T10:32:01:747+00] [326.3 MB] Loading CGF objects/architecture/lobby/pipes/thin/thin_pipes_starter_left.cgf
[2014-07-16T10:32:01:749+00] [326.3 MB] Loading CGF objects/architecture/lobby/pipes/thin/thin_pipes_t.cgf
[2014-07-16T10:32:01:750+00] [326.3 MB] Loading CGF objects/architecture/lobby/stairs/corner_long.cgf
[2014-07-16T10:32:01:756+00] [326.3 MB] Loading CGF objects/architecture/lobby/stairs/ground_platform.cgf
[2014-07-16T10:32:01:758+00] [326.7 MB] Loading CGF objects/architecture/lobby/stairs/metal_ground_half_mod.cgf
[2014-07-16T10:32:01:760+00] [326.6 MB] Loading CGF objects/architecture/lobby/stairs/metal_ground_mod.cgf
[2014-07-16T10:32:01:762+00] [326.6 MB] Loading CGF objects/architecture/lobby/stairs/pillar.cgf
[2014-07-16T10:32:01:764+00] [326.6 MB] Loading CGF objects/architecture/lobby/stairs/pillar_small.cgf
[2014-07-16T10:32:01:766+00] [326.6 MB] Loading CGF objects/architecture/lobby/stairs/platform_short.cgf
[2014-07-16T10:32:01:767+00] [326.6 MB] Loading CGF objects/architecture/lobby/stairs/platform_wide.cgf
[2014-07-16T10:32:01:769+00] [326.6 MB] Loading CGF objects/architecture/lobby/stairs/stairs.cgf
[2014-07-16T10:32:01:771+00] [326.6 MB] Loading CGF objects/architecture/lobby/stairs/stairs_short.cgf
[2014-07-16T10:32:01:773+00] [326.6 MB] Loading CGF objects/architecture/lobby/walls/concrete_top.cgf
[2014-07-16T10:32:01:777+00] [326.6 MB] Loading CGF objects/architecture/lobby/walls/corner_brick.cgf
[2014-07-16T10:32:01:781+00] [326.6 MB] Loading CGF objects/architecture/lobby/walls/corner_cement.cgf
[2014-07-16T10:32:01:783+00] [326.6 MB] Loading CGF objects/architecture/lobby/walls/garage_doors.cgf
[2014-07-16T10:32:01:787+00] [326.6 MB] Loading CGF objects/architecture/lobby/walls/garage_doors_windows.cgf
[2014-07-16T10:32:01:792+00] [326.8 MB] Loading CGF objects/architecture/lobby/walls/middle_pillar.cgf
[2014-07-16T10:32:01:794+00] [326.8 MB] Loading CGF objects/architecture/lobby/walls/shutter_full_window.cgf
[2014-07-16T10:32:01:796+00] [326.8 MB] Loading CGF objects/architecture/lobby/walls/shutter_half_window.cgf
[2014-07-16T10:32:01:798+00] [326.8 MB] Loading CGF objects/architecture/lobby/walls/wall_brick.cgf
[2014-07-16T10:32:01:800+00] [326.8 MB] Loading CGF objects/architecture/lobby/walls/wall_brick_concrete.cgf
[2014-07-16T10:32:01:802+00] [326.8 MB] Loading CGF objects/architecture/lobby/walls/wall_brick_concrete_inset.cgf
[2014-07-16T10:32:01:803+00] [326.8 MB] Loading CGF objects/architecture/lobby/walls/wall_brick_half.cgf
[2014-07-16T10:32:01:805+00] [326.8 MB] Loading CGF objects/architecture/lobby/walls/wall_long_window.cgf
[2014-07-16T10:32:01:807+00] [326.8 MB] Loading CGF objects/architecture/lobby/walls/wall_window_close.cgf
[2014-07-16T10:32:01:809+00] [326.8 MB] Loading CGF objects/architecture/lobby/walls/wall_window_close_brick.cgf
[2014-07-16T10:32:01:811+00] [326.8 MB] Loading CGF objects/architecture/lobby/walls/wall_wire.cgf
[2014-07-16T10:32:01:813+00] [326.8 MB] Loading CGF objects/architecture/lobby/walls/walls_shooting_range.cgf
[2014-07-16T10:32:01:816+00] [326.8 MB] Loading CGF objects/architecture/lobby/walls/window_close.cgf
[2014-07-16T10:32:01:818+00] [326.8 MB] Loading CGF objects/architecture/lobby/walls/window_long.cgf
[2014-07-16T10:32:01:819+00] [326.8 MB] Loading CGF objects/effects/breakable/bottle_brown_parts.cgf
[2014-07-16T10:32:01:827+00] [326.8 MB] Loading CGF objects/effects/breakable/bottle_green_parts.cgf
[2014-07-16T10:32:01:833+00] [326.8 MB] Loading CGF objects/effects/breakable/bottle_white_parts.cgf
[2014-07-16T10:32:01:838+00] [326.8 MB] Loading CGF objects/effects/breakable/china_parts/china_logos_neon_part_a.cgf
[2014-07-16T10:32:01:841+00] [326.8 MB] Loading CGF objects/effects/breakable/china_parts/china_logos_neon_part_hotel_a.cgf
[2014-07-16T10:32:01:845+00] [326.9 MB] Loading CGF objects/effects/breakable/china_parts/china_logos_neon_part_hotel_arc_a.cgf
[2014-07-16T10:32:01:847+00] [326.9 MB] Loading CGF objects/effects/breakable/china_parts/china_logos_neon_part_hotel_arc_b.cgf
[2014-07-16T10:32:01:849+00] [326.9 MB] Loading CGF objects/effects/breakable/china_parts/china_logos_neon_part_hotel_moon_a.cgf
[2014-07-16T10:32:01:851+00] [326.9 MB] Loading CGF objects/effects/breakable/china_parts/china_logos_neon_part_hotel_moon_b.cgf
[2014-07-16T10:32:01:854+00] [326.9 MB] Loading CGF objects/effects/breakable/china_parts/china_logos_neon_part_hotel_moon_c.cgf
[2014-07-16T10:32:01:856+00] [326.9 MB] Loading CGF objects/effects/breakable/china_parts/china_logos_neon_part_hotel_moon_d.cgf
[2014-07-16T10:32:01:858+00] [326.9 MB] Loading CGF objects/effects/breakable/china_parts/china_logos_neon_part_hotel_moon_e.cgf
[2014-07-16T10:32:01:861+00] [326.9 MB] Loading CGF objects/effects/breakable/china_parts/china_logos_neon_part_hotel_moon_f.cgf
[2014-07-16T10:32:01:863+00] [326.9 MB] Loading CGF objects/effects/breakable/china_parts/china_logos_neon_part_hotel_moon_g.cgf
[2014-07-16T10:32:01:865+00] [326.9 MB] Loading CGF objects/effects/breakable/china_parts/china_logos_neon_part_pizza_lina_h.cgf
[2014-07-16T10:32:01:867+00] [326.9 MB] Loading CGF objects/effects/breakable/china_parts/china_logos_neon_part_pizza_lina_i.cgf
[2014-07-16T10:32:01:870+00] [326.9 MB] Loading CGF objects/effects/breakable/china_parts/jug_a_parts.cgf
[2014-07-16T10:32:01:875+00] [327.0 MB] Loading CGF objects/effects/breakable/china_parts/jug_b_parts.cgf
[2014-07-16T10:32:01:880+00] [327.0 MB] Loading CGF objects/effects/breakable/china_parts/jug_c_parts.cgf
[2014-07-16T10:32:01:886+00] [327.0 MB] Loading CGF objects/effects/breakable/china_parts/jug_d_parts.cgf
[2014-07-16T10:32:01:891+00] [327.0 MB] Loading CGF objects/effects/breakable/china_parts/jug_e_parts.cgf
[2014-07-16T10:32:01:897+00] [327.0 MB] Loading CGF objects/effects/breakable/china_parts/jug_f_parts.cgf
[2014-07-16T10:32:01:902+00] [327.0 MB] Loading CGF objects/effects/breakable/china_parts/jug_g_parts.cgf
[2014-07-16T10:32:01:908+00] [327.0 MB] Loading CGF objects/effects/breakable/china_parts/plate_in_pieces.cgf
[2014-07-16T10:32:01:912+00] [327.0 MB] Loading CGF objects/effects/breakable/door.cgf
[2014-07-16T10:32:01:915+00] [327.0 MB] Loading CGF objects/effects/breakable/jug_big_parts.cgf
[2014-07-16T10:32:01:925+00] [327.1 MB] Loading CGF objects/effects/breakable/jug_little_parts.cgf
[2014-07-16T10:32:01:931+00] [327.1 MB] Loading CGF objects/effects/breakable/jug_med_a_partis.cgf
[2014-07-16T10:32:01:936+00] [327.1 MB] Loading CGF objects/effects/breakable/jug_small_a_partis.cgf
[2014-07-16T10:32:01:940+00] [327.1 MB] Loading CGF objects/effects/chellenger/challenger_debris_b.cgf
[2014-07-16T10:32:01:944+00] [327.1 MB] Loading CGF objects/effects/dragon/vl_dragon_trail_a.cgf
[2014-07-16T10:32:01:946+00] [327.1 MB] Loading CGF objects/effects/dragon/vl_dragon_trail_b.cgf
[2014-07-16T10:32:01:948+00] [327.1 MB] Loading CGF objects/effects/dragon/vl_dragon_trail_c.cgf
[2014-07-16T10:32:01:950+00] [327.1 MB] Loading CGF objects/effects/lights/vl_beams_rect_a.cgf
[2014-07-16T10:32:01:952+00] [327.1 MB] Loading CGF objects/effects/tracer_fp.cgf
[2014-07-16T10:32:02:000+00] [327.1 MB] Loading CGF objects/effects/weapons/shared/beam_laser_a.cgf
[2014-07-16T10:32:02:003+00] [327.1 MB] Loading CGF objects/helpers/special_moves/climb_200_200cm.cgf
[2014-07-16T10:32:02:015+00] [327.2 MB] Loading CGF objects/helpers/special_moves/climb_380_200cm.cgf
[2014-07-16T10:32:02:017+00] [327.2 MB] Loading CGF objects/helpers/special_moves/vault_100_60cm.cgf
[2014-07-16T10:32:02:019+00] [327.2 MB] Loading CGF objects/natural/misc/indoor_plants/indoor_plants_a.cgf
[2014-07-16T10:32:02:023+00] [327.2 MB] Loading CGF objects/natural/misc/indoor_plants/indoor_plants_palm_a.cgf
[2014-07-16T10:32:02:027+00] [327.2 MB] Loading CGF objects/natural/misc/indoor_plants/indoor_plants_palm_b.cgf
[2014-07-16T10:32:02:030+00] [327.3 MB] Loading CGF objects/natural/trees/explosion_shape/tree_broken_shape.cgf
[2014-07-16T10:32:02:034+00] [327.3 MB] Loading CGF objects/natural/trees/explosion_shape/tree_broken_shape2.cgf
[2014-07-16T10:32:02:037+00] [327.3 MB] Loading CGF objects/natural/trees/explosion_shape/tree_broken_shape3.cgf
[2014-07-16T10:32:02:039+00] [327.3 MB] Loading CGF objects/natural/trees/explosion_shape/trunk_slpinters_a.cgf
[2014-07-16T10:32:02:041+00] [327.3 MB] Loading CGF objects/props/awnings/chinese_awnings/shop_awning_b.cgf
[2014-07-16T10:32:02:045+00] [327.3 MB] Loading CGF objects/props/barbed_wire/barbed_wire_b.cgf
[2014-07-16T10:32:02:047+00] [327.3 MB] Loading CGF objects/props/barrels/metal_barrel/metal_barrel_a_red.cgf
[2014-07-16T10:32:02:052+00] [327.3 MB] Loading CGF objects/props/barrels/metal_barrel/metal_barrels_group_c.cgf
[2014-07-16T10:32:02:055+00] [327.3 MB] Loading CGF objects/props/barrels/metal_barrel/metal_barrels_group_d.cgf
[2014-07-16T10:32:02:060+00] [327.3 MB] Loading CGF objects/props/bicycle/bicycle_yellow.cgf
[2014-07-16T10:32:02:065+00] [327.3 MB] Loading CGF objects/props/brick_pallet/brick_pallet_a.cgf
[2014-07-16T10:32:02:069+00] [327.4 MB] Loading CGF objects/props/brick_pallet/brick_pallet_c.cgf
[2014-07-16T10:32:02:072+00] [327.4 MB] Loading CGF objects/props/brick_pallet/bricks_a.cgf
[2014-07-16T10:32:02:074+00] [327.4 MB] Loading CGF objects/props/camera/camera.cgf
[2014-07-16T10:32:02:077+00] [327.4 MB] Loading CGF objects/props/carpets/carpet_c.cgf
[2014-07-16T10:32:02:081+00] [327.4 MB] Loading CGF objects/props/carpets/carpet_h.cgf
[2014-07-16T10:32:02:083+00] [327.4 MB] Loading CGF objects/props/carpets/carpet_i.cgf
[2014-07-16T10:32:02:086+00] [327.4 MB] Loading CGF objects/props/carpets/carpet_j.cgf
[2014-07-16T10:32:02:089+00] [327.4 MB] Loading CGF objects/props/electronics_device/box_metal.cgf
[2014-07-16T10:32:02:092+00] [327.4 MB] Loading CGF objects/props/fences/metal_fence/metal_fence_b.cgf
[2014-07-16T10:32:02:096+00] [327.4 MB] Loading CGF objects/props/fences/metal_fence/metal_fence_g.cgf
[2014-07-16T10:32:02:099+00] [327.4 MB] Loading CGF objects/props/fences/metal_fence/metal_fence_wall.cgf
[2014-07-16T10:32:02:102+00] [327.4 MB] Loading CGF objects/props/fences/metal_fence/metal_sheet_fence_a.cgf
[2014-07-16T10:32:02:107+00] [327.4 MB] Loading CGF objects/props/fences/metal_fence/metal_sheet_fence_b.cgf
[2014-07-16T10:32:02:109+00] [327.4 MB] Loading CGF objects/props/fences/metal_fence/metal_sheet_fence_c.cgf
[2014-07-16T10:32:02:112+00] [327.5 MB] Loading CGF objects/props/fences/safety_barrier/safety_barrier_b.cgf
[2014-07-16T10:32:02:115+00] [327.5 MB] Loading CGF objects/props/football_gate/ball_a.cgf
[2014-07-16T10:32:02:117+00] [327.5 MB] Loading CGF objects/props/football_gate/football_gate_a.cgf
[2014-07-16T10:32:02:123+00] [327.5 MB] Loading CGF objects/props/furniture/chair_b.cgf
[2014-07-16T10:32:02:127+00] [327.5 MB] Loading CGF objects/props/furniture/china_garlands/festoon_lights_b.cgf
[2014-07-16T10:32:02:131+00] [327.5 MB] Loading CGF objects/props/furniture/china_garlands/flag_garland_b.cgf
[2014-07-16T10:32:02:133+00] [327.5 MB] Loading CGF objects/props/furniture/china_garlands/flag_garland_c.cgf
[2014-07-16T10:32:02:136+00] [327.5 MB] Loading CGF objects/props/furniture/clock/clock_a.cgf
[2014-07-16T10:32:02:138+00] [327.5 MB] Loading CGF objects/props/furniture/interior_lamps/chinese_lamp_a.cgf
[2014-07-16T10:32:02:143+00] [327.5 MB] Loading CGF objects/props/furniture/interior_lamps/chinese_lamp_a_on.cgf
[2014-07-16T10:32:02:145+00] [327.5 MB] Loading CGF objects/props/furniture/office_wall_pics/office_wall_pics_a.cgf
[2014-07-16T10:32:02:147+00] [327.5 MB] Loading CGF objects/props/furniture/office_wall_pics/office_wall_pics_b.cgf
[2014-07-16T10:32:02:149+00] [327.5 MB] Loading CGF objects/props/furniture/office_wall_pics/office_wall_pics_c.cgf
[2014-07-16T10:32:02:151+00] [327.5 MB] Loading CGF objects/props/furniture/reception_shelfs.cgf
[2014-07-16T10:32:02:154+00] [327.5 MB] Loading CGF objects/props/furniture/reception_table.cgf
[2014-07-16T10:32:02:157+00] [327.5 MB] Loading CGF objects/props/furniture/shutters/wooden_grate_a.cgf
[2014-07-16T10:32:02:160+00] [327.5 MB] [Warning] StatObj (objects/props/furniture/shutters/wooden_grate_a.cgf), phys geometry is using more matIds than available in the material (objects/props/wooden_stack/wooden_stack)  [File=objects/props/furniture/shutters/wooden_grate_a.cgf]
[2014-07-16T10:32:02:161+00] [327.5 MB] [Warning] StatObj (objects/props/furniture/shutters/wooden_grate_a.cgf), phys geometry is using more matIds than available in the material (objects/props/wooden_stack/wooden_stack)  [File=objects/props/furniture/shutters/wooden_grate_a.cgf]
[2014-07-16T10:32:02:162+00] [327.5 MB] [Warning] StatObj (objects/props/furniture/shutters/wooden_grate_a.cgf), phys geometry is using more matIds than available in the material (objects/props/wooden_stack/wooden_stack)  [File=objects/props/furniture/shutters/wooden_grate_a.cgf]
[2014-07-16T10:32:02:163+00] [327.5 MB] [Warning] StatObj (objects/props/furniture/shutters/wooden_grate_a.cgf), phys geometry is using more matIds than available in the material (objects/props/wooden_stack/wooden_stack)  [File=objects/props/furniture/shutters/wooden_grate_a.cgf]
[2014-07-16T10:32:02:164+00] [327.5 MB] [Warning] StatObj (objects/props/furniture/shutters/wooden_grate_a.cgf), phys geometry is using more matIds than available in the material (objects/props/wooden_stack/wooden_stack)  [File=objects/props/furniture/shutters/wooden_grate_a.cgf]
[2014-07-16T10:32:02:165+00] [327.5 MB] [Warning] StatObj (objects/props/furniture/shutters/wooden_grate_a.cgf), phys geometry is using more matIds than available in the material (objects/props/wooden_stack/wooden_stack)  [File=objects/props/furniture/shutters/wooden_grate_a.cgf]
[2014-07-16T10:32:02:166+00] [327.5 MB] [Warning] StatObj (objects/props/furniture/shutters/wooden_grate_a.cgf), phys geometry is using more matIds than available in the material (objects/props/wooden_stack/wooden_stack)  [File=objects/props/furniture/shutters/wooden_grate_a.cgf]
[2014-07-16T10:32:02:167+00] [327.5 MB] [Warning] StatObj (objects/props/furniture/shutters/wooden_grate_a.cgf), phys geometry is using more matIds than available in the material (objects/props/wooden_stack/wooden_stack)  [File=objects/props/furniture/shutters/wooden_grate_a.cgf]
[2014-07-16T10:32:02:168+00] [327.5 MB] [Warning] StatObj (objects/props/furniture/shutters/wooden_grate_a.cgf), phys geometry is using more matIds than available in the material (objects/props/wooden_stack/wooden_stack)  [File=objects/props/furniture/shutters/wooden_grate_a.cgf]
[2014-07-16T10:32:02:169+00] [327.5 MB] [Warning] StatObj (objects/props/furniture/shutters/wooden_grate_a.cgf), phys geometry is using more matIds than available in the material (objects/props/wooden_stack/wooden_stack)  [File=objects/props/furniture/shutters/wooden_grate_a.cgf]
[2014-07-16T10:32:02:171+00] [327.5 MB] Loading CGF objects/props/furniture/table_c.cgf
[2014-07-16T10:32:02:173+00] [327.5 MB] Loading CGF objects/props/jugs/china_jug/china_jug_e.cgf
[2014-07-16T10:32:02:176+00] [327.5 MB] Loading CGF objects/props/lobby/army_crates/army_crate_closed.cgf
[2014-07-16T10:32:02:179+00] [327.5 MB] Loading CGF objects/props/lobby/army_crates/army_crate_cover.cgf
[2014-07-16T10:32:02:181+00] [327.5 MB] Loading CGF objects/props/lobby/army_crates/army_crate_open.cgf
[2014-07-16T10:32:02:183+00] [327.5 MB] Loading CGF objects/props/lobby/army_crates/obstacle_01.cgf
[2014-07-16T10:32:02:187+00] [327.5 MB] Loading CGF objects/props/lobby/army_crates/obstacle_02.cgf
[2014-07-16T10:32:02:189+00] [327.5 MB] Loading CGF objects/props/lobby/army_crates/obstacle_03.cgf
[2014-07-16T10:32:02:191+00] [327.5 MB] Loading CGF objects/props/lobby/bar_bus_chair/bar_bus_chair.cgf
[2014-07-16T10:32:02:195+00] [327.5 MB] Loading CGF objects/props/lobby/barchair/barchair.cgf
[2014-07-16T10:32:02:198+00] [327.5 MB] Loading CGF objects/props/lobby/basketball/basket.cgf
[2014-07-16T10:32:02:201+00] [327.5 MB] Loading CGF objects/props/lobby/boards/board1.cgf
[2014-07-16T10:32:02:204+00] [327.5 MB] Loading CGF objects/props/lobby/boards/whiteboards.cgf
[2014-07-16T10:32:02:207+00] [327.5 MB] Loading CGF objects/props/lobby/bottle/bottle.cgf
[2014-07-16T10:32:02:211+00] [327.5 MB] Loading CGF objects/props/lobby/bottle/bottle2.cgf
[2014-07-16T10:32:02:213+00] [327.5 MB] Loading CGF objects/props/lobby/bottle/bottle4.cgf
[2014-07-16T10:32:02:215+00] [327.5 MB] Loading CGF objects/props/lobby/bottle/glass1.cgf
[2014-07-16T10:32:02:217+00] [327.5 MB] Loading CGF objects/props/lobby/briefdesk_chair/briefdesk_chair.cgf
[2014-07-16T10:32:02:221+00] [327.5 MB] Loading CGF objects/props/lobby/briefing_table/briefing_table.cgf
[2014-07-16T10:32:02:227+00] [327.6 MB] Loading CGF objects/props/lobby/cardboard_box/cardboard_box.cgf
[2014-07-16T10:32:02:230+00] [327.6 MB] Loading CGF objects/props/lobby/ceiling_fan/ceiling_fan.cgf
[2014-07-16T10:32:02:233+00] [327.6 MB] Loading CGF objects/props/lobby/chairs/beer_crate.cgf
[2014-07-16T10:32:02:236+00] [327.6 MB] Loading CGF objects/props/lobby/coffe_machine/coffee_machine.cgf
[2014-07-16T10:32:02:239+00] [327.6 MB] Loading CGF objects/props/lobby/concrete_side_walls/concrete_side_wall_horizontal.cgf
[2014-07-16T10:32:02:242+00] [327.6 MB] Loading CGF objects/props/lobby/concrete_side_walls/concrete_side_wall_vertical.cgf
[2014-07-16T10:32:02:243+00] [327.6 MB] Loading CGF objects/props/lobby/copter_deco/copter_deco_closed.cgf
[2014-07-16T10:32:02:247+00] [327.6 MB] Loading CGF objects/props/lobby/copter_deco/copter_deco_open.cgf
[2014-07-16T10:32:02:249+00] [327.6 MB] Loading CGF objects/props/lobby/cranes/crane_big.cgf
[2014-07-16T10:32:02:252+00] [327.6 MB] Loading CGF objects/props/lobby/cranes/crane_small.cgf
[2014-07-16T10:32:02:254+00] [327.6 MB] Loading CGF objects/props/lobby/dartboard/dartboard.cgf
[2014-07-16T10:32:02:257+00] [327.6 MB] Loading CGF objects/props/lobby/drawer/drawer.cgf
[2014-07-16T10:32:02:260+00] [327.6 MB] Loading CGF objects/props/lobby/f_lamp/lamp.cgf
[2014-07-16T10:32:02:264+00] [327.6 MB] Loading CGF objects/props/lobby/fridge/fridge.cgf
[2014-07-16T10:32:02:266+00] [327.6 MB] Loading CGF objects/props/lobby/glass_walls/glass_door.cgf
[2014-07-16T10:32:02:269+00] [327.6 MB] Loading CGF objects/props/lobby/glass_walls/glass_door_frame.cgf
[2014-07-16T10:32:02:271+00] [327.6 MB] Loading CGF objects/props/lobby/glass_walls/glass_walls.cgf
[2014-07-16T10:32:02:273+00] [327.6 MB] Loading CGF objects/props/lobby/gun_box/gun_box.cgf
[2014-07-16T10:32:02:276+00] [327.6 MB] Loading CGF objects/props/lobby/guns/long_gun_01.cgf
[2014-07-16T10:32:02:279+00] [327.8 MB] Loading CGF objects/props/lobby/guns/long_gun_02.cgf
[2014-07-16T10:32:02:282+00] [327.8 MB] Loading CGF objects/props/lobby/guns/long_gun_03.cgf
[2014-07-16T10:32:02:285+00] [327.8 MB] Loading CGF objects/props/lobby/guns/long_gun_04.cgf
[2014-07-16T10:32:02:288+00] [327.8 MB] Loading CGF objects/props/lobby/guns/middle_gun_01.cgf
[2014-07-16T10:32:02:290+00] [327.8 MB] Loading CGF objects/props/lobby/guns/middle_gun_02.cgf
[2014-07-16T10:32:02:293+00] [327.8 MB] Loading CGF objects/props/lobby/guns/small_gun.cgf
[2014-07-16T10:32:02:296+00] [327.8 MB] Loading CGF objects/props/lobby/gym/bench.cgf
[2014-07-16T10:32:02:299+00] [327.8 MB] Loading CGF objects/props/lobby/gym/gym_machine.cgf
[2014-07-16T10:32:02:302+00] [327.8 MB] Loading CGF objects/props/lobby/gym/matte_1.cgf
[2014-07-16T10:32:02:305+00] [327.8 MB] Loading CGF objects/props/lobby/gym/rack_big.cgf
[2014-07-16T10:32:02:309+00] [327.8 MB] Loading CGF objects/props/lobby/gym/rack_small.cgf
[2014-07-16T10:32:02:311+00] [327.8 MB] Loading CGF objects/props/lobby/gym/weight_bigl_1.cgf
[2014-07-16T10:32:02:313+00] [327.8 MB] Loading CGF objects/props/lobby/gym/weight_small_2.cgf
[2014-07-16T10:32:02:315+00] [327.8 MB] Loading CGF objects/props/lobby/halogen_lamp/halogen_lamp.cgf
[2014-07-16T10:32:02:318+00] [327.8 MB] Loading CGF objects/props/lobby/jukebox/jukebox.cgf
[2014-07-16T10:32:02:324+00] [327.8 MB] Loading CGF objects/props/lobby/kitchen/kitchen.cgf
[2014-07-16T10:32:02:329+00] [327.9 MB] Loading CGF objects/props/lobby/kitchen_chair/kitchenchair.cgf
[2014-07-16T10:32:02:332+00] [328.0 MB] Loading CGF objects/props/lobby/locker/bench.cgf
[2014-07-16T10:32:02:335+00] [328.0 MB] Loading CGF objects/props/lobby/locker/locker_close.cgf
[2014-07-16T10:32:02:338+00] [328.0 MB] Loading CGF objects/props/lobby/locker/locker_open.cgf
[2014-07-16T10:32:02:340+00] [328.0 MB] Loading CGF objects/props/lobby/microvawe/microwave.cgf
[2014-07-16T10:32:02:343+00] [328.0 MB] Loading CGF objects/props/lobby/neon_bar_sign/neon_bar_sign.cgf
[2014-07-16T10:32:02:346+00] [328.0 MB] Loading CGF objects/props/lobby/phone/phone.cgf
[2014-07-16T10:32:02:349+00] [328.0 MB] Loading CGF objects/props/lobby/pinball/pinball.cgf
[2014-07-16T10:32:02:352+00] [328.0 MB] Loading CGF objects/props/lobby/racks/rack_big_closed_02.cgf
[2014-07-16T10:32:02:354+00] [328.0 MB] Loading CGF objects/props/lobby/racks/rack_big_open.cgf
[2014-07-16T10:32:02:357+00] [328.0 MB] Loading CGF objects/props/lobby/racks/rack_medium_closed.cgf
[2014-07-16T10:32:02:359+00] [328.0 MB] Loading CGF objects/props/lobby/racks/rack_medium_open.cgf
[2014-07-16T10:32:02:362+00] [328.0 MB] Loading CGF objects/props/lobby/racks/rack_single.cgf
[2014-07-16T10:32:02:364+00] [328.0 MB] Loading CGF objects/props/lobby/racks/rack_small_closed.cgf
[2014-07-16T10:32:02:367+00] [328.0 MB] Loading CGF objects/props/lobby/racks/rack_small_mobile.cgf
[2014-07-16T10:32:02:369+00] [328.0 MB] Loading CGF objects/props/lobby/racks/rack_wall_01.cgf
[2014-07-16T10:32:02:372+00] [328.0 MB] Loading CGF objects/props/lobby/racks/rack_wall_02.cgf
[2014-07-16T10:32:02:373+00] [328.0 MB] Loading CGF objects/props/lobby/racks/top_fence.cgf
[2014-07-16T10:32:02:375+00] [328.0 MB] Loading CGF objects/props/lobby/racks/top_fence_corner.cgf
[2014-07-16T10:32:02:377+00] [328.0 MB] Loading CGF objects/props/lobby/racks/top_fence_gate.cgf
[2014-07-16T10:32:02:379+00] [328.0 MB] Loading CGF objects/props/lobby/racks/top_fence_gate_closed.cgf
[2014-07-16T10:32:02:380+00] [328.0 MB] Loading CGF objects/props/lobby/racks_equip/bag.cgf
[2014-07-16T10:32:02:383+00] [328.0 MB] Loading CGF objects/props/lobby/racks_equip/hand_bag.cgf
[2014-07-16T10:32:02:385+00] [328.0 MB] Loading CGF objects/props/lobby/racks_equip/metal_box.cgf
[2014-07-16T10:32:02:387+00] [328.0 MB] Loading CGF objects/props/lobby/racks_equip/metal_container.cgf
[2014-07-16T10:32:02:389+00] [328.0 MB] Loading CGF objects/props/lobby/racks_equip/metal_container_small.cgf
[2014-07-16T10:32:02:391+00] [328.0 MB] Loading CGF objects/props/lobby/racks_equip/plastic_box.cgf
[2014-07-16T10:32:02:393+00] [328.0 MB] Loading CGF objects/props/lobby/racks_equip/round_bag.cgf
[2014-07-16T10:32:02:395+00] [328.0 MB] Loading CGF objects/props/lobby/radio/radio.cgf
[2014-07-16T10:32:02:397+00] [328.0 MB] Loading CGF objects/props/lobby/round_bar_table/chair_round_table.cgf
[2014-07-16T10:32:02:401+00] [328.0 MB] Loading CGF objects/props/lobby/round_bar_table/round_bar_table.cgf
[2014-07-16T10:32:02:404+00] [328.0 MB] Loading CGF objects/props/lobby/rubble_shooting_range/rubble_shooting_range01.cgf
[2014-07-16T10:32:02:406+00] [328.0 MB] Loading CGF objects/props/lobby/rubble_shooting_range/rubble_shooting_range02.cgf
[2014-07-16T10:32:02:409+00] [328.0 MB] Loading CGF objects/props/lobby/shooting_range_lamp/shooting_range_lamp.cgf
[2014-07-16T10:32:02:412+00] [328.0 MB] Loading CGF objects/props/lobby/signs/arrow_sign.cgf
[2014-07-16T10:32:02:415+00] [328.0 MB] Loading CGF objects/props/lobby/signs/window_flag.cgf
[2014-07-16T10:32:02:418+00] [328.0 MB] Loading CGF objects/props/lobby/snooker/snookerhighpoly.cgf
[2014-07-16T10:32:02:421+00] [328.0 MB] Loading CGF objects/props/lobby/sofa_armchair/armchair_a.cgf
[2014-07-16T10:32:02:424+00] [328.0 MB] Loading CGF objects/props/lobby/sofa_armchair/sofa.cgf
[2014-07-16T10:32:02:474+00] [328.0 MB] Loading CGF objects/props/lobby/sofa_armchair/sofa_a.cgf
[2014-07-16T10:32:02:478+00] [328.0 MB] Loading CGF objects/props/lobby/sofa_table/sofa_table.cgf
[2014-07-16T10:32:02:480+00] [328.0 MB] Loading CGF objects/props/lobby/sound_blockers/sound_blockers.cgf
[2014-07-16T10:32:02:484+00] [328.1 MB] Loading CGF objects/props/lobby/stadion_lights/stadion_lights.cgf
[2014-07-16T10:32:02:487+00] [328.1 MB] Loading CGF objects/props/lobby/sunshafts/long_shafts.cgf
[2014-07-16T10:32:02:489+00] [328.1 MB] Loading CGF objects/props/lobby/sunshafts/window_glow.cgf
[2014-07-16T10:32:02:491+00] [328.1 MB] Loading CGF objects/props/lobby/table/table.cgf
[2014-07-16T10:32:02:494+00] [328.1 MB] Loading CGF objects/props/lobby/trash_can/trash_can.cgf
[2014-07-16T10:32:02:497+00] [328.1 MB] Loading CGF objects/props/lobby/tv/tv_hanging.cgf
[2014-07-16T10:32:02:500+00] [328.1 MB] Loading CGF objects/props/lobby/tv/tv_plasma.cgf
[2014-07-16T10:32:02:502+00] [328.1 MB] Loading CGF objects/props/lobby/tv_table/tv_table.cgf
[2014-07-16T10:32:02:506+00] [328.1 MB] Loading CGF objects/props/logo_sets/china_logos/china_logo_neon_e.cgf
[2014-07-16T10:32:02:509+00] [328.1 MB] Loading CGF objects/props/logo_sets/china_logos/china_logo_neon_h.cgf
[2014-07-16T10:32:02:512+00] [328.1 MB] Loading CGF objects/props/logo_sets/china_logos/china_logo_neon_j.cgf
[2014-07-16T10:32:02:515+00] [328.1 MB] Loading CGF objects/props/market/bottles/bottle_water_big_a.cgf
[2014-07-16T10:32:02:518+00] [328.1 MB] Loading CGF objects/props/market/bottles/bottle_water_big_group_a.cgf
[2014-07-16T10:32:02:520+00] [328.1 MB] Loading CGF objects/props/market/carton_boxes/carton_box_b.cgf
[2014-07-16T10:32:02:522+00] [328.1 MB] Loading CGF objects/props/market/carton_boxes/carton_box_d.cgf
[2014-07-16T10:32:02:524+00] [328.1 MB] Loading CGF objects/props/market/carton_boxes/carton_box_e.cgf
[2014-07-16T10:32:02:527+00] [328.1 MB] Loading CGF objects/props/market/carton_boxes/carton_box_g.cgf
[2014-07-16T10:32:02:528+00] [328.1 MB] Loading CGF objects/props/market/carton_boxes/carton_box_h.cgf
[2014-07-16T10:32:02:530+00] [328.1 MB] Loading CGF objects/props/market/carton_boxes/carton_box_i.cgf
[2014-07-16T10:32:02:532+00] [328.1 MB] Loading CGF objects/props/market/carton_boxes/carton_box_set_a.cgf
[2014-07-16T10:32:02:533+00] [328.1 MB] Loading CGF objects/props/market/carton_boxes/carton_box_set_c.cgf
[2014-07-16T10:32:02:535+00] [328.1 MB] Loading CGF objects/props/market/carton_boxes/carton_box_set_d.cgf
[2014-07-16T10:32:02:536+00] [328.1 MB] Loading CGF objects/props/market/carton_boxes/carton_box_set_e.cgf
[2014-07-16T10:32:02:538+00] [328.1 MB] Loading CGF objects/props/market/souvenirs/cup_blue_a.cgf
[2014-07-16T10:32:02:541+00] [328.1 MB] Loading CGF objects/props/market/souvenirs/plate_blue_a.cgf
[2014-07-16T10:32:02:543+00] [328.1 MB] Loading CGF objects/props/market/souvenirs/plate_blue_b.cgf
[2014-07-16T10:32:02:545+00] [328.1 MB] Loading CGF objects/props/market/souvenirs/plate_yellow_a.cgf
[2014-07-16T10:32:02:546+00] [328.1 MB] Loading CGF objects/props/market/souvenirs/plate_yellow_b.cgf
[2014-07-16T10:32:02:548+00] [328.1 MB] Loading CGF objects/props/market/souvenirs/solter_yellow.cgf
[2014-07-16T10:32:02:550+00] [328.1 MB] Loading CGF objects/props/market/tent/market_goods_a.cgf
[2014-07-16T10:32:02:553+00] [328.1 MB] Loading CGF objects/props/market/tent/market_goods_d.cgf
[2014-07-16T10:32:02:555+00] [328.1 MB] Loading CGF objects/props/market/tent/market_goods_g.cgf
[2014-07-16T10:32:02:556+00] [328.1 MB] Loading CGF objects/props/market/tent/market_goods_k.cgf
[2014-07-16T10:32:02:560+00] [328.1 MB] Loading CGF objects/props/market/utensil/mug_a.cgf
[2014-07-16T10:32:02:562+00] [328.1 MB] Loading CGF objects/props/market/utensil/plate_a.cgf
[2014-07-16T10:32:02:564+00] [328.1 MB] Loading CGF objects/props/market/utensil/plate_b.cgf
[2014-07-16T10:32:02:566+00] [328.1 MB] Loading CGF objects/props/market/vegetables_pack/vegetables_pack_b.cgf
[2014-07-16T10:32:02:569+00] [328.1 MB] Loading CGF objects/props/market/vegetables_pack/vegetables_pack_e.cgf
[2014-07-16T10:32:02:572+00] [328.1 MB] Loading CGF objects/props/market/vegetables_pack/vegetables_pack_f.cgf
[2014-07-16T10:32:02:574+00] [328.1 MB] Loading CGF objects/props/scaffold/scaffold_metal_group_a.cgf
[2014-07-16T10:32:02:580+00] [328.1 MB] Loading CGF objects/props/scaffold/scaffold_metal_group_b.cgf
[2014-07-16T10:32:02:584+00] [328.1 MB] Loading CGF objects/props/scaffold/scaffold_metal_single_a.cgf
[2014-07-16T10:32:02:587+00] [328.1 MB] Loading CGF objects/props/scrap/junk_a.cgf
[2014-07-16T10:32:02:591+00] [328.2 MB] Loading CGF objects/props/scrap/junk_b.cgf
[2014-07-16T10:32:02:594+00] [328.2 MB] Loading CGF objects/props/scrap/wood_scrap_b.cgf
[2014-07-16T10:32:02:596+00] [328.2 MB] Loading CGF objects/props/shooting_target/shooting_target_a.cgf
[2014-07-16T10:32:02:598+00] [328.2 MB] Loading CGF objects/props/shooting_target/shooting_target_base_a.cgf
[2014-07-16T10:32:02:600+00] [328.2 MB] Loading CGF objects/props/shooting_target/shooting_target_c.cgf
[2014-07-16T10:32:02:602+00] [328.2 MB] Loading CGF objects/props/shooting_target/shooting_target_d.cgf
[2014-07-16T10:32:02:604+00] [328.2 MB] Loading CGF objects/props/tyre/tyre.cgf
[2014-07-16T10:32:02:607+00] [328.2 MB] Loading CGF objects/props/tyre/tyre_set_a.cgf
[2014-07-16T10:32:02:609+00] [328.2 MB] Loading CGF objects/props/tyre/tyre_set_b.cgf
[2014-07-16T10:32:02:614+00] [328.2 MB] Loading CGF objects/props/tyre/tyre_set_c.cgf
[2014-07-16T10:32:02:616+00] [328.2 MB] Loading CGF objects/props/ventilation/ventilation_b.cgf
[2014-07-16T10:32:02:618+00] [328.2 MB] Loading CGF objects/props/wood_pallet/wood_pallet_b.cgf
[2014-07-16T10:32:02:623+00] [328.3 MB] Loading CGF objects/props/wood_pallet/wood_pallet_c.cgf
[2014-07-16T10:32:02:626+00] [328.3 MB] Loading CGF objects/props/wood_pallet/wood_pallet_g.cgf
[2014-07-16T10:32:02:629+00] [328.3 MB] Loading CGF objects/props/wooden_box/wooden_box_broken.cgf
[2014-07-16T10:32:02:633+00] [328.3 MB] Loading CGF objects/props/wooden_box/wooden_box_medium_a_climb.cgf
[2014-07-16T10:32:02:635+00] [328.3 MB] Loading CGF objects/props/wooden_box/wooden_box_medium_b.cgf
[2014-07-16T10:32:02:636+00] [328.3 MB] Loading CGF objects/props/wooden_box/wooden_box_medium_group_b.cgf
[2014-07-16T10:32:02:639+00] [328.3 MB] Loading CGF objects/props/wooden_stairs/wooden_stairs_big_b.cgf
[2014-07-16T10:32:02:641+00] [328.3 MB] Loading CGF objects/props/wooden_stairs/wooden_stairs_small_b.cgf
[2014-07-16T10:32:02:643+00] [328.3 MB] Loading CGF objects/vehicles/ch-47/ch-47_part_interior_regid.cgf
[2014-07-16T10:32:02:651+00] [328.4 MB] Loading CGF objects/vehicles/ch-47/ch-47_part_main.cgf
[2014-07-16T10:32:02:655+00] [328.4 MB] Loading CGF objects/vehicles/special/electro_loader/electro_loader.cgf
[2014-07-16T10:32:02:661+00] [328.4 MB] Loading CGF objects/vehicles/special/van/van_a.cgf
[2014-07-16T10:32:02:667+00] [328.4 MB] Loading CGF objects/weapons/ar01/ar01.cgf
[2014-07-16T10:32:02:670+00] [328.4 MB] Loading CGF objects/weapons/ar02/ar02.cgf
[2014-07-16T10:32:02:673+00] [328.4 MB] Loading CGF objects/weapons/ar03/ar03_tp.cgf
[2014-07-16T10:32:02:677+00] [328.5 MB] Loading CGF objects/weapons/ar04/ar04_ai.cgf
[2014-07-16T10:32:02:680+00] [328.5 MB] Loading CGF objects/weapons/ar05/ar05.cgf
[2014-07-16T10:32:02:683+00] [328.5 MB] Loading CGF objects/weapons/ar06/ar06.cgf
[2014-07-16T10:32:02:686+00] [328.5 MB] Loading CGF objects/weapons/ar08/ar08_tp.cgf
[2014-07-16T10:32:02:689+00] [328.5 MB] Loading CGF objects/weapons/ar09/ar09_tp.cgf
[2014-07-16T10:32:02:692+00] [328.5 MB] Loading CGF objects/weapons/ar10/ar10_tp.cgf
[2014-07-16T10:32:02:696+00] [328.5 MB] Loading CGF objects/weapons/ar11/ar11_tp.cgf
[2014-07-16T10:32:02:699+00] [328.5 MB] Loading CGF objects/weapons/ar12/ar12_tp.cgf
[2014-07-16T10:32:02:702+00] [328.5 MB] Loading CGF objects/weapons/ar13/ar13_tp.cgf
[2014-07-16T10:32:02:705+00] [328.5 MB] Loading CGF objects/weapons/ar17/ar17.cgf
[2014-07-16T10:32:02:709+00] [328.5 MB] Loading CGF objects/weapons/c4/c4_tp.cgf
[2014-07-16T10:32:02:712+00] [328.5 MB] Loading CGF objects/weapons/kn04/kn04_tp.cgf
[2014-07-16T10:32:02:714+00] [328.5 MB] Loading CGF objects/weapons/kn43_vdv/kn43_vdv.cgf
[2014-07-16T10:32:02:717+00] [328.5 MB] Loading CGF objects/weapons/kn43_vdv/kn43_vdv_tp.cgf
[2014-07-16T10:32:02:719+00] [328.5 MB] Loading CGF objects/weapons/mg01/mg01_tp.cgf
[2014-07-16T10:32:02:722+00] [328.5 MB] Loading CGF objects/weapons/mg05/mg05_tp.cgf
[2014-07-16T10:32:02:726+00] [328.5 MB] Loading CGF objects/weapons/mg09/mg09_tp.cgf
[2014-07-16T10:32:02:729+00] [328.5 MB] Loading CGF objects/weapons/pda01/pda01.cgf
[2014-07-16T10:32:02:732+00] [328.5 MB] Finished loading level CGF's: 744 objects loaded (432 from LevelCache) in 1.3 sec
[2014-07-16T10:32:02:733+00] [328.5 MB] Starting loading level characters ...
[2014-07-16T10:32:02:735+00] [328.5 MB] ===== Preloading Characters ====
[2014-07-16T10:32:02:740+00] [328.5 MB] ===== Finished Preloading 0 Characters in 0.00 seconds ====
[2014-07-16T10:32:02:741+00] [328.5 MB] ===== Preloading CGAs ====
[2014-07-16T10:32:02:745+00] [328.5 MB] ===== Finished Preloading 0 CGAs in 0.00 seconds ====
[2014-07-16T10:32:02:746+00] [328.5 MB] ===== Preloading CDFs ====
[2014-07-16T10:32:02:751+00] [328.5 MB] ===== Finished Preloading 0 CDFs in 0.00 seconds ====
[2014-07-16T10:32:02:751+00] [328.5 MB] Finished loading level characters (0.0 sec)
[2014-07-16T10:32:02:754+00] [328.5 MB] ===== Loading terrain\terrain.dat =====
[2014-07-16T10:32:02:763+00] [328.8 MB] Loading terrain layers for segment 0 ...
[2014-07-16T10:32:02:765+00] [328.9 MB]   Layer 0 - Materials/terrain/Lobby_Wood has material materials/terrain/lobby_wood
[2014-07-16T10:32:02:768+00] [328.9 MB]   Layer 1 - Materials/terrain/Lobby_Concrete has material materials/terrain/lobby_concrete
[2014-07-16T10:32:02:770+00] [328.9 MB]   Layer 2 - Materials/terrain/Lobby_linoleum has material materials/terrain/lobby_linoleum
[2014-07-16T10:32:02:772+00] [328.9 MB]   Layer 3 - Materials/terrain/Lobby_Concrete_ground01 has material materials/terrain/lobby_concrete_ground01
[2014-07-16T10:32:02:774+00] [328.9 MB]   Layer 4 - Materials/terrain/Lobby_Concrete_ground02 has material materials/terrain/lobby_concrete_ground02
[2014-07-16T10:32:02:776+00] [328.9 MB]   Layer 5 - Materials/terrain/Lobby_concrete_shooting_range has material materials/terrain/lobby_concrete_shooting_range
[2014-07-16T10:32:02:777+00] [328.9 MB] Constructing 85 terrain nodes (0.0 MB) [2014-07-16T10:32:02:779+00]  done in 0.00 sec
[2014-07-16T10:32:02:781+00] [329.3 MB] ===== Loading 0 vegetation models =====
[2014-07-16T10:32:02:782+00] [329.3 MB] ===== Loading 428 brush models ===== 
[2014-07-16T10:32:02:786+00] [329.5 MB] ===== Loading 102 brush materials ===== 
[2014-07-16T10:32:02:809+00] [329.5 MB] ===== Initializing terrain nodes ===== 
[2014-07-16T10:32:02:812+00] [329.5 MB] ===== Loading outdoor instances ===== 
[2014-07-16T10:32:03:459+00] [330.0 MB] Opening levels/lobby_evening/terrain\cover.ctc ...
[2014-07-16T10:32:03:472+00] [330.0 MB]   TerrainLayer 0: TexFormat: DXT5, SectorTextureSize: 256x256, SectorTextureDataSizeBytes: 65536
[2014-07-16T10:32:03:474+00] [330.0 MB]   TerrainLayer 1: TexFormat: DXT5, SectorTextureSize: 256x256, SectorTextureDataSizeBytes: 65536
[2014-07-16T10:32:03:477+00] [330.0 MB]   RGB multiplier: 4, Texture indices: 85
[2014-07-16T10:32:03:478+00] [330.0 MB]   12 out of 85 nodes cleaned
[2014-07-16T10:32:03:483+00] [332.2 MB] ===== Loading terrain\indoor.dat =====
[2014-07-16T10:32:03:485+00] [332.2 MB] ===== Loading Particle Effects =====
[2014-07-16T10:32:03:656+00] [334.0 MB] ===== Loading Particle Effects =====
[2014-07-16T10:32:03:658+00] [334.0 MB] ===== Loading mission settings from XML =====[2014-07-16T10:32:03:669+00]  ok
[2014-07-16T10:32:03:699+00] [334.5 MB] ===== Creating Ocean =====
[2014-07-16T10:32:03:700+00] [334.5 MB] ===== Load level physics data =====
[2014-07-16T10:32:03:709+00] [334.5 MB] <Lua> registering explosion and shapes with physics system...
[2014-07-16T10:32:03:710+00] [334.5 MB] ===== loading occlusion mesh =====
[2014-07-16T10:32:03:712+00] [334.5 MB] [Error] Failed to load occlusion mesh for this level
[2014-07-16T10:32:03:713+00] [334.5 MB] ===== Finished loading static world =====
[2014-07-16T10:32:03:714+00] [334.5 MB] [SOUND] 402E1000->Blocking/CAudioDeviceFmodEx400::Reset()
[2014-07-16T10:32:03:769+00] [336.9 MB] [net ] CNetwork::UpdateTick() stall detected, socket manager poll waitTime=64, actionsTime=0
[2014-07-16T10:32:03:771+00] [336.9 MB] [net ] CNetwork::UpdateTick() stall detected, socket manager poll waitTime=66, actionsTime=0
[2014-07-16T10:32:03:771+00] [336.9 MB] [net ] CNetwork::UpdateTick() stall detected, socket manager poll waitTime=65, actionsTime=0
[2014-07-16T10:32:03:772+00] [336.9 MB] [net ] CNetwork::UpdateTick() stall detected, socket manager poll waitTime=66, actionsTime=0
[2014-07-16T10:32:03:773+00] [336.9 MB] [net ] CNetwork::UpdateTick() stall detected, socket manager poll waitTime=66, actionsTime=0
[2014-07-16T10:32:03:774+00] [336.9 MB] [net ] CNetwork::UpdateTick() stall detected, socket manager poll waitTime=66, actionsTime=0
[2014-07-16T10:32:03:775+00] [336.9 MB] [net ] CNetwork::UpdateTick() stall detected, socket manager poll waitTime=65, actionsTime=0
[2014-07-16T10:32:03:776+00] [336.9 MB] [net ] CNetwork::UpdateTick() stall detected, socket manager poll waitTime=65, actionsTime=0
[2014-07-16T10:32:03:779+00] [336.9 MB] [net ] CNetwork::UpdateTick() stall detected, socket manager poll waitTime=65, actionsTime=0
[2014-07-16T10:32:03:780+00] [336.9 MB] [net ] CNetwork::UpdateTick() stall detected, socket manager poll waitTime=66, actionsTime=0
[2014-07-16T10:32:03:781+00] [336.9 MB] [net ] CNetwork::UpdateTick() stall detected, socket manager poll waitTime=66, actionsTime=0
[2014-07-16T10:32:03:782+00] [336.9 MB] [net ] CNetwork::UpdateTick() stall detected, socket manager poll waitTime=65, actionsTime=0
[2014-07-16T10:32:03:783+00] [336.9 MB] [net ] CNetwork::UpdateTick() stall detected, socket manager poll waitTime=66, actionsTime=0
[2014-07-16T10:32:03:784+00] [336.9 MB] [net ] CNetwork::UpdateTick() stall detected, socket manager poll waitTime=66, actionsTime=0
[2014-07-16T10:32:03:785+00] [336.9 MB] [net ] CNetwork::UpdateTick() stall detected, socket manager poll waitTime=65, actionsTime=0
[2014-07-16T10:32:03:786+00] [336.9 MB] [net ] CNetwork::UpdateTick() stall detected, socket manager poll waitTime=66, actionsTime=0
[2014-07-16T10:32:03:787+00] [336.9 MB] [net ] CNetwork::UpdateTick() stall detected, socket manager poll waitTime=65, actionsTime=0
[2014-07-16T10:32:03:788+00] [336.9 MB] [net ] CNetwork::UpdateTick() stall detected, socket manager poll waitTime=66, actionsTime=0
[2014-07-16T10:32:03:789+00] [336.9 MB] [net ] CNetwork::UpdateTick() stall detected, socket manager poll waitTime=65, actionsTime=0
[2014-07-16T10:32:03:790+00] [336.9 MB] [net ] CNetwork::UpdateTick() stall detected, socket manager poll waitTime=65, actionsTime=0
[2014-07-16T10:32:03:791+00] [336.9 MB] [net ] CNetwork::UpdateTick() stall detected, socket manager poll waitTime=64, actionsTime=0
[2014-07-16T10:32:03:792+00] [336.9 MB] [net ] CNetwork::UpdateTick() stall detected, socket manager poll waitTime=66, actionsTime=0
[2014-07-16T10:32:03:793+00] [336.9 MB] [net ] CNetwork::UpdateTick() stall detected, socket manager poll waitTime=65, actionsTime=0
[2014-07-16T10:32:03:794+00] [336.9 MB] [net ] CNetwork::UpdateTick() stall detected, socket manager poll waitTime=64, actionsTime=0
[2014-07-16T10:32:03:795+00] [336.9 MB] [net ] CNetwork::UpdateTick() stall detected, socket manager poll waitTime=66, actionsTime=0
[2014-07-16T10:32:03:797+00] [336.9 MB] [net ] CNetwork::UpdateTick() stall detected, socket manager poll waitTime=65, actionsTime=0
[2014-07-16T10:32:03:798+00] [336.9 MB] [net ] CNetwork::UpdateTick() stall detected, socket manager poll waitTime=65, actionsTime=0
[2014-07-16T10:32:03:799+00] [336.9 MB] [net ] CNetwork::UpdateTick() stall detected, socket manager poll waitTime=65, actionsTime=0
[2014-07-16T10:32:03:800+00] [336.9 MB] [net ] CNetwork::UpdateTick() stall detected, socket manager poll waitTime=65, actionsTime=0
[2014-07-16T10:32:03:801+00] [336.9 MB] [net ] CNetwork::UpdateTick() stall detected, socket manager poll waitTime=65, actionsTime=0
[2014-07-16T10:32:03:802+00] [336.9 MB] [net ] CNetwork::UpdateTick() stall detected, socket manager poll waitTime=66, actionsTime=0
[2014-07-16T10:32:03:803+00] [336.9 MB] [net ] CNetwork::UpdateTick() stall detected, socket manager poll waitTime=66, actionsTime=0
[2014-07-16T10:32:03:804+00] [336.9 MB] [net ] CNetwork::UpdateTick() stall detected, socket manager poll waitTime=65, actionsTime=0
[2014-07-16T10:32:03:805+00] [336.9 MB] [net ] CNetwork::UpdateTick() stall detected, socket manager poll waitTime=66, actionsTime=0
[2014-07-16T10:32:03:806+00] [336.9 MB] [net ] CNetwork::UpdateTick() stall detected, socket manager poll waitTime=65, actionsTime=0
[2014-07-16T10:32:03:807+00] [336.9 MB] [net ] CNetwork::UpdateTick() stall detected, socket manager poll waitTime=65, actionsTime=0
[2014-07-16T10:32:03:808+00] [336.9 MB] [net ] CNetwork::UpdateTick() stall detected, socket manager poll waitTime=66, actionsTime=0
[2014-07-16T10:32:03:809+00] [336.9 MB] [net ] CNetwork::UpdateTick() stall detected, socket manager poll waitTime=66, actionsTime=0
[2014-07-16T10:32:03:810+00] [336.9 MB] [net ] CNetwork::UpdateTick() stall detected, socket manager poll waitTime=65, actionsTime=0
[2014-07-16T10:32:03:811+00] [336.9 MB] [net ] CNetwork::UpdateTick() stall detected, socket manager poll waitTime=66, actionsTime=0
[2014-07-16T10:32:03:813+00] [336.9 MB] [net ] CNetwork::UpdateTick() stall detected, socket manager poll waitTime=66, actionsTime=0
[2014-07-16T10:32:03:814+00] [336.9 MB] [net ] CNetwork::UpdateTick() stall detected, socket manager poll waitTime=65, actionsTime=0
[2014-07-16T10:32:03:815+00] [336.9 MB] [net ] CNetwork::UpdateTick() stall detected, socket manager poll waitTime=66, actionsTime=0
[2014-07-16T10:32:03:816+00] [336.9 MB] [net ] CNetwork::UpdateTick() stall detected, socket manager poll waitTime=66, actionsTime=0
[2014-07-16T10:32:03:817+00] [336.9 MB] [net ] CNetwork::UpdateTick() stall detected, socket manager poll waitTime=65, actionsTime=0
[2014-07-16T10:32:03:819+00] [336.9 MB] [net ] CNetwork::UpdateTick() stall detected, socket manager poll waitTime=66, actionsTime=0
[2014-07-16T10:32:03:820+00] [336.9 MB] [net ] CNetwork::UpdateTick() stall detected, socket manager poll waitTime=65, actionsTime=0
[2014-07-16T10:32:03:821+00] [336.9 MB] [net ] CNetwork::UpdateTick() stall detected, socket manager poll waitTime=66, actionsTime=0
[2014-07-16T10:32:03:823+00] [336.9 MB] [net ] CNetwork::UpdateTick() stall detected, socket manager poll waitTime=66, actionsTime=0
[2014-07-16T10:32:03:824+00] [336.9 MB] [net ] CNetwork::UpdateTick() stall detected, socket manager poll waitTime=66, actionsTime=0
[2014-07-16T10:32:03:825+00] [336.9 MB] [net ] CNetwork::UpdateTick() stall detected, socket manager poll waitTime=65, actionsTime=0
[2014-07-16T10:32:03:826+00] [336.9 MB] [net ] CNetwork::UpdateTick() stall detected, socket manager poll waitTime=66, actionsTime=0
[2014-07-16T10:32:03:827+00] [336.9 MB] [net ] CNetwork::UpdateTick() stall detected, socket manager poll waitTime=66, actionsTime=0
[2014-07-16T10:32:03:828+00] [336.9 MB] [net ] CNetwork::UpdateTick() stall detected, socket manager poll waitTime=65, actionsTime=0
[2014-07-16T10:32:03:830+00] [336.9 MB] [net ] CNetwork::UpdateTick() stall detected, socket manager poll waitTime=66, actionsTime=0
[2014-07-16T10:32:03:830+00] [336.9 MB] [net ] CNetwork::UpdateTick() stall detected, socket manager poll waitTime=66, actionsTime=0
[2014-07-16T10:32:03:831+00] [336.9 MB] [net ] CNetwork::UpdateTick() stall detected, socket manager poll waitTime=65, actionsTime=0
[2014-07-16T10:32:03:832+00] [336.9 MB] [net ] CNetwork::UpdateTick() stall detected, socket manager poll waitTime=66, actionsTime=0
[2014-07-16T10:32:03:833+00] [336.9 MB] [net ] CNetwork::UpdateTick() stall detected, socket manager poll waitTime=66, actionsTime=0
[2014-07-16T10:32:03:836+00] [336.9 MB] [net ] CNetwork::UpdateTick() stall detected, socket manager poll waitTime=65, actionsTime=0
[2014-07-16T10:32:03:837+00] [336.9 MB] [net ] CNetwork::UpdateTick() stall detected, socket manager poll waitTime=66, actionsTime=0
[2014-07-16T10:32:03:838+00] [336.9 MB] [net ] CNetwork::UpdateTick() stall detected, socket manager poll waitTime=66, actionsTime=0
[2014-07-16T10:32:03:839+00] [336.9 MB] [net ] CNetwork::UpdateTick() stall detected, socket manager poll waitTime=65, actionsTime=0
[2014-07-16T10:32:03:840+00] [336.9 MB] [net ] CNetwork::UpdateTick() stall detected, socket manager poll waitTime=66, actionsTime=0
[2014-07-16T10:32:03:841+00] [336.9 MB] [net ] CNetwork::UpdateTick() stall detected, socket manager poll waitTime=65, actionsTime=0
[2014-07-16T10:32:03:842+00] [336.9 MB] [net ] CNetwork::UpdateTick() stall detected, socket manager poll waitTime=66, actionsTime=0
[2014-07-16T10:32:03:843+00] [336.9 MB] [net ] CNetwork::UpdateTick() stall detected, socket manager poll waitTime=66, actionsTime=0
[2014-07-16T10:32:03:844+00] [336.9 MB] [net ] CNetwork::UpdateTick() stall detected, socket manager poll waitTime=66, actionsTime=0
[2014-07-16T10:32:03:845+00] [336.9 MB] [net ] CNetwork::UpdateTick() stall detected, socket manager poll waitTime=65, actionsTime=0
[2014-07-16T10:32:03:846+00] [336.9 MB] [net ] CNetwork::UpdateTick() stall detected, socket manager poll waitTime=66, actionsTime=0
[2014-07-16T10:32:03:848+00] [336.9 MB] [net ] CNetwork::UpdateTick() stall detected, socket manager poll waitTime=66, actionsTime=0
[2014-07-16T10:32:03:849+00] [336.9 MB] [net ] CNetwork::UpdateTick() stall detected, socket manager poll waitTime=65, actionsTime=0
[2014-07-16T10:32:03:850+00] [336.9 MB] [net ] CNetwork::UpdateTick() stall detected, socket manager poll waitTime=66, actionsTime=0
[2014-07-16T10:32:03:851+00] [336.9 MB] [net ] CNetwork::UpdateTick() stall detected, socket manager poll waitTime=66, actionsTime=0
[2014-07-16T10:32:03:852+00] [336.9 MB] [net ] CNetwork::UpdateTick() stall detected, socket manager poll waitTime=65, actionsTime=0
[2014-07-16T10:32:03:853+00] [336.9 MB] [net ] CNetwork::UpdateTick() stall detected, socket manager poll waitTime=66, actionsTime=0
[2014-07-16T10:32:03:854+00] [336.9 MB] [net ] CNetwork::UpdateTick() stall detected, socket manager poll waitTime=66, actionsTime=0
[2014-07-16T10:32:03:856+00] [336.9 MB] [net ] CNetwork::UpdateTick() stall detected, socket manager poll waitTime=65, actionsTime=0
[2014-07-16T10:32:03:857+00] [336.9 MB] [net ] CNetwork::UpdateTick() stall detected, socket manager poll waitTime=66, actionsTime=0
[2014-07-16T10:32:03:858+00] [336.9 MB] [net ] CNetwork::UpdateTick() stall detected, socket manager poll waitTime=66, actionsTime=0
[2014-07-16T10:32:03:859+00] [336.9 MB] [net ] CNetwork::UpdateTick() stall detected, socket manager poll waitTime=65, actionsTime=0
[2014-07-16T10:32:03:860+00] [336.9 MB] [net ] CNetwork::UpdateTick() stall detected, socket manager poll waitTime=66, actionsTime=0
[2014-07-16T10:32:03:861+00] [336.9 MB] [net ] CNetwork::UpdateTick() stall detected, socket manager poll waitTime=65, actionsTime=0
[2014-07-16T10:32:03:861+00] [336.9 MB] [net ] CNetwork::UpdateTick() stall detected, socket manager poll waitTime=66, actionsTime=0
[2014-07-16T10:32:03:862+00] [336.9 MB] [net ] CNetwork::UpdateTick() stall detected, socket manager poll waitTime=66, actionsTime=0
[2014-07-16T10:32:03:863+00] [336.9 MB] [net ] CNetwork::UpdateTick() stall detected, socket manager poll waitTime=66, actionsTime=0
[2014-07-16T10:32:03:864+00] [336.9 MB] [net ] CNetwork::UpdateTick() stall detected, socket manager poll waitTime=65, actionsTime=0
[2014-07-16T10:32:03:866+00] [336.9 MB] [net ] CNetwork::UpdateTick() stall detected, socket manager poll waitTime=66, actionsTime=0
[2014-07-16T10:32:03:867+00] [336.9 MB] [net ] CNetwork::UpdateTick() stall detected, socket manager poll waitTime=66, actionsTime=0
[2014-07-16T10:32:03:868+00] [336.9 MB] [net ] CNetwork::UpdateTick() stall detected, socket manager poll waitTime=65, actionsTime=0
[2014-07-16T10:32:03:869+00] [336.9 MB] [net ] CNetwork::UpdateTick() stall detected, socket manager poll waitTime=66, actionsTime=0
[2014-07-16T10:32:03:870+00] [336.9 MB] [net ] CNetwork::UpdateTick() stall detected, socket manager poll waitTime=66, actionsTime=0
[2014-07-16T10:32:03:872+00] [336.9 MB] [net ] CNetwork::UpdateTick() stall detected, socket manager poll waitTime=65, actionsTime=0
[2014-07-16T10:32:03:873+00] [336.9 MB] [net ] CNetwork::UpdateTick() stall detected, socket manager poll waitTime=66, actionsTime=0
[2014-07-16T10:32:03:874+00] [336.9 MB] [net ] CNetwork::UpdateTick() stall detected, socket manager poll waitTime=66, actionsTime=0
[2014-07-16T10:32:03:875+00] [336.9 MB] [net ] CNetwork::UpdateTick() stall detected, socket manager poll waitTime=65, actionsTime=0
[2014-07-16T10:32:03:876+00] [336.9 MB] [net ] CNetwork::UpdateTick() stall detected, socket manager poll waitTime=66, actionsTime=0
[2014-07-16T10:32:03:877+00] [336.9 MB] [net ] CNetwork::UpdateTick() stall detected, socket manager poll waitTime=66, actionsTime=0
[2014-07-16T10:32:03:878+00] [336.9 MB] [net ] CNetwork::UpdateTick() stall detected, socket manager poll waitTime=65, actionsTime=0
[2014-07-16T10:32:03:879+00] [336.9 MB] [net ] CNetwork::UpdateTick() stall detected, socket manager poll waitTime=65, actionsTime=0
[2014-07-16T10:32:03:880+00] [336.9 MB] [net ] CNetwork::UpdateTick() stall detected, socket manager poll waitTime=66, actionsTime=0
[2014-07-16T10:32:03:881+00] [336.9 MB] [net ] CNetwork::UpdateTick() stall detected, socket manager poll waitTime=65, actionsTime=0
[2014-07-16T10:32:03:883+00] [336.9 MB] [net ] CNetwork::UpdateTick() stall detected, socket manager poll waitTime=66, actionsTime=0
[2014-07-16T10:32:03:884+00] [336.9 MB] [net ] CNetwork::UpdateTick() stall detected, socket manager poll waitTime=66, actionsTime=0
[2014-07-16T10:32:03:885+00] [336.9 MB] [net ] CNetwork::UpdateTick() stall detected, socket manager poll waitTime=65, actionsTime=0
[2014-07-16T10:32:03:886+00] [336.9 MB] [net ] CNetwork::UpdateTick() stall detected, socket manager poll waitTime=66, actionsTime=0
[2014-07-16T10:32:03:887+00] [336.9 MB] [net ] CNetwork::UpdateTick() stall detected, socket manager poll waitTime=66, actionsTime=0
[2014-07-16T10:32:03:888+00] [336.9 MB] [net ] CNetwork::UpdateTick() stall detected, socket manager poll waitTime=65, actionsTime=0
[2014-07-16T10:32:03:889+00] [336.9 MB] [net ] CNetwork::UpdateTick() stall detected, socket manager poll waitTime=66, actionsTime=0
[2014-07-16T10:32:03:890+00] [336.9 MB] [net ] CNetwork::UpdateTick() stall detected, socket manager poll waitTime=66, actionsTime=0
[2014-07-16T10:32:03:891+00] [336.9 MB] [net ] CNetwork::UpdateTick() stall detected, socket manager poll waitTime=65, actionsTime=0
[2014-07-16T10:32:03:892+00] [336.9 MB] [net ] CNetwork::UpdateTick() stall detected, socket manager poll waitTime=66, actionsTime=0
[2014-07-16T10:32:03:894+00] [336.9 MB] [net ] CNetwork::UpdateTick() stall detected, socket manager poll waitTime=66, actionsTime=0
[2014-07-16T10:32:03:895+00] [336.9 MB] [net ] CNetwork::UpdateTick() stall detected, socket manager poll waitTime=65, actionsTime=0
[2014-07-16T10:32:03:896+00] [336.9 MB] [net ] CNetwork::UpdateTick() stall detected, socket manager poll waitTime=66, actionsTime=0
[2014-07-16T10:32:03:897+00] [336.9 MB] [net ] CNetwork::UpdateTick() stall detected, socket manager poll waitTime=66, actionsTime=0
[2014-07-16T10:32:03:898+00] [336.9 MB] [net ] CNetwork::UpdateTick() stall detected, socket manager poll waitTime=65, actionsTime=0
[2014-07-16T10:32:03:899+00] [336.9 MB] [net ] CNetwork::UpdateTick() stall detected, socket manager poll waitTime=66, actionsTime=0
[2014-07-16T10:32:03:900+00] [336.9 MB] [net ] CNetwork::UpdateTick() stall detected, socket manager poll waitTime=66, actionsTime=0
[2014-07-16T10:32:03:901+00] [336.9 MB] [net ] CNetwork::UpdateTick() stall detected, socket manager poll waitTime=65, actionsTime=0
[2014-07-16T10:32:03:903+00] [336.9 MB] [net ] CNetwork::UpdateTick() stall detected, socket manager poll waitTime=66, actionsTime=0
[2014-07-16T10:32:03:904+00] [336.9 MB] [net ] CNetwork::UpdateTick() stall detected, socket manager poll waitTime=66, actionsTime=0
[2014-07-16T10:32:03:905+00] [336.9 MB] [net ] CNetwork::UpdateTick() stall detected, socket manager poll waitTime=65, actionsTime=0
[2014-07-16T10:32:03:906+00] [336.9 MB] [net ] CNetwork::UpdateTick() stall detected, socket manager poll waitTime=66, actionsTime=0
[2014-07-16T10:32:03:907+00] [336.9 MB] [net ] CNetwork::UpdateTick() stall detected, socket manager poll waitTime=65, actionsTime=0
[2014-07-16T10:32:03:908+00] [336.9 MB] [net ] CNetwork::UpdateTick() stall detected, socket manager poll waitTime=66, actionsTime=0
[2014-07-16T10:32:03:910+00] [336.9 MB] [net ] CNetwork::UpdateTick() stall detected, socket manager poll waitTime=66, actionsTime=0
[2014-07-16T10:32:03:911+00] [336.9 MB] [net ] CNetwork::UpdateTick() stall detected, socket manager poll waitTime=66, actionsTime=0
[2014-07-16T10:32:03:912+00] [336.9 MB] [net ] CNetwork::UpdateTick() stall detected, socket manager poll waitTime=65, actionsTime=0
[2014-07-16T10:32:03:913+00] [336.9 MB] [net ] CNetwork::SyncWithGame() took a long time [143], lock=[0], normal=[143], lobby=[0], gotLobbyLock=true
[2014-07-16T10:32:03:914+00] [336.9 MB] [net ] CNetwork::UpdateTick() stall detected, socket manager poll waitTime=66, actionsTime=0
[2014-07-16T10:32:03:925+00] [338.0 MB] Entity Light_ceiling_lamp1_projection_2 culled by system spec
[2014-07-16T10:32:03:927+00] [338.0 MB] Entity Light_billiard_hall_windows_projection_4 culled by system spec
[2014-07-16T10:32:03:987+00] [338.0 MB] Entity Light_ceiling_lamp2 _projection_4 culled by system spec
[2014-07-16T10:32:04:030+00] [338.0 MB] Entity safehouse_obstacles_area_1 culled by system spec
[2014-07-16T10:32:04:044+00] [338.1 MB] Entity Light_neon_hotel_projection_1 culled by system spec
[2014-07-16T10:32:04:055+00] [338.1 MB] Entity Light_bar_reflective_projection_2 culled by system spec
[2014-07-16T10:32:04:060+00] [338.1 MB] Entity Light_billiard_wall_projection_4 culled by system spec
[2014-07-16T10:32:04:071+00] [338.1 MB] Entity Light_billiard_hall_windows_projection_1 culled by system spec
[2014-07-16T10:32:04:116+00] [338.1 MB] Entity safehouse_weapons_area_1 culled by system spec
[2014-07-16T10:32:04:133+00] [338.4 MB] Entity Light_ceiling_lamp_ambient_1 culled by system spec
[2014-07-16T10:32:04:138+00] [338.5 MB] Entity safehouse_billiard_hall culled by system spec
[2014-07-16T10:32:04:141+00] [338.5 MB] Entity Light_bar_reflective_projection_1 culled by system spec
[2014-07-16T10:32:04:142+00] [338.5 MB] Entity Light_billiard_hall_monitor_projection_2 culled by system spec
[2014-07-16T10:32:04:149+00] [338.5 MB] Entity Light_ceiling_lamp2_projection_9 culled by system spec
[2014-07-16T10:32:04:156+00] [338.5 MB] Entity Light_billiard_hall_monitor_projection_1 culled by system spec
[2014-07-16T10:32:04:157+00] [338.5 MB] Entity Light_billiard_reflective_1 culled by system spec
[2014-07-16T10:32:04:163+00] [338.5 MB] Entity Light_helicopter_area_ambient_3 culled by system spec
[2014-07-16T10:32:04:503+00] [340.1 MB] === Precaching render data for cutscene: 1st_Target1_down ===
[2014-07-16T10:32:04:504+00] [340.1 MB] [Warning] Trying to unregister non registered entity from autoaim manager
[2014-07-16T10:32:04:506+00] [340.4 MB] === Precaching render data for cutscene: 1st_Target1_raise ===
[2014-07-16T10:32:04:517+00] [340.4 MB] === Precaching render data for cutscene: 1st_Target2_down ===
[2014-07-16T10:32:04:520+00] [340.4 MB] [Warning] Trying to unregister non registered entity from autoaim manager
[2014-07-16T10:32:04:522+00] [340.4 MB] === Precaching render data for cutscene: 1st_Target2_raise ===
[2014-07-16T10:32:04:525+00] [340.4 MB] === Precaching render data for cutscene: 2nd_Target1_down ===
[2014-07-16T10:32:04:527+00] [340.4 MB] [Warning] Trying to unregister non registered entity from autoaim manager
[2014-07-16T10:32:04:532+00] [340.4 MB] === Precaching render data for cutscene: 2nd_Target1_raise ===
[2014-07-16T10:32:04:535+00] [340.4 MB] === Precaching render data for cutscene: 2nd_Target2_down ===
[2014-07-16T10:32:04:536+00] [340.4 MB] [Warning] Trying to unregister non registered entity from autoaim manager
[2014-07-16T10:32:04:539+00] [340.4 MB] === Precaching render data for cutscene: 2nd_Target2_raise ===
[2014-07-16T10:32:04:541+00] [340.4 MB] === Precaching render data for cutscene: 3rd_Target1_down ===
[2014-07-16T10:32:04:543+00] [340.4 MB] [Warning] Trying to unregister non registered entity from autoaim manager
[2014-07-16T10:32:04:546+00] [340.4 MB] === Precaching render data for cutscene: 3rd_Target1_raise ===
[2014-07-16T10:32:04:548+00] [340.4 MB] === Precaching render data for cutscene: 3rd_Target2_down ===
[2014-07-16T10:32:04:550+00] [340.4 MB] [Warning] Trying to unregister non registered entity from autoaim manager
[2014-07-16T10:32:04:552+00] [340.4 MB] === Precaching render data for cutscene: 3rd_Target2_raise ===
[2014-07-16T10:32:04:554+00] [340.4 MB] === Precaching render data for cutscene: 4th_Target2_down ===
[2014-07-16T10:32:04:556+00] [340.4 MB] [Warning] Trying to unregister non registered entity from autoaim manager
[2014-07-16T10:32:04:558+00] [340.4 MB] === Precaching render data for cutscene: 4th_Target2_raise ===
[2014-07-16T10:32:04:561+00] [340.4 MB] === Precaching render data for cutscene: 4th_Target3_down ===
[2014-07-16T10:32:04:563+00] [340.4 MB] [Warning] Trying to unregister non registered entity from autoaim manager
[2014-07-16T10:32:04:565+00] [340.4 MB] === Precaching render data for cutscene: 4th_Target3_raise ===
[2014-07-16T10:32:04:568+00] [340.4 MB] === Precaching render data for cutscene: 5th_Target1_down ===
[2014-07-16T10:32:04:570+00] [340.4 MB] [Warning] Trying to unregister non registered entity from autoaim manager
[2014-07-16T10:32:04:572+00] [340.4 MB] === Precaching render data for cutscene: 5th_Target1_raise ===
[2014-07-16T10:32:04:574+00] [340.4 MB] === Precaching render data for cutscene: 5th_Target2_down ===
[2014-07-16T10:32:04:576+00] [340.4 MB] [Warning] Trying to unregister non registered entity from autoaim manager
[2014-07-16T10:32:04:578+00] [340.4 MB] === Precaching render data for cutscene: 5th_Target2_raise ===
[2014-07-16T10:32:04:580+00] [340.4 MB] === Precaching render data for cutscene: 5th_Target3_down ===
[2014-07-16T10:32:04:582+00] [340.4 MB] [Warning] Trying to unregister non registered entity from autoaim manager
[2014-07-16T10:32:04:584+00] [340.4 MB] === Precaching render data for cutscene: 5th_Target3_raise ===
[2014-07-16T10:32:04:586+00] [340.4 MB] === Precaching render data for cutscene: 6th_Target1_down ===
[2014-07-16T10:32:04:587+00] [340.4 MB] [Warning] Trying to unregister non registered entity from autoaim manager
[2014-07-16T10:32:04:588+00] [340.4 MB] === Precaching render data for cutscene: 6th_Target1_raise ===
[2014-07-16T10:32:04:590+00] [340.4 MB] === Precaching render data for cutscene: 6th_Target2_down ===
[2014-07-16T10:32:04:591+00] [340.4 MB] [Warning] Trying to unregister non registered entity from autoaim manager
[2014-07-16T10:32:04:592+00] [340.4 MB] === Precaching render data for cutscene: 6th_Target2_raise ===
[2014-07-16T10:32:04:593+00] [340.4 MB] === Precaching render data for cutscene: pushable_object ===
[2014-07-16T10:32:04:595+00] [340.4 MB] === Precaching render data for cutscene: pushable_object2 ===
[2014-07-16T10:32:04:596+00] [340.4 MB] === Precaching render data for cutscene: shadow_main_menu_down ===
[2014-07-16T10:32:04:597+00] [340.4 MB] === Precaching render data for cutscene: shadow_main_menu_up ===
[2014-07-16T10:32:04:598+00] [340.4 MB] ConvertRigidBodyToStatic(CinematicPlatform) took 0.08 ms, converted 0 entities
[2014-07-16T10:32:04:607+00] [340.4 MB] Precaching files needed for rules='Lobby' level='lobby_evening'
[2014-07-16T10:32:04:608+00]     [340.4 MB] Processing precache list for Level='lobby_evening'
[2014-07-16T10:32:04:609+00]         [340.4 MB] Preload GameTex Libs/UI/hud_icons.tif
[2014-07-16T10:32:04:611+00] [340.4 MB] CUIPreloader::Preload() area: 2
[2014-07-16T10:32:04:651+00] [340.4 MB] [Error] Assertion failed in game code 'm_preloadedTextures.size() == iNumPreloadGroups' HUD\FlashPreloader.cpp:112
[2014-07-16T10:32:04:654+00] [340.5 MB]                	931206E0
[2014-07-16T10:32:04:656+00] [340.5 MB]                	962B454C
[2014-07-16T10:32:04:659+00] [340.5 MB]                	960E2F78
[2014-07-16T10:32:04:660+00] [340.5 MB]                	960E30B0
[2014-07-16T10:32:04:661+00] [340.5 MB]                	961155E4
[2014-07-16T10:32:04:662+00] [340.5 MB]                	961163D4
[2014-07-16T10:32:04:663+00] [340.5 MB]                	9632715C
[2014-07-16T10:32:04:664+00] [340.5 MB]                	8424B0B4
[2014-07-16T10:32:04:665+00] [340.5 MB]                	84281ECC
[2014-07-16T10:32:04:666+00] [340.5 MB]                	890AEB38
[2014-07-16T10:32:04:667+00] [340.5 MB]                	890DE394
[2014-07-16T10:32:04:668+00] [340.5 MB]                	8915153C
[2014-07-16T10:32:04:669+00] [340.5 MB]                	8915162C
[2014-07-16T10:32:04:670+00] [340.5 MB]                	8915020C
[2014-07-16T10:32:04:671+00] [340.5 MB]                	93146A9C
[2014-07-16T10:32:04:672+00] [340.5 MB]                	8433460C
[2014-07-16T10:32:04:673+00] [340.5 MB]                	962BED00
[2014-07-16T10:32:04:674+00] [340.5 MB]                	965EA9DC
[2014-07-16T10:32:04:675+00] [340.5 MB]                	965EAC00
[2014-07-16T10:32:04:676+00] [340.7 MB]                	820124A4
[2014-07-16T10:32:04:678+00] [342.6 MB]                	82012578
[2014-07-16T10:32:04:679+00] [340.5 MB]                	82013408
[2014-07-16T10:32:04:681+00] [340.5 MB]                	800A1924
[2014-07-16T10:32:04:682+00] [340.5 MB]                	8009BA1C
[2014-07-16T10:32:04:695+00] [339.8 MB] Preload GFX Libs/UI/Controls/tooltip.gfx
[2014-07-16T10:32:04:696+00] [339.8 MB] Preload GFX Libs/UI/Controls/container.gfx
[2014-07-16T10:32:04:697+00] [339.8 MB] Preload GFX Libs/UI/Controls/buttonLabel.gfx
[2014-07-16T10:32:04:698+00] [339.8 MB] Preload GFX Libs/UI/Controls/buttonLabelLabel.gfx
[2014-07-16T10:32:04:699+00] [339.8 MB] Preload GFX Libs/UI/Controls/buttonLabelTypes.gfx
[2014-07-16T10:32:04:700+00] [339.8 MB] Preload GFX Libs/UI/Controls/asynchroneFeedback.gfx
[2014-07-16T10:32:04:701+00] [341.5 MB] Preload GFX Libs/UI/Controls/LabelDescriptionHUD.gfx
[2014-07-16T10:32:04:703+00] [342.0 MB] Preload GFX Libs/UI/LargeContainer.gfx
[2014-07-16T10:32:04:705+00] [344.0 MB] Preload GFX Libs/UI/Buttons.gfx
[2014-07-16T10:32:04:706+00] [344.0 MB] Preload GFX Libs/UI/Controls/GameLogoAnimated.gfx
[2014-07-16T10:32:04:707+00] [344.0 MB] Preload GFX Libs/UI/Controls/ButtonImage_NaviBar_a.gfx
[2014-07-16T10:32:04:708+00] [344.0 MB] Preload GFX Libs/UI/Controls/ButtonImage_NaviBar_b.gfx
[2014-07-16T10:32:04:709+00] [344.0 MB] Preload GFX Libs/UI/Controls/ButtonImage_NaviBar_c.gfx
[2014-07-16T10:32:04:711+00] [344.0 MB] Preload GFX Libs/UI/Controls/ChatArea.gfx
[2014-07-16T10:32:04:712+00] [344.0 MB] Preload GFX Libs/UI/Controls/LabelDescription.gfx
[2014-07-16T10:32:04:713+00] [344.0 MB] Preload GFX Libs/UI/Controls/ButtonImage_Text_a.gfx
[2014-07-16T10:32:04:714+00] [344.0 MB] Preload GFX Libs/UI/Controls/ButtonImage_Text_b.gfx
[2014-07-16T10:32:04:750+00] [339.8 MB] Preload GFX Libs/UI/Controls/ButtonImage_Text_c.gfx
[2014-07-16T10:32:04:751+00] [339.8 MB] Preload GFX Libs/UI/Controls/ButtonBitmap.gfx
[2014-07-16T10:32:05:731+00] [340.5 MB] [Warning] XML reader: Can't open file (UI/Layouts/lobby_invitation_accepted.xml)
[2014-07-16T10:32:05:744+00] [340.5 MB] Error parsing <UI/Layouts/lobby_invitation_accepted.xml>: XML reader: Can't open file (UI/Layouts/lobby_invitation_accepted.xml)
[2014-07-16T10:32:05:834+00] [340.8 MB] [Warning] [CStyles] Invalid style ('rich_item_description_lobby_center') specified in screen layout
[2014-07-16T10:32:05:877+00] [341.0 MB] [Warning] XML reader: Can't open file (UI/Layouts/lobby_pvp_room_settings_class_filters.xml)
[2014-07-16T10:32:05:878+00] [341.0 MB] Error parsing <UI/Layouts/lobby_pvp_room_settings_class_filters.xml>: XML reader: Can't open file (UI/Layouts/lobby_pvp_room_settings_class_filters.xml)
[2014-07-16T10:32:06:133+00] [342.1 MB] [Warning] [CStyles] Invalid style ('changeBtn') specified in screen layout
[2014-07-16T10:32:06:439+00] [343.2 MB] [Warning] XML reader: Can't open file (UI/Layouts/lobby_progress_menu.xml)
[2014-07-16T10:32:06:447+00] [343.2 MB] Error parsing <UI/Layouts/lobby_progress_menu.xml>: XML reader: Can't open file (UI/Layouts/lobby_progress_menu.xml)
[2014-07-16T10:32:07:342+00] [346.6 MB] [ThemeManager::GetPath] Not found path='Libs\Icons/' file='CommanderOrdersIcons.tif'
[2014-07-16T10:32:07:441+00] [346.7 MB] -- Render thread was idle during level loading: 9.033 secs
[2014-07-16T10:32:07:470+00] [346.7 MB] -- Render thread was busy during level loading: 2.320 secs
[2014-07-16T10:32:07:472+00] [346.7 MB] -- Presort shaders by states...
[2014-07-16T10:32:07:488+00] [346.7 MB] --- 1145 Resources, 171 Resource groups.
[2014-07-16T10:32:08:476+00] [350.4 MB] File access time during level loading: 8.44 seconds
[2014-07-16T10:32:08:482+00] [350.4 MB] [SOUND] 402CF8A0->Blocking/CMusicSystem::OnSystemEvent()
[2014-07-16T10:32:08:601+00] [350.3 MB] Loading CGF objects/effects/particle_effects/flag.cgf
[2014-07-16T10:32:08:623+00] [350.3 MB] Loading CGF objects/effects/dragon/vl_dragon_trail_a.cgf
[2014-07-16T10:32:08:625+00] [350.3 MB] Loading CGF objects/effects/dragon/vl_dragon_trail_b.cgf
[2014-07-16T10:32:08:627+00] [350.3 MB] Loading CGF objects/effects/dragon/vl_dragon_trail_c.cgf
[2014-07-16T10:32:08:662+00] [350.4 MB] [Warning] Fixing material name chunk with wrong endianness: Objects/Weapons/Grenades/fg01/fg01, objects/weapons/grenades/fg01/fg01.chr
[2014-07-16T10:32:08:663+00] [350.4 MB] [Warning]  bSwapEndian=0, nSubMaterials=0x00000000, nPhysicalizeType=0x00100000, nFlags=0x01000000
[2014-07-16T10:32:08:691+00] [350.4 MB]   25 animation-assets loaded (total assets: 8019)
[2014-07-16T10:32:08:693+00] [350.4 MB] Stalling CryOnline tick for 7421 ms
[2014-07-16T10:32:08:713+00] [350.4 MB] [Warning] Fixing material name chunk with wrong endianness: Objects/Weapons/ar01/ar01, objects/weapons/ar01/ar01.chr
[2014-07-16T10:32:08:714+00] [350.4 MB] [Warning]  bSwapEndian=0, nSubMaterials=0x00000000, nPhysicalizeType=0x00100000, nFlags=0x01000000
[2014-07-16T10:32:08:766+00] [350.5 MB]   47 animation-assets loaded (total assets: 8019)
[2014-07-16T10:32:08:767+00] [350.5 MB] Loading CGF objects/weapons/ar01/ar01_tp.cgf
[2014-07-16T10:32:08:801+00] [350.5 MB] Loading CGF objects/effects/tracer_fp.cgf
[2014-07-16T10:32:08:802+00] [350.5 MB] Loading CGF objects/effects/tracer_green.cgf
[2014-07-16T10:32:08:835+00] [350.5 MB] Loading CGF objects/effects/tracer_red.cgf
[2014-07-16T10:32:08:869+00] [350.5 MB] Loading CGF objects/weapons/ar01/ar01_is_d.cgf
[2014-07-16T10:32:08:911+00] [350.5 MB] Loading CGF objects/weapons/ar01/ar01_is_d_tp.cgf
[2014-07-16T10:32:08:954+00] [351.1 MB]   18 animation-assets loaded (total assets: 8019)
[2014-07-16T10:32:08:955+00] [351.1 MB] Loading CGF objects/weapons/kn01/kn01_tp.cgf
[2014-07-16T10:32:09:007+00] [351.2 MB]   39 animation-assets loaded (total assets: 8019)
[2014-07-16T10:32:09:008+00] [351.2 MB] Loading CGF objects/weapons/pt05/pt05_tp.cgf
[2014-07-16T10:32:09:050+00] [351.2 MB] [Warning] Fixing material name chunk with wrong endianness: objects/Weapons/ap01/ap01, objects/weapons/ap01/ap01.chr
[2014-07-16T10:32:09:052+00] [351.2 MB] [Warning]  bSwapEndian=0, nSubMaterials=0x00000000, nPhysicalizeType=0x00100000, nFlags=0x01000000
[2014-07-16T10:32:09:073+00] [351.2 MB]   19 animation-assets loaded (total assets: 8019)
[2014-07-16T10:32:09:074+00] [351.2 MB] Loading CGF objects/weapons/ap01/ap01_tp.cgf
[2014-07-16T10:32:09:147+00] [351.3 MB] Loading Config file HardwareStatsScreenshot.cfg (d:\game\config\hardwarestatsscreenshot.cfg)
[2014-07-16T10:32:09:393+00] [351.3 MB] [net ] CNetwork::UpdateTick() stall detected, socket manager poll waitTime=65, actionsTime=0
[2014-07-16T10:32:09:415+00] [351.3 MB] [net ] CNetwork::UpdateTick() stall detected, socket manager poll waitTime=66, actionsTime=0
[2014-07-16T10:32:09:416+00] [351.3 MB] [net ] CNetwork::UpdateTick() stall detected, socket manager poll waitTime=65, actionsTime=0
[2014-07-16T10:32:09:417+00] [351.3 MB] [net ] CNetwork::UpdateTick() stall detected, socket manager poll waitTime=66, actionsTime=0
[2014-07-16T10:32:09:418+00] [351.3 MB] [net ] CNetwork::UpdateTick() stall detected, socket manager poll waitTime=65, actionsTime=0
[2014-07-16T10:32:09:419+00] [351.3 MB] [net ] CNetwork::UpdateTick() stall detected, socket manager poll waitTime=65, actionsTime=0
[2014-07-16T10:32:09:420+00] [351.3 MB] [net ] CNetwork::UpdateTick() stall detected, socket manager poll waitTime=66, actionsTime=0
[2014-07-16T10:32:09:421+00] [351.3 MB] [net ] CNetwork::UpdateTick() stall detected, socket manager poll waitTime=64, actionsTime=0
[2014-07-16T10:32:09:422+00] [351.3 MB] [net ] CNetwork::UpdateTick() stall detected, socket manager poll waitTime=65, actionsTime=0
[2014-07-16T10:32:09:424+00] [351.3 MB] [net ] CNetwork::UpdateTick() stall detected, socket manager poll waitTime=65, actionsTime=0
[2014-07-16T10:32:09:425+00] [351.3 MB] [net ] CNetwork::UpdateTick() stall detected, socket manager poll waitTime=65, actionsTime=0
[2014-07-16T10:32:09:426+00] [351.3 MB] [net ] CNetwork::UpdateTick() stall detected, socket manager poll waitTime=65, actionsTime=0
[2014-07-16T10:32:09:427+00] [351.3 MB] [net ] CNetwork::UpdateTick() stall detected, socket manager poll waitTime=65, actionsTime=0
[2014-07-16T10:32:09:428+00] [351.3 MB] [net ] CNetwork::UpdateTick() stall detected, socket manager poll waitTime=65, actionsTime=0
[2014-07-16T10:32:09:429+00] [351.3 MB] [net ] CNetwork::UpdateTick() stall detected, socket manager poll waitTime=65, actionsTime=0
[2014-07-16T10:32:09:429+00] [351.3 MB] [net ] CNetwork::UpdateTick() stall detected, socket manager poll waitTime=65, actionsTime=0
[2014-07-16T10:32:09:430+00] [351.3 MB] [net ] CNetwork::UpdateTick() stall detected, socket manager poll waitTime=65, actionsTime=0
[2014-07-16T10:32:09:431+00] [351.3 MB] [net ] CNetwork::UpdateTick() stall detected, socket manager poll waitTime=65, actionsTime=0
[2014-07-16T10:32:09:432+00] [351.3 MB] [net ] CNetwork::UpdateTick() stall detected, socket manager poll waitTime=65, actionsTime=0
[2014-07-16T10:32:09:433+00] [351.3 MB] [net ] CNetwork::UpdateTick() stall detected, socket manager poll waitTime=65, actionsTime=0
[2014-07-16T10:32:09:434+00] [351.3 MB] [net ] CNetwork::UpdateTick() stall detected, socket manager poll waitTime=66, actionsTime=0
[2014-07-16T10:32:09:435+00] [351.3 MB] [net ] CNetwork::UpdateTick() stall detected, socket manager poll waitTime=66, actionsTime=0
[2014-07-16T10:32:09:436+00] [351.3 MB] [net ] CNetwork::UpdateTick() stall detected, socket manager poll waitTime=65, actionsTime=0
[2014-07-16T10:32:09:438+00] [351.3 MB] [net ] CNetwork::UpdateTick() stall detected, socket manager poll waitTime=66, actionsTime=0
[2014-07-16T10:32:09:439+00] [351.3 MB] [net ] CNetwork::UpdateTick() stall detected, socket manager poll waitTime=64, actionsTime=0
[2014-07-16T10:32:09:440+00] [351.3 MB] [net ] CNetwork::UpdateTick() stall detected, socket manager poll waitTime=66, actionsTime=0
[2014-07-16T10:32:09:441+00] [351.3 MB] [net ] CNetwork::UpdateTick() stall detected, socket manager poll waitTime=66, actionsTime=0
[2014-07-16T10:32:09:442+00] [351.3 MB] [net ] CNetwork::UpdateTick() stall detected, socket manager poll waitTime=66, actionsTime=0
[2014-07-16T10:32:09:443+00] [351.3 MB] [net ] CNetwork::UpdateTick() stall detected, socket manager poll waitTime=65, actionsTime=0
[2014-07-16T10:32:09:444+00] [351.3 MB] [net ] CNetwork::UpdateTick() stall detected, socket manager poll waitTime=66, actionsTime=0
[2014-07-16T10:32:09:445+00] [351.3 MB] [net ] CNetwork::UpdateTick() stall detected, socket manager poll waitTime=64, actionsTime=0
[2014-07-16T10:32:09:447+00] [351.3 MB] [net ] CNetwork::UpdateTick() stall detected, socket manager poll waitTime=66, actionsTime=0
[2014-07-16T10:32:09:448+00] [351.3 MB] [net ] CNetwork::UpdateTick() stall detected, socket manager poll waitTime=66, actionsTime=0
[2014-07-16T10:32:09:449+00] [351.3 MB] [net ] CNetwork::UpdateTick() stall detected, socket manager poll waitTime=66, actionsTime=0
[2014-07-16T10:32:09:450+00] [351.3 MB] [net ] CNetwork::UpdateTick() stall detected, socket manager poll waitTime=65, actionsTime=0
[2014-07-16T10:32:09:451+00] [351.3 MB] [net ] CNetwork::UpdateTick() stall detected, socket manager poll waitTime=66, actionsTime=0
[2014-07-16T10:32:09:452+00] [351.3 MB] [net ] CNetwork::UpdateTick() stall detected, socket manager poll waitTime=64, actionsTime=0
[2014-07-16T10:32:09:454+00] [351.3 MB] [net ] CNetwork::UpdateTick() stall detected, socket manager poll waitTime=66, actionsTime=0
[2014-07-16T10:32:09:455+00] [351.3 MB] [net ] CNetwork::UpdateTick() stall detected, socket manager poll waitTime=66, actionsTime=0
[2014-07-16T10:32:09:456+00] [351.3 MB] [net ] CNetwork::UpdateTick() stall detected, socket manager poll waitTime=66, actionsTime=0
[2014-07-16T10:32:09:457+00] [351.3 MB] [net ] CNetwork::UpdateTick() stall detected, socket manager poll waitTime=65, actionsTime=0
[2014-07-16T10:32:09:457+00] [351.3 MB] [net ] CNetwork::UpdateTick() stall detected, socket manager poll waitTime=65, actionsTime=0
[2014-07-16T10:32:09:458+00] [351.3 MB] [net ] CNetwork::UpdateTick() stall detected, socket manager poll waitTime=65, actionsTime=0
[2014-07-16T10:32:09:459+00] [351.3 MB] [net ] CNetwork::UpdateTick() stall detected, socket manager poll waitTime=65, actionsTime=0
[2014-07-16T10:32:09:460+00] [351.3 MB] [net ] CNetwork::UpdateTick() stall detected, socket manager poll waitTime=66, actionsTime=0
[2014-07-16T10:32:09:461+00] [351.3 MB] [net ] CNetwork::UpdateTick() stall detected, socket manager poll waitTime=66, actionsTime=0
[2014-07-16T10:32:09:462+00] [351.3 MB] [net ] CNetwork::UpdateTick() stall detected, socket manager poll waitTime=66, actionsTime=0
[2014-07-16T10:32:09:463+00] [351.3 MB] [net ] CNetwork::UpdateTick() stall detected, socket manager poll waitTime=65, actionsTime=0
[2014-07-16T10:32:09:465+00] [351.3 MB] [net ] CNetwork::UpdateTick() stall detected, socket manager poll waitTime=65, actionsTime=0
[2014-07-16T10:32:09:466+00] [351.3 MB] [net ] CNetwork::UpdateTick() stall detected, socket manager poll waitTime=65, actionsTime=0
[2014-07-16T10:32:09:467+00] [351.3 MB] [net ] CNetwork::UpdateTick() stall detected, socket manager poll waitTime=65, actionsTime=0
[2014-07-16T10:32:09:468+00] [351.3 MB] [net ] CNetwork::UpdateTick() stall detected, socket manager poll waitTime=64, actionsTime=0
[2014-07-16T10:32:09:470+00] [351.3 MB] [net ] CNetwork::UpdateTick() stall detected, socket manager poll waitTime=65, actionsTime=0
[2014-07-16T10:32:09:471+00] [351.3 MB] [net ] CNetwork::UpdateTick() stall detected, socket manager poll waitTime=66, actionsTime=0
[2014-07-16T10:32:09:472+00] [351.3 MB] [net ] CNetwork::UpdateTick() stall detected, socket manager poll waitTime=66, actionsTime=0
[2014-07-16T10:32:09:473+00] [351.3 MB] [net ] CNetwork::UpdateTick() stall detected, socket manager poll waitTime=65, actionsTime=0
[2014-07-16T10:32:09:474+00] [351.3 MB] [net ] CNetwork::UpdateTick() stall detected, socket manager poll waitTime=65, actionsTime=0
[2014-07-16T10:32:09:475+00] [351.3 MB] [net ] CNetwork::UpdateTick() stall detected, socket manager poll waitTime=64, actionsTime=0
[2014-07-16T10:32:09:476+00] [351.3 MB] [net ] CNetwork::UpdateTick() stall detected, socket manager poll waitTime=66, actionsTime=0
[2014-07-16T10:32:09:477+00] [351.3 MB] [net ] CNetwork::UpdateTick() stall detected, socket manager poll waitTime=66, actionsTime=0
[2014-07-16T10:32:09:478+00] [351.3 MB] [net ] CNetwork::UpdateTick() stall detected, socket manager poll waitTime=66, actionsTime=0
[2014-07-16T10:32:09:479+00] [351.3 MB] [net ] CNetwork::UpdateTick() stall detected, socket manager poll waitTime=65, actionsTime=0
[2014-07-16T10:32:09:481+00] [351.3 MB] [net ] CNetwork::UpdateTick() stall detected, socket manager poll waitTime=65, actionsTime=0
[2014-07-16T10:32:09:482+00] [351.3 MB] [net ] CNetwork::UpdateTick() stall detected, socket manager poll waitTime=65, actionsTime=0
[2014-07-16T10:32:09:483+00] [351.3 MB] [net ] CNetwork::UpdateTick() stall detected, socket manager poll waitTime=66, actionsTime=0
[2014-07-16T10:32:09:484+00] [351.3 MB] [net ] CNetwork::UpdateTick() stall detected, socket manager poll waitTime=66, actionsTime=0
[2014-07-16T10:32:09:486+00] [351.3 MB] [net ] CNetwork::UpdateTick() stall detected, socket manager poll waitTime=65, actionsTime=0
[2014-07-16T10:32:09:487+00] [351.3 MB] [net ] CNetwork::UpdateTick() stall detected, socket manager poll waitTime=65, actionsTime=0
[2014-07-16T10:32:09:488+00] [351.3 MB] [net ] CNetwork::UpdateTick() stall detected, socket manager poll waitTime=65, actionsTime=0
[2014-07-16T10:32:09:489+00] [351.3 MB] [net ] CNetwork::UpdateTick() stall detected, socket manager poll waitTime=66, actionsTime=0
[2014-07-16T10:32:09:490+00] [351.3 MB] [net ] CNetwork::UpdateTick() stall detected, socket manager poll waitTime=65, actionsTime=0
[2014-07-16T10:32:09:491+00] [351.3 MB] [net ] CNetwork::UpdateTick() stall detected, socket manager poll waitTime=65, actionsTime=0
[2014-07-16T10:32:09:493+00] [351.3 MB] [net ] CNetwork::UpdateTick() stall detected, socket manager poll waitTime=66, actionsTime=0
[2014-07-16T10:32:09:494+00] [351.3 MB] [net ] CNetwork::UpdateTick() stall detected, socket manager poll waitTime=65, actionsTime=0
[2014-07-16T10:32:09:495+00] [351.3 MB] [net ] CNetwork::UpdateTick() stall detected, socket manager poll waitTime=66, actionsTime=0
[2014-07-16T10:32:09:496+00] [351.3 MB] [net ] CNetwork::UpdateTick() stall detected, socket manager poll waitTime=66, actionsTime=0
[2014-07-16T10:32:09:497+00] [351.3 MB] [net ] CNetwork::UpdateTick() stall detected, socket manager poll waitTime=65, actionsTime=0
[2014-07-16T10:32:09:498+00] [351.3 MB] [net ] CNetwork::UpdateTick() stall detected, socket manager poll waitTime=66, actionsTime=0
[2014-07-16T10:32:09:499+00] [351.3 MB] [net ] CNetwork::SyncWithGame() took a long time [106], lock=[0], normal=[106], lobby=[0], gotLobbyLock=true
[2014-07-16T10:32:09:536+00] [294.2 MB] [CShaderSerialize] Import Shader: Illum flags: 0x0 mdvFlags: 0x0 from LEVEL cache ShaderCache/x360/Illum.fxb
[2014-07-16T10:32:09:541+00] [294.2 MB] [CShaderSerialize] Import Shader: Terrain flags: 0x200000000 mdvFlags: 0x0 from LEVEL cache ShaderCache/x360/Terrain.fxb
[2014-07-16T10:32:09:545+00] [294.2 MB] [CShaderSerialize] Import Shader: nodraw flags: 0x0 mdvFlags: 0x0 from LEVEL cache ShaderCache/x360/nodraw.fxb
[2014-07-16T10:32:09:549+00] [294.2 MB] [CShaderSerialize] Import Shader: Helper flags: 0x0 mdvFlags: 0x0 from LEVEL cache ShaderCache/x360/Helper.fxb
[2014-07-16T10:32:09:554+00] [294.2 MB] [CShaderSerialize] Import Shader: Cloth flags: 0x8 mdvFlags: 0x0 from LEVEL cache ShaderCache/x360/Cloth.fxb
[2014-07-16T10:32:09:558+00] [294.2 MB] [CShaderSerialize] Import Shader: Illum flags: 0x10000 mdvFlags: 0x0 from LEVEL cache ShaderCache/x360/Illum.fxb
[2014-07-16T10:32:09:562+00] [294.2 MB] [CShaderSerialize] Import Shader: HumanSkin flags: 0x80000 mdvFlags: 0x0 from LEVEL cache ShaderCache/x360/HumanSkin.fxb
[2014-07-16T10:32:09:566+00] [294.3 MB] [CShaderSerialize] Import Shader: Illum flags: 0x90000 mdvFlags: 0x0 from LEVEL cache ShaderCache/x360/Illum.fxb
[2014-07-16T10:32:09:570+00] [294.3 MB] [CShaderSerialize] Import Shader: Illum flags: 0x2 mdvFlags: 0x0 from LEVEL cache ShaderCache/x360/Illum.fxb
[2014-07-16T10:32:09:574+00] [294.3 MB] [CShaderSerialize] Import Shader: Illum flags: 0x80008 mdvFlags: 0x0 from LEVEL cache ShaderCache/x360/Illum.fxb
[2014-07-16T10:32:09:578+00] [294.4 MB] [warfaces_k6.pak] Downloaded!
[2014-07-16T10:32:09:582+00] [293.8 MB] [CShaderSerialize] Import Shader: Glass flags: 0x1000010010 mdvFlags: 0x0 from LEVEL cache ShaderCache/x360/Glass.fxb
[2014-07-16T10:32:09:588+00] [293.8 MB] [CShaderSerialize] Import Shader: Illum flags: 0x10002 mdvFlags: 0x0 from LEVEL cache ShaderCache/x360/Illum.fxb
[2014-07-16T10:32:09:592+00] [318.4 MB] [CShaderSerialize] Import Shader: VoxTerrain flags: 0x200000000 mdvFlags: 0x0 from LEVEL cache ShaderCache/x360/VoxTerrain.fxb
[2014-07-16T10:32:09:596+00] [318.4 MB] [CShaderSerialize] Import Shader: FogVolume flags: 0x0 mdvFlags: 0x0 from LEVEL cache ShaderCache/x360/FogVolume.fxb
[2014-07-16T10:32:09:600+00] [318.4 MB] [CShaderSerialize] Import Shader: Stars flags: 0x0 mdvFlags: 0x0 from LEVEL cache ShaderCache/x360/Stars.fxb
[2014-07-16T10:32:09:604+00] [318.8 MB] [CShaderSerialize] Import Shader: Illum flags: 0x40000 mdvFlags: 0x0 from LEVEL cache ShaderCache/x360/Illum.fxb
[2014-07-16T10:32:09:608+00] [318.8 MB] [Error] Failed to load texture Unknown': format 'objects/weapons/grenades/fg01/textures/fg01_tp_ddn.dds' is not supported
[2014-07-16T10:32:09:612+00] [318.8 MB] [Error] Failed to load texture Unknown': format 'objects/weapons/grenades/sg01/textures/sg01_tp_ddn.dds' is not supported
[2014-07-16T10:32:09:616+00] [318.9 MB] [Error] Failed to load texture Unknown': format 'objects/weapons/cm01/textures/cm01_ddn.dds' is not supported
[2014-07-16T10:32:09:621+00] [318.9 MB] [CShaderSerialize] Import Shader: Illum flags: 0x80002 mdvFlags: 0x0 from LEVEL cache ShaderCache/x360/Illum.fxb
[2014-07-16T10:32:09:624+00] [318.8 MB] [Error] Failed to load texture Unknown': format 'objects/weapons/cm02/textures/cm02_tp_ammo_ddn.dds' is not supported
[2014-07-16T10:32:09:628+00] [318.8 MB] [Error] Failed to load texture Unknown': format 'objects/weapons/grenades/fg02/textures/fg02_tp_ddn.dds' is not supported
[2014-07-16T10:32:09:632+00] [318.8 MB] [Error] Failed to load texture Unknown': format 'objects/weapons/grenades/fg_baseball/textures/fg_baseball_tp_ddn.dds' is not supported
[2014-07-16T10:32:09:636+00] [318.8 MB] [Error] Failed to load texture Unknown': format 'objects/weapons/grenades/fg01_xmas/textures/fg01_xmas_tp_ddn.dds' is not supported
[2014-07-16T10:32:09:640+00] [318.9 MB] [Error] Failed to load texture Unknown': format 'objects/weapons/grenades/fg05_zong/textures/fg05_zong_tp_ddn.dds' is not supported
[2014-07-16T10:32:09:644+00] [318.9 MB] [Error] Failed to load texture Unknown': format 'objects/weapons/grenades/fl01/textures/fl01_tp_ddn.dds' is not supported
[2014-07-16T10:32:09:649+00] [319.6 MB] [Error] Failed to load texture Unknown': format 'objects/weapons/grenades/fl02/textures/fl02_tp_ddn.dds' is not supported
[2014-07-16T10:32:09:653+00] [319.6 MB] [CShaderSerialize] Import Shader: Metal flags: 0x10008 mdvFlags: 0x0 from LEVEL cache ShaderCache/x360/Metal.fxb
[2014-07-16T10:32:09:657+00] [319.6 MB] [Error] Failed to load texture Unknown': format 'objects/weapons/grenades/kng01/textures/kng01_ddn.dds' is not supported
[2014-07-16T10:32:09:660+00] [319.6 MB] [CShaderSerialize] Import Shader: Illum_weapons flags: 0x90008 mdvFlags: 0x0 from LEVEL cache ShaderCache/x360/Illum_weapons.fxb
[2014-07-16T10:32:09:664+00] [319.6 MB] [Error] Failed to load texture Unknown': format 'objects/weapons/grenades/kng02/textures/kng02_ddn.dds' is not supported
[2014-07-16T10:32:09:668+00] [319.6 MB] [Error] Failed to load texture Unknown': format 'objects/weapons/grenades/sg02/textures/sg02_tp_ddn.dds' is not supported
[2014-07-16T10:32:09:672+00] [319.8 MB] [Error] Failed to load texture Unknown': format 'objects/weapons/grenades/sg03/textures/sg03_tp_ddn.dds' is not supported
[2014-07-16T10:32:09:676+00] [319.8 MB] [Error] Failed to load texture Unknown': format 'objects/weapons/grenades/sg04/textures/sg04_tp_ddn.dds' is not supported
[2014-07-16T10:32:09:680+00] [319.8 MB] [Error] Failed to load texture Unknown': format 'objects/weapons/grenades/sg01_bra01/textures/sg01_bra01_tp_ddn.dds' is not supported
[2014-07-16T10:32:09:684+00] [320.1 MB] [Error] Failed to load texture Unknown': format 'objects/weapons/shells/shell_5,56mm/textures/shell_5,56mm_ddn.dds' is not supported
[2014-07-16T10:32:09:688+00] [320.1 MB] [CShaderSerialize] Import Shader: Illum flags: 0x8090008 mdvFlags: 0x0 from LEVEL cache ShaderCache/x360/Illum.fxb
[2014-07-16T10:32:09:693+00] [320.1 MB] [CShaderSerialize] Import Shader: Templbeamproc flags: 0x2 mdvFlags: 0x0 from LEVEL cache ShaderCache/x360/Templbeamproc.fxb
[2014-07-16T10:32:09:697+00] [320.3 MB] [CShaderSerialize] Import Shader: Particles flags: 0x0 mdvFlags: 0x0 from LEVEL cache ShaderCache/x360/Particles.fxb
[2014-07-16T10:32:09:701+00] [320.3 MB] [CShaderSerialize] Import Shader: Templbeamproc flags: 0x3 mdvFlags: 0x0 from LEVEL cache ShaderCache/x360/Templbeamproc.fxb
[2014-07-16T10:32:09:705+00] [320.3 MB] [Error] Failed to load texture Unknown': format 'textures/sprites/fire/fire_blur_a_ddn.dds' is not supported
[2014-07-16T10:32:09:709+00] [320.3 MB] [CShaderSerialize] Import Shader: Particles flags: 0x4 mdvFlags: 0x0 from LEVEL cache ShaderCache/x360/Particles.fxb
[2014-07-16T10:32:09:713+00] [320.6 MB] [Error] Failed to load texture Unknown': format 'objects/weapons/shells/shell_7,62x39/textures/shell_7,62x39_ddn.dds' is not supported
[2014-07-16T10:32:09:716+00] [320.6 MB] [CShaderSerialize] Import Shader: Illum flags: 0x90008 mdvFlags: 0x0 from LEVEL cache ShaderCache/x360/Illum.fxb
[2014-07-16T10:32:09:720+00] [320.7 MB] [Error] Failed to load texture Unknown': format 'objects/weapons/shells/shell_9mm/textures/shell_9mm_ddn.dds' is not supported
[2014-07-16T10:32:09:724+00] [320.8 MB] [CShaderSerialize] Import Shader: Particles flags: 0x20 mdvFlags: 0x0 from LEVEL cache ShaderCache/x360/Particles.fxb
[2014-07-16T10:32:09:728+00] [320.8 MB] [Error] Failed to load texture Unknown': format 'objects/weapons/shells/shell_7,62x51/textures/shell_7,62x51_ddn.dds' is not supported
[2014-07-16T10:32:09:732+00] [321.3 MB] [Error] Failed to load texture Unknown': format 'textures/sprites/ddn/wave_c_ddn.dds' is not supported
[2014-07-16T10:32:09:735+00] [321.3 MB] [Error] Failed to load texture Unknown': format 'textures/sprites/ddn/wave_a_ddn.dds' is not supported
[2014-07-16T10:32:09:739+00] [321.5 MB] [Error] Failed to load texture Unknown': format 'objects/weapons/shells/shell_50bmg/textures/shell_50bmg_ddn.dds' is not supported
[2014-07-16T10:32:09:743+00] [321.5 MB] [Error] Failed to load texture Unknown': format 'objects/weapons/shells/shell_clip/textures/shell_clip_ddn.dds' is not supported
[2014-07-16T10:32:09:747+00] [321.5 MB] [CShaderSerialize] Import Shader: Illum flags: 0x50000 mdvFlags: 0x0 from LEVEL cache ShaderCache/x360/Illum.fxb
[2014-07-16T10:32:09:751+00] [322.6 MB] [Error] Failed to load texture Unknown': format 'textures/sprites/ddn/refraction_a_ddn.dds' is not supported
[2014-07-16T10:32:09:755+00] [323.0 MB] [Error] Failed to load texture Unknown': format 'objects/weapons/shells/shell_shotgun/textures/shotgun_shell_ddn.dds' is not supported
[2014-07-16T10:32:09:758+00] [323.6 MB] [CShaderSerialize] Import Shader: Particles flags: 0x10 mdvFlags: 0x0 from LEVEL cache ShaderCache/x360/Particles.fxb
[2014-07-16T10:32:09:763+00] [324.4 MB] [Error] Failed to load texture Unknown': format 'objects/weapons/shells/shell_7,62x54/textures/shell_7,62x54_ddn.dds' is not supported
[2014-07-16T10:32:09:767+00] [325.1 MB] [CShaderSerialize] Import Shader: Illum flags: 0x800 mdvFlags: 0x0 from LEVEL cache ShaderCache/x360/Illum.fxb
[2014-07-16T10:32:09:770+00] [325.1 MB] [Error] Failed to load texture Unknown': format 'textures/decals/asphalt_broken_a_ddn.dds' is not supported
[2014-07-16T10:32:09:774+00] [325.1 MB] [CShaderSerialize] Import Shader: Illum flags: 0x80800 mdvFlags: 0x0 from LEVEL cache ShaderCache/x360/Illum.fxb
[2014-07-16T10:32:09:778+00] [325.1 MB] [Error] Failed to load texture Unknown': format 'textures/decals/asphalt_broken_b_ddn.dds' is not supported
[2014-07-16T10:32:09:781+00] [325.1 MB] [Error] Failed to load texture Unknown': format 'textures/decals/asphalt_broken_c_ddn.dds' is not supported
[2014-07-16T10:32:09:785+00] [325.1 MB] [CShaderSerialize] Import Shader: Illum flags: 0x840 mdvFlags: 0x0 from LEVEL cache ShaderCache/x360/Illum.fxb
[2014-07-16T10:32:09:789+00] [325.2 MB] [Error] Failed to load texture Unknown': format 'textures/decals/bullets_holle_a_ddn.dds' is not supported
[2014-07-16T10:32:09:793+00] [325.2 MB] [Error] Failed to load texture Unknown': format 'textures/decals/bullets_holle_b_ddn.dds' is not supported
[2014-07-16T10:32:09:798+00] [325.3 MB] [Error] Failed to load texture Unknown': format 'textures/decals/burned_ground_a_ddn.dds' is not supported
[2014-07-16T10:32:09:802+00] [325.3 MB] [Error] Failed to load texture Unknown': format 'textures/decals/burned_ground_b_ddn.dds' is not supported
[2014-07-16T10:32:09:844+00] [325.3 MB] [Error] Failed to load texture Unknown': format 'textures/decals/particles/concrete_plain_b_ddn.dds' is not supported
[2014-07-16T10:32:09:851+00] [325.3 MB] [Error] Failed to load texture Unknown': format 'textures/decals/particles/concrete_white_a_ddn.dds' is not supported
[2014-07-16T10:32:09:854+00] [325.3 MB] [Error] Failed to load texture Unknown': format 'textures/decals/particles/concrete_white_b_ddn.dds' is not supported
[2014-07-16T10:32:09:857+00] [325.3 MB] [Error] Failed to load texture Unknown': format 'textures/decals/particles/concrete_white_c_ddn.dds' is not supported
[2014-07-16T10:32:09:860+00] [325.3 MB] [Error] Failed to load texture Unknown': format 'textures/decals/dirt_on_road_a_ddn.dds' is not supported
[2014-07-16T10:32:09:863+00] [325.3 MB] [Error] Failed to load texture Unknown': format 'textures/decals/dirt_on_road_b_ddn.dds' is not supported
[2014-07-16T10:32:09:865+00] [325.3 MB] [CShaderSerialize] Import Shader: Illum flags: 0x90800 mdvFlags: 0x0 from LEVEL cache ShaderCache/x360/Illum.fxb
[2014-07-16T10:32:09:868+00] [325.4 MB] [Error] Failed to load texture Unknown': format 'textures/decals/particles/footprint_sand_left_ddn.dds' is not supported
[2014-07-16T10:32:09:870+00] [325.4 MB] [Error] Failed to load texture Unknown': format 'textures/decals/garbage_a_ddn.dds' is not supported
[2014-07-16T10:32:09:873+00] [325.4 MB] [Error] Failed to load texture Unknown': format 'textures/decals/garbage_b_ddn.dds' is not supported
[2014-07-16T10:32:09:875+00] [325.4 MB] [Error] Failed to load texture Unknown': format 'textures/decals/garbage_c_ddn.dds' is not supported
[2014-07-16T10:32:09:878+00] [325.4 MB] [Error] Failed to load texture Unknown': format 'textures/decals/particles/glass_ddn.dds' is not supported
[2014-07-16T10:32:09:881+00] [325.4 MB] [CShaderSerialize] Import Shader: Illum flags: 0x10800 mdvFlags: 0x0 from LEVEL cache ShaderCache/x360/Illum.fxb
[2014-07-16T10:32:09:884+00] [325.4 MB] [Error] Failed to load texture Unknown': format 'textures/decals/particles/glass_b_ddn.dds' is not supported
[2014-07-16T10:32:09:886+00] [325.4 MB] [Error] Failed to load texture Unknown': format 'textures/decals/particles/glass_c_ddn.dds' is not supported
[2014-07-16T10:32:09:889+00] [325.4 MB] [Error] Failed to load texture Unknown': format 'textures/decals/grain_a_ddn.dds' is not supported
[2014-07-16T10:32:09:891+00] [325.4 MB] [Error] Failed to load texture Unknown': format 'textures/decals/particles/rock_sandy_b_ddn.dds' is not supported
[2014-07-16T10:32:09:894+00] [325.4 MB] [Error] Failed to load texture Unknown': format 'textures/decals/particles/human_body_ddn.dds' is not supported
[2014-07-16T10:32:09:896+00] [325.5 MB] [Error] Failed to load texture Unknown': format 'textures/decals/metal/metal_scretched_a_ddn.dds' is not supported
[2014-07-16T10:32:09:898+00] [325.5 MB] [Error] Failed to load texture Unknown': format 'textures/decals/particles/metal_tin_ddn.dds' is not supported
[2014-07-16T10:32:09:901+00] [325.5 MB] [Error] Failed to load texture Unknown': format 'textures/decals/notes_ddn.dds' is not supported
[2014-07-16T10:32:09:904+00] [325.5 MB] [CShaderSerialize] Import Shader: Illum flags: 0x40800 mdvFlags: 0x0 from LEVEL cache ShaderCache/x360/Illum.fxb
[2014-07-16T10:32:09:906+00] [325.5 MB] [Error] Failed to load texture Unknown': format 'textures/decals/paper_ddn.dds' is not supported
[2014-07-16T10:32:09:909+00] [325.5 MB] [Error] Failed to load texture Unknown': format 'textures/decals/particles/plastic_ddn.dds' is not supported
[2014-07-16T10:32:09:912+00] [325.5 MB] [Error] Failed to load texture Unknown': format 'textures/decals/particles/plastic_b_ddn.dds' is not supported
[2014-07-16T10:32:09:914+00] [325.5 MB] [CShaderSerialize] Import Shader: Illum flags: 0x90808 mdvFlags: 0x0 from LEVEL cache ShaderCache/x360/Illum.fxb
[2014-07-16T10:32:09:917+00] [325.5 MB] [Error] Failed to load texture Unknown': format 'textures/decals/dirt_on_road_c_ddn.dds' is not supported
[2014-07-16T10:32:09:920+00] [325.5 MB] [Error] Failed to load texture Unknown': format 'textures/decals/tank_track_a_ddn.dds' is not supported
[2014-07-16T10:32:09:923+00] [325.5 MB] [Error] Failed to load texture Unknown': format 'textures/decals/tank_track_b_ddn.dds' is not supported
[2014-07-16T10:32:09:926+00] [325.5 MB] [Error] Failed to load texture Unknown': format 'textures/decals/tank_track_c_ddn.dds' is not supported
[2014-07-16T10:32:09:928+00] [325.5 MB] [Error] Failed to load texture Unknown': format 'textures/decals/general_trash_ddn.dds' is not supported
[2014-07-16T10:32:09:931+00] [325.5 MB] [Error] Failed to load texture Unknown': format 'textures/decals/cable_trash_ddn.dds' is not supported
[2014-07-16T10:32:09:934+00] [325.5 MB] [Error] Failed to load texture Unknown': format 'textures/decals/trash_decal_a_ddn.dds' is not supported
[2014-07-16T10:32:09:936+00] [325.5 MB] [Error] Failed to load texture Unknown': format 'textures/decals/trash_decal_b_ddn.dds' is not supported
[2014-07-16T10:32:09:939+00] [325.5 MB] [Error] Failed to load texture Unknown': format 'textures/decals/trash_decal_c_ddn.dds' is not supported
[2014-07-16T10:32:09:942+00] [325.6 MB] [Error] Failed to load texture Unknown': format 'textures/decals/wall_crack_a_ddn.dds' is not supported
[2014-07-16T10:32:09:945+00] [325.6 MB] [Error] Failed to load texture Unknown': format 'textures/decals/wall_crack_b_ddn.dds' is not supported
[2014-07-16T10:32:09:947+00] [325.6 MB] [Error] Failed to load texture Unknown': format 'textures/decals/wall_crack_c_ddn.dds' is not supported
[2014-07-16T10:32:09:950+00] [325.6 MB] [Error] Failed to load texture Unknown': format 'textures/decals/wood/wood_hit_a_ddn.dds' is not supported
[2014-07-16T10:32:09:952+00] [325.6 MB] [Error] Failed to load texture Unknown': format 'textures/decals/wood/wood_hit_b_ddn.dds' is not supported
[2014-07-16T10:32:09:956+00] [325.6 MB] [Error] Failed to load texture Unknown': format 'textures/decals/branches/branch_a_ddn.dds' is not supported
[2014-07-16T10:32:09:958+00] [325.6 MB] [Error] Failed to load texture Unknown': format 'textures/decals/branches/branch_b_ddn.dds' is not supported
[2014-07-16T10:32:09:961+00] [325.6 MB] [Error] Failed to load texture Unknown': format 'textures/decals/branches/branch_c_ddn.dds' is not supported
[2014-07-16T10:32:09:963+00] [325.7 MB] [Error] Failed to load texture Unknown': format 'textures/decals/broken_plaster/wall_broken_plaster_a_ddn.dds' is not supported
[2014-07-16T10:32:09:965+00] [325.7 MB] [Error] Failed to load texture Unknown': format 'textures/decals/broken_plaster/wall_broken_plaster_b_ddn.dds' is not supported
[2014-07-16T10:32:09:968+00] [325.7 MB] [Error] Failed to load texture Unknown': format 'textures/decals/broken_plaster/wall_broken_plaster_c_ddn.dds' is not supported
[2014-07-16T10:32:09:971+00] [325.7 MB] [Error] Failed to load texture Unknown': format 'textures/decals/broken_plaster/wall_broken_plaster_d_ddn.dds' is not supported
[2014-07-16T10:32:09:973+00] [325.8 MB] [Error] Failed to load texture Unknown': format 'textures/decals/broken_plaster/wall_broken_plaster_e_ddn.dds' is not supported
[2014-07-16T10:32:09:976+00] [325.8 MB] [Error] Failed to load texture Unknown': format 'textures/decals/paint/wall_old_paint_a_ddn.dds' is not supported
[2014-07-16T10:32:09:979+00] [325.8 MB] [Error] Failed to load texture Unknown': format 'textures/terrain/decals/dirt_on_road_17_ddn.dds' is not supported
[2014-07-16T10:32:09:981+00] [325.8 MB] [Error] Failed to load texture Unknown': format 'textures/terrain/decals/dirt_on_road_4_ddn.dds' is not supported
[2014-07-16T10:32:09:984+00] [326.1 MB] [CShaderSerialize] Import Shader: Illum flags: 0x2000000000 mdvFlags: 0x0 from LEVEL cache ShaderCache/x360/Illum.fxb
[2014-07-16T10:32:09:986+00] [326.2 MB] [CShaderSerialize] Import Shader: Illum flags: 0x12000 mdvFlags: 0x0 from LEVEL cache ShaderCache/x360/Illum.fxb
[2014-07-16T10:32:09:988+00] [326.2 MB] [CShaderSerialize] Import Shader: Illum flags: 0x2000002000 mdvFlags: 0x0 from LEVEL cache ShaderCache/x360/Illum.fxb
[2014-07-16T10:32:09:991+00] [326.3 MB] [Error] Failed to load texture Unknown': format 'objects/architecture/lobby/ceiling/textures/metal_structure_ddn.dds' is not supported
[2014-07-16T10:32:09:993+00] [326.3 MB] [Error] Failed to load texture Unknown': format 'objects/architecture/lobby/stairs/textures/metal_floor_ddn.dds' is not supported
[2014-07-16T10:32:09:996+00] [326.3 MB] [CShaderSerialize] Import Shader: Illum flags: 0x400000010000 mdvFlags: 0x0 from LEVEL cache ShaderCache/x360/Illum.fxb
[2014-07-16T10:32:09:998+00] [326.3 MB] [Error] Failed to load texture Unknown': format 'objects/architecture/lobby/pipes/textures/fat_pipes_ddn.dds' is not supported
[2014-07-16T10:32:10:000+00] [326.3 MB] [CShaderSerialize] Import Shader: Illum flags: 0x12004 mdvFlags: 0x0 from LEVEL cache ShaderCache/x360/Illum.fxb
[2014-07-16T10:32:10:002+00] [326.3 MB] [CShaderSerialize] Import Shader: Illum flags: 0x2000010000 mdvFlags: 0x0 from LEVEL cache ShaderCache/x360/Illum.fxb
[2014-07-16T10:32:10:005+00] [326.3 MB] [CShaderSerialize] Import Shader: Illum flags: 0x400000002000 mdvFlags: 0x0 from LEVEL cache ShaderCache/x360/Illum.fxb
[2014-07-16T10:32:10:007+00] [326.4 MB] [Error] Failed to load texture Unknown': format 'objects/architecture/lobby/stairs/textures/metal_ddn.dds' is not supported
[2014-07-16T10:32:10:010+00] [326.6 MB] [CShaderSerialize] Import Shader: Illum flags: 0x400000012000 mdvFlags: 0x0 from LEVEL cache ShaderCache/x360/Illum.fxb
[2014-07-16T10:32:10:012+00] [326.6 MB] [CShaderSerialize] Import Shader: Illum flags: 0x400000092000 mdvFlags: 0x0 from LEVEL cache ShaderCache/x360/Illum.fxb
[2014-07-16T10:32:10:015+00] [326.6 MB] [Error] Failed to load texture Unknown': format 'objects/architecture/kosovo_city/construction/construction_building/textures/construction_brick_ddn.dds' is not supported
[2014-07-16T10:32:10:017+00] [326.6 MB] [CShaderSerialize] Import Shader: Illum flags: 0x2000 mdvFlags: 0x0 from LEVEL cache ShaderCache/x360/Illum.fxb
[2014-07-16T10:32:10:019+00] [326.6 MB] [Error] Failed to load texture Unknown': format 'objects/props/lobby/racks/textures/racks_ddn.dds' is not supported
[2014-07-16T10:32:10:022+00] [326.6 MB] [Error] Failed to load texture Unknown': format 'objects/architecture/lobby/walls/textures/bricks_ddn.dds' is not supported
[2014-07-16T10:32:10:024+00] [326.6 MB] [Error] Failed to load texture Unknown': format 'objects/architecture/kosovo_city/textures/window_hangar_ddn.dds' is not supported
[2014-07-16T10:32:10:026+00] [326.6 MB] [CShaderSerialize] Import Shader: Illum flags: 0x2000090000 mdvFlags: 0x0 from LEVEL cache ShaderCache/x360/Illum.fxb
[2014-07-16T10:32:10:028+00] [326.6 MB] [CShaderSerialize] Import Shader: Illum flags: 0x402000012000 mdvFlags: 0x0 from LEVEL cache ShaderCache/x360/Illum.fxb
[2014-07-16T10:32:10:031+00] [326.8 MB] [Error] Failed to load texture Unknown': format 'objects/architecture/lobby/walls/textures/garage_door_metal_ddn.dds' is not supported
[2014-07-16T10:32:10:033+00] [326.8 MB] [CShaderSerialize] Import Shader: Illum flags: 0x2000080000 mdvFlags: 0x0 from LEVEL cache ShaderCache/x360/Illum.fxb
[2014-07-16T10:32:10:036+00] [326.8 MB] [CShaderSerialize] Import Shader: Illum flags: 0x402000092000 mdvFlags: 0x0 from LEVEL cache ShaderCache/x360/Illum.fxb
[2014-07-16T10:32:10:038+00] [326.8 MB] [CShaderSerialize] Import Shader: Illum flags: 0x8 mdvFlags: 0x0 from LEVEL cache ShaderCache/x360/Illum.fxb
[2014-07-16T10:32:10:041+00] [326.8 MB] [CShaderSerialize] Import Shader: Illum flags: 0x402000000002 mdvFlags: 0x0 from LEVEL cache ShaderCache/x360/Illum.fxb
[2014-07-16T10:32:10:043+00] [327.0 MB] [CShaderSerialize] Import Shader: Illum flags: 0x402000010000 mdvFlags: 0x0 from LEVEL cache ShaderCache/x360/Illum.fxb
[2014-07-16T10:32:10:045+00] [327.0 MB] [Error] Failed to load texture Unknown': format 'objects/props/jugs/textures/jug_ddn.dds' is not supported
[2014-07-16T10:32:10:048+00] [327.0 MB] [CShaderSerialize] Import Shader: Illum flags: 0x402000000000 mdvFlags: 0x0 from LEVEL cache ShaderCache/x360/Illum.fxb
[2014-07-16T10:32:10:050+00] [327.1 MB] [CShaderSerialize] Import Shader: Illum flags: 0x2000040000 mdvFlags: 0x0 from LEVEL cache ShaderCache/x360/Illum.fxb
[2014-07-16T10:32:10:053+00] [327.1 MB] [Error] Failed to load texture Unknown': format 'objects/vehicles/special/challenger/textures/challenger_ddn.dds' is not supported
[2014-07-16T10:32:10:055+00] [327.1 MB] [Error] Failed to load texture Unknown': format 'objects/vehicles/special/challenger/textures/challenger_tracks_ddn.dds' is not supported
[2014-07-16T10:32:10:058+00] [327.1 MB] [CShaderSerialize] Import Shader: Illum flags: 0x2000000800 mdvFlags: 0x0 from LEVEL cache ShaderCache/x360/Illum.fxb
[2014-07-16T10:32:10:060+00] [327.2 MB] [CShaderSerialize] Import Shader: Templbeamproc flags: 0x0 mdvFlags: 0x0 from LEVEL cache ShaderCache/x360/Templbeamproc.fxb
[2014-07-16T10:32:10:062+00] [327.2 MB] [CShaderSerialize] Import Shader: Vegetation flags: 0x800400800000 mdvFlags: 0x0 from LEVEL cache ShaderCache/x360/Vegetation.fxb
[2014-07-16T10:32:10:064+00] [327.3 MB] [CShaderSerialize] Import Shader: Vegetation flags: 0x400000000 mdvFlags: 0x0 from LEVEL cache ShaderCache/x360/Vegetation.fxb
[2014-07-16T10:32:10:066+00] [327.3 MB] [Error] Failed to load texture Unknown': format 'objects/architecture/china_city/textures/china_city_metal_ddn.dds' is not supported
[2014-07-16T10:32:10:069+00] [327.3 MB] [Error] Failed to load texture Unknown': format 'objects/props/barrels/metal_barrel/textures/metal_barrel_ddn.dds' is not supported
[2014-07-16T10:32:10:071+00] [327.3 MB] [CShaderSerialize] Import Shader: Illum flags: 0x402000002000 mdvFlags: 0x0 from LEVEL cache ShaderCache/x360/Illum.fxb
[2014-07-16T10:32:10:073+00] [327.3 MB] [Error] Failed to load texture Unknown': format 'objects/props/containers/wharf_containers/textures/wharf_containers_net_ddn.dds' is not supported
[2014-07-16T10:32:10:075+00] [327.3 MB] [Error] Failed to load texture Unknown': format 'objects/props/bicycle/textures/bicycle_ddn.dds' is not supported
[2014-07-16T10:32:10:078+00] [327.4 MB] [Error] Failed to load texture Unknown': format 'objects/props/brick_pallet/textures/brick_pallet_ddn.dds' is not supported
[2014-07-16T10:32:10:081+00] [327.4 MB] [Error] Failed to load texture Unknown': format 'objects/props/electronics_device/textures/box_metal_ddn.dds' is not supported
[2014-07-16T10:32:10:083+00] [327.4 MB] [Error] Failed to load texture Unknown': format 'objects/props/containers/cargo_container/textures/cargo_container_side_ddn.dds' is not supported
[2014-07-16T10:32:10:086+00] [327.4 MB] [Error] Failed to load texture Unknown': format 'objects/props/fences/metal_fence/textures/metal_sheet_fence_ddn.dds' is not supported
[2014-07-16T10:32:10:088+00] [327.5 MB] [Error] Failed to load texture Unknown': format 'objects/props/fences/safety_barrier/textures/safety_barrier_ddn.dds' is not supported
[2014-07-16T10:32:10:090+00] [327.5 MB] [Error] Failed to load texture Unknown': format 'objects/architecture/kosovo_city/doors/textures/admin_door_ddn.dds' is not supported
[2014-07-16T10:32:10:092+00] [327.5 MB] [Error] Failed to load texture Unknown': format 'objects/props/lobby/briefdesk_chair/textures/briefdesk_chair_ddn.dds' is not supported
[2014-07-16T10:32:10:094+00] [327.6 MB] [CShaderSerialize] Import Shader: Monitor flags: 0x0 mdvFlags: 0x0 from LEVEL cache ShaderCache/x360/Monitor.fxb
[2014-07-16T10:32:10:096+00] [327.6 MB] [Error] Failed to load texture Unknown': format 'objects/props/lobby/ceiling_fan/textures/ceiling_fan_a_ddn.dds' is not supported
[2014-07-16T10:32:10:099+00] [327.6 MB] [Error] Failed to load texture Unknown': format 'objects/props/lobby/dartboard/textures/dartboard_ddn.dds' is not supported
[2014-07-16T10:32:10:102+00] [327.6 MB] [Error] Failed to load texture Unknown': format 'objects/props/lobby/gun_box/textures/gun_box_ddn.dds' is not supported
[2014-07-16T10:32:10:104+00] [327.8 MB] [Error] Failed to load texture Unknown': format 'objects/props/lobby/gym/textures/gym_equip_ddn.dds' is not supported
[2014-07-16T10:32:10:106+00] [327.8 MB] [Error] Failed to load texture Unknown': format 'objects/props/lobby/gym/textures/rubber_matte_ddn.dds' is not supported
[2014-07-16T10:32:10:109+00] [327.8 MB] [CShaderSerialize] Import Shader: Illum flags: 0x92000 mdvFlags: 0x0 from LEVEL cache ShaderCache/x360/Illum.fxb
[2014-07-16T10:32:10:111+00] [327.8 MB] [CShaderSerialize] Import Shader: Illum flags: 0x80000 mdvFlags: 0x0 from LEVEL cache ShaderCache/x360/Illum.fxb
[2014-07-16T10:32:10:113+00] [327.9 MB] [CShaderSerialize] Import Shader: Illum flags: 0xd0000 mdvFlags: 0x0 from LEVEL cache ShaderCache/x360/Illum.fxb
[2014-07-16T10:32:10:115+00] [327.9 MB] [CShaderSerialize] Import Shader: Illum flags: 0xd2000 mdvFlags: 0x0 from LEVEL cache ShaderCache/x360/Illum.fxb
[2014-07-16T10:32:10:117+00] [328.0 MB] [Error] Failed to load texture Unknown': format 'objects/props/lobby/kitchen/textures/kitchen_ddn.dds' is not supported
[2014-07-16T10:32:10:119+00] [328.0 MB] [Error] Failed to load texture Unknown': format 'objects/props/lobby/microvawe/textures/microwave_ddn.dds' is not supported
[2014-07-16T10:32:10:121+00] [328.0 MB] [Error] Failed to load texture Unknown': format 'objects/props/lobby/pinball/textures/pinball_ddn.dds' is not supported
[2014-07-16T10:32:10:124+00] [328.0 MB] [Error] Failed to load texture Unknown': format 'objects/props/lobby/racks_equip/textures/racks_equipment_ddn.dds' is not supported
[2014-07-16T10:32:10:126+00] [328.0 MB] [Error] Failed to load texture Unknown': format 'objects/props/lobby/sofa_armchair/textures/sofa_a_ddn.dds' is not supported
[2014-07-16T10:32:10:128+00] [328.1 MB] [Error] Failed to load texture Unknown': format 'objects/props/lobby/sound_blockers/textures/sound_blockers_ddn.dds' is not supported
[2014-07-16T10:32:10:130+00] [328.1 MB] [Error] Failed to load texture Unknown': format 'objects/props/lobby/stadion_lights/textures/stadion_lights_ddn.dds' is not supported
[2014-07-16T10:32:10:132+00] [328.1 MB] [CShaderSerialize] Import Shader: Templbeamproc flags: 0x1 mdvFlags: 0x0 from LEVEL cache ShaderCache/x360/Templbeamproc.fxb
[2014-07-16T10:32:10:134+00] [328.1 MB] [Error] Failed to load texture Unknown': format 'objects/props/lobby/trash_can/textures/trash_can_ddn.dds' is not supported
[2014-07-16T10:32:10:136+00] [328.1 MB] [CShaderSerialize] Import Shader: Illum flags: 0x2000012000 mdvFlags: 0x0 from LEVEL cache ShaderCache/x360/Illum.fxb
[2014-07-16T10:32:10:138+00] [328.1 MB] [Error] Failed to load texture Unknown': format 'objects/props/market/bottles/texture/bottles_water_ddn.dds' is not supported
[2014-07-16T10:32:10:141+00] [328.1 MB] [Error] Failed to load texture Unknown': format 'objects/props/market/carton_boxes/textures/carton_ddn.dds' is not supported
[2014-07-16T10:32:10:143+00] [328.1 MB] [Error] Failed to load texture Unknown': format 'objects/props/market/tent/textures/market_props_ddn.dds' is not supported
[2014-07-16T10:32:10:145+00] [328.1 MB] [Error] Failed to load texture Unknown': format 'objects/props/market/vegetables_pack/textures/vegatables_pack_ddn.dds' is not supported
[2014-07-16T10:32:10:147+00] [328.2 MB] [Error] Failed to load texture Unknown': format 'objects/props/tyre/textures/tyre_ddn.dds' is not supported
[2014-07-16T10:32:10:149+00] [328.2 MB] [Error] Failed to load texture Unknown': format 'objects/props/ventilation/textures/ventilation_big_ddn.dds' is not supported
[2014-07-16T10:32:10:152+00] [328.3 MB] [CShaderSerialize] Import Shader: Illum flags: 0x400000000000 mdvFlags: 0x0 from LEVEL cache ShaderCache/x360/Illum.fxb
[2014-07-16T10:32:10:154+00] [328.3 MB] [Error] Failed to load texture Unknown': format 'objects/props/wooden_box/textures/wooden_box_medium_ddn.dds' is not supported
[2014-07-16T10:32:10:156+00] [328.3 MB] [Error] Failed to load texture Unknown': format 'objects/props/wooden_stairs/textures/wood_stairs_ddn.dds' is not supported
[2014-07-16T10:32:10:158+00] [328.3 MB] [Error] Failed to load texture Unknown': format 'objects/vehicles/ch-47/textures/body_a_ddn.dds' is not supported
[2014-07-16T10:32:10:160+00] [328.3 MB] [Error] Failed to load texture Unknown': format 'objects/vehicles/ch-47/textures/interior_ddn.dds' is not supported
[2014-07-16T10:32:10:163+00] [328.3 MB] [CShaderSerialize] Import Shader: Cloth flags: 0x6000000000 mdvFlags: 0x0 from LEVEL cache ShaderCache/x360/Cloth.fxb
[2014-07-16T10:32:10:165+00] [328.4 MB] [Error] Failed to load texture Unknown': format 'objects/vehicles/ch-47/textures/roof_ddn.dds' is not supported
[2014-07-16T10:32:10:167+00] [328.4 MB] [Error] Failed to load texture Unknown': format 'objects/vehicles/special/electro_loader/textures/electro_loader_ddn.dds' is not supported
[2014-07-16T10:32:10:169+00] [328.4 MB] [Error] Failed to load texture Unknown': format 'objects/vehicles/special/van/textures/van_ddn.dds' is not supported
[2014-07-16T10:32:10:171+00] [328.4 MB] [Error] Failed to load texture Unknown': format 'objects/weapons/ar01/textures/ar01_a_ddn.dds' is not supported
[2014-07-16T10:32:10:174+00] [328.4 MB] [Error] Failed to load texture Unknown': format 'objects/weapons/ar01/textures/ar01_b_ddn.dds' is not supported
[2014-07-16T10:32:10:176+00] [328.4 MB] [Error] Failed to load texture Unknown': format 'objects/weapons/sr23/textures/sr23_a_ddn.dds' is not supported
[2014-07-16T10:32:10:178+00] [328.4 MB] [Error] Failed to load texture Unknown': format 'objects/weapons/ar02/textures/ar02_b_ddn.dds' is not supported
[2014-07-16T10:32:10:180+00] [328.5 MB] [Error] Failed to load texture Unknown': format 'objects/weapons/ar03/textures/ar03_tp_ddn.dds' is not supported
[2014-07-16T10:32:10:182+00] [328.5 MB] [Error] Failed to load texture Unknown': format 'objects/weapons/ar04/textures/ar04_ai_ddn.dds' is not supported
[2014-07-16T10:32:10:184+00] [328.5 MB] [CShaderSerialize] Import Shader: Illum_weapons flags: 0x40000 mdvFlags: 0x0 from LEVEL cache ShaderCache/x360/Illum_weapons.fxb
[2014-07-16T10:32:10:186+00] [328.5 MB] [Error] Failed to load texture Unknown': format 'objects/weapons/ar05/textures/ar05_b_ddn.dds' is not supported
[2014-07-16T10:32:10:188+00] [328.5 MB] [Error] Failed to load texture Unknown': format 'objects/weapons/ar06/textures/ar06_a_ddn.dds' is not supported
[2014-07-16T10:32:10:191+00] [328.5 MB] [Error] Failed to load texture Unknown': format 'objects/weapons/ar06/textures/ar06_b_ddn.dds' is not supported
[2014-07-16T10:32:10:193+00] [328.5 MB] [Error] Failed to load texture Unknown': format 'objects/weapons/ar08/textures/ar08_tp_ddn.dds' is not supported
[2014-07-16T10:32:10:195+00] [328.5 MB] [Error] Failed to load texture Unknown': format 'objects/weapons/ar09/textures/ar09_tp_ddn.dds' is not supported
[2014-07-16T10:32:10:198+00] [328.5 MB] [Error] Failed to load texture Unknown': format 'objects/weapons/ar10/textures/ar10_tp_ddn.dds' is not supported
[2014-07-16T10:32:10:199+00] [328.5 MB] [Error] Failed to load texture Unknown': format 'objects/weapons/ar11/textures/ar11_tp_ddn.dds' is not supported
[2014-07-16T10:32:10:201+00] [328.5 MB] [Error] Failed to load texture Unknown': format 'objects/weapons/ar12/textures/ar12_tp_ddn.dds' is not supported
[2014-07-16T10:32:10:203+00] [328.5 MB] [Error] Failed to load texture Unknown': format 'objects/weapons/ar13/textures/ar13_tp_ddn.dds' is not supported
[2014-07-16T10:32:10:205+00] [328.5 MB] [Error] Failed to load texture Unknown': format 'objects/weapons/ar17/textures/ar17_a_ddn.dds' is not supported
[2014-07-16T10:32:10:208+00] [328.5 MB] [Error] Failed to load texture Unknown': format 'objects/weapons/ar17/textures/ar17_b_ddn.dds' is not supported
[2014-07-16T10:32:10:211+00] [328.5 MB] [Error] Failed to load texture Unknown': format 'objects/weapons/c4/textures/c4_tp_ddn.dds' is not supported
[2014-07-16T10:32:10:213+00] [328.5 MB] [Error] Failed to load texture Unknown': format 'objects/weapons/kn43_vdv/textures/kn43_vdv_ddn.dds' is not supported
[2014-07-16T10:32:10:215+00] [328.5 MB] [Error] Failed to load texture Unknown': format 'objects/weapons/kn43_vdv/textures/kn43_vdv_tp_ddn.dds' is not supported
[2014-07-16T10:32:10:216+00] [328.5 MB] [Error] Failed to load texture Unknown': format 'objects/weapons/mg01/textures/mg01_tp_ddn.dds' is not supported
[2014-07-16T10:32:10:219+00] [328.5 MB] [Error] Failed to load texture Unknown': format 'objects/weapons/mg05/textures/mg05_tp_ddn.dds' is not supported
[2014-07-16T10:32:10:221+00] [328.5 MB] [Error] Failed to load texture Unknown': format 'objects/weapons/mg09/textures/mg09_tp_ddn.dds' is not supported
[2014-07-16T10:32:10:223+00] [328.5 MB] [Error] Failed to load texture Unknown': format 'objects/weapons/pda01/textures/pda01_a_ddn.dds' is not supported
[2014-07-16T10:32:10:225+00] [328.5 MB] [CShaderSerialize] Import Shader: ParticlesNoMat flags: 0x0 mdvFlags: 0x0 from LEVEL cache ShaderCache/x360/ParticlesNoMat.fxb
[2014-07-16T10:32:10:227+00] [328.6 MB] [CShaderSerialize] Import Shader: ParticlesSimple flags: 0x0 mdvFlags: 0x0 from LEVEL cache ShaderCache/x360/ParticlesSimple.fxb
[2014-07-16T10:32:10:229+00] [328.9 MB] [Error] Failed to load texture Unknown': format 'textures/terrain/detail/wooden_floor_ddn.dds' is not supported
[2014-07-16T10:32:10:231+00] [328.9 MB] [CShaderSerialize] Import Shader: Terrain flags: 0x200090000 mdvFlags: 0x0 from LEVEL cache ShaderCache/x360/Terrain.fxb
[2014-07-16T10:32:10:233+00] [328.9 MB] [Error] Failed to load texture Unknown': format 'textures/terrain/detail/concrete_ground_ddn.dds' is not supported
[2014-07-16T10:32:10:235+00] [328.9 MB] [CShaderSerialize] Import Shader: Terrain flags: 0x200080000 mdvFlags: 0x0 from LEVEL cache ShaderCache/x360/Terrain.fxb
[2014-07-16T10:32:10:237+00] [328.9 MB] [Warning] Normal map should have '_ddn' suffix in filename [File=textures/terrain/detail/linoleum.dds]
[2014-07-16T10:32:10:238+00] [328.9 MB] [Error] Failed to load texture Unknown': format 'textures/terrain/detail/linoleum.dds' is not supported
[2014-07-16T10:32:10:241+00] [328.9 MB] [CShaderSerialize] Import Shader: Terrain flags: 0x200010000 mdvFlags: 0x0 from LEVEL cache ShaderCache/x360/Terrain.fxb
[2014-07-16T10:32:10:243+00] [328.9 MB] [Error] Failed to load texture Unknown': format 'textures/terrain/detail/concrete_ground01_ddn.dds' is not supported
[2014-07-16T10:32:10:245+00] [328.9 MB] [Error] Failed to load texture Unknown': format 'textures/terrain/detail/concrete_ground02_ddn.dds' is not supported
[2014-07-16T10:32:10:247+00] [328.9 MB] [Error] Failed to load texture Unknown': format 'textures/terrain/detail/concrete_shooting_range_ddn.dds' is not supported
[2014-07-16T10:32:10:249+00] [329.5 MB] [Error] Failed to load texture Unknown': format 'textures/terrain/roads/asphalt01_road_ddn.dds' is not supported
[2014-07-16T10:32:10:250+00] [329.5 MB] [CShaderSerialize] Import Shader: Illum flags: 0x2000080800 mdvFlags: 0x0 from LEVEL cache ShaderCache/x360/Illum.fxb
[2014-07-16T10:32:10:253+00] [329.5 MB] [CShaderSerialize] Import Shader: Illum_decal flags: 0x800 mdvFlags: 0x0 from LEVEL cache ShaderCache/x360/Illum_decal.fxb
[2014-07-16T10:32:10:255+00] [332.5 MB] [Error] Failed to load texture Unknown': format 'textures/sprites/blood/water_animated1_1_ddn.dds' is not supported
[2014-07-16T10:32:10:257+00] [332.6 MB] [CShaderSerialize] Import Shader: Particles flags: 0x8 mdvFlags: 0x0 from LEVEL cache ShaderCache/x360/Particles.fxb
[2014-07-16T10:32:10:258+00] [332.8 MB] [Error] Failed to load texture Unknown': format 'textures/sprites/pieces/glass_a_tiled_ddn.dds' is not supported
[2014-07-16T10:32:10:260+00] [334.4 MB] [CShaderSerialize] Import Shader: Sky flags: 0x0 mdvFlags: 0x0 from LEVEL cache ShaderCache/x360/Sky.fxb
[2014-07-16T10:32:10:263+00] [334.5 MB] [Error] Failed to load texture Unknown': format 'textures/defaults/oceanwaves_ddn.dds' is not supported
[2014-07-16T10:32:10:265+00] [334.5 MB] [CShaderSerialize] Import Shader: Water flags: 0x21 mdvFlags: 0x0 from LEVEL cache ShaderCache/x360/Water.fxb
[2014-07-16T10:32:10:267+00] [338.0 MB] [Error] Failed to load texture Unknown': format 'objects/props/electronics_device/textures/metal_box_a_ddn.dds' is not supported
[2014-07-16T10:32:10:269+00] [338.6 MB] [Error] Failed to load texture Unknown': format 'textures/sprites/ddn/wave_b_ddn.dds' is not supported
[2014-07-16T10:32:10:270+00] [338.6 MB] [Error] Failed to load texture Unknown': format 'textures/watershore/foam_tiled2_ddn.dds' is not supported
[2014-07-16T10:32:10:272+00] [339.1 MB] [Error] Failed to load texture Unknown': format 'textures/sprites/liquid/water_splatter_a_ddn.dds' is not supported
[2014-07-16T10:32:10:274+00] [339.2 MB] [Error] Failed to load texture Unknown': format 'textures/sprites/liquid/water_ripples_a_ddn.dds' is not supported
[2014-07-16T10:32:10:276+00] [339.2 MB] [CShaderSerialize] Import Shader: Fx_velocitybeamparticles flags: 0x1 mdvFlags: 0x0 from LEVEL cache ShaderCache/x360/Fx_velocitybeamparticles.fxb
[2014-07-16T10:32:10:278+00] [339.2 MB] [Error] Failed to load texture Unknown': format 'textures/sprites/liquid/water_splash_c_ddn.dds' is not supported
[2014-07-16T10:32:10:280+00] [339.8 MB] CFlash::Preload cached libs/ui/controls/tooltip.gfx bootstrapper 110A7B50
[2014-07-16T10:32:10:282+00] [339.9 MB] CFlash::Preload cached libs/ui/controls/container.gfx bootstrapper 110A7880
[2014-07-16T10:32:10:284+00] [340.5 MB] CFlash::Preload cached libs/ui/controls/buttonlabel.gfx bootstrapper 110A7850
[2014-07-16T10:32:10:286+00] [340.0 MB] [Error] <Flash> Error: GFxLoader failed to open 'libs/ui/controls/buttonlabellabel.gfx' [libs/ui/controls/buttonlabellabel.gfx]
[2014-07-16T10:32:10:287+00] [340.3 MB] [Error] <Flash> GFxLoader failed to open "libs/ui/controls/buttonlabellabel.gfx" [libs/ui/controls/buttonlabellabel.gfx]
[2014-07-16T10:32:10:289+00] [340.3 MB] CFlash::Preload cached libs/ui/controls/buttonlabellabel.gfx bootstrapper 110A7838
[2014-07-16T10:32:10:291+00] [340.3 MB] [Error] <Flash> Error: GFxLoader failed to open 'libs/ui/controls/buttonlabeltypes.gfx' [libs/ui/controls/buttonlabeltypes.gfx]
[2014-07-16T10:32:10:293+00] [340.3 MB] [Error] <Flash> GFxLoader failed to open "libs/ui/controls/buttonlabeltypes.gfx" [libs/ui/controls/buttonlabeltypes.gfx]
[2014-07-16T10:32:10:295+00] [340.3 MB] CFlash::Preload cached libs/ui/controls/buttonlabeltypes.gfx bootstrapper 110AE7F0
[2014-07-16T10:32:10:297+00] [340.2 MB] CFlash::Preload cached libs/ui/controls/asynchronefeedback.gfx bootstrapper 110AE478
[2014-07-16T10:32:10:299+00] [340.2 MB] CFlash::Preload cached libs/ui/controls/labeldescriptionhud.gfx bootstrapper 110AE550
[2014-07-16T10:32:10:300+00] [340.2 MB] CFlash::Preload cached libs/ui/largecontainer.gfx bootstrapper 110AE5E0
[2014-07-16T10:32:10:302+00] [340.4 MB] CFlash::Preload cached libs/ui/buttons.gfx bootstrapper 110AE610
[2014-07-16T10:32:10:304+00] [340.4 MB] CFlash::Preload cached libs/ui/controls/gamelogoanimated.gfx bootstrapper 110C1C18
[2014-07-16T10:32:10:306+00] [340.4 MB] CFlash::Preload cached libs/ui/controls/buttonimage_navibar_a.gfx bootstrapper 110C1C78
[2014-07-16T10:32:10:308+00] [340.4 MB] CFlash::Preload cached libs/ui/controls/buttonimage_navibar_b.gfx bootstrapper 110C1F18
[2014-07-16T10:32:10:309+00] [340.4 MB] CFlash::Preload cached libs/ui/controls/buttonimage_navibar_c.gfx bootstrapper 110C1D38
[2014-07-16T10:32:10:311+00] [340.4 MB] CFlash::Preload cached libs/ui/controls/chatarea.gfx bootstrapper 110C1D80
[2014-07-16T10:32:10:313+00] [342.6 MB] CFlash::Preload cached libs/ui/controls/labeldescription.gfx bootstrapper 110C1ED0
[2014-07-16T10:32:10:315+00] [341.5 MB] CFlash::Preload cached libs/ui/controls/buttonimage_text_a.gfx bootstrapper 110C1C00
[2014-07-16T10:32:10:317+00] [340.4 MB] CFlash::Preload cached libs/ui/controls/buttonimage_text_b.gfx bootstrapper 110C1EA0
[2014-07-16T10:32:10:319+00] [340.4 MB] CFlash::Preload cached libs/ui/controls/buttonimage_text_c.gfx bootstrapper 110C1FD8
[2014-07-16T10:32:10:321+00] [340.4 MB] CFlash::Preload cached libs/ui/controls/buttonbitmap.gfx bootstrapper 110D43A8
[2014-07-16T10:32:10:322+00] [340.5 MB] CFlash::Preload cached libs/ui/360/controls/labeldescription.gfx bootstrapper 110C1DB0
[2014-07-16T10:32:10:324+00] [340.5 MB] CFlash::Preload cached libs/ui/controls/button_label_simple.gfx bootstrapper 110C1DF8
[2014-07-16T10:32:10:326+00] [340.5 MB] CFlash::Preload cached libs/ui/controls/messageboxbackground.gfx bootstrapper 110D4300
[2014-07-16T10:32:10:329+00] [340.5 MB] CFlash::Preload cached libs/ui/controls/savespinner.gfx bootstrapper 110D42E8
[2014-07-16T10:32:10:331+00] [340.5 MB] CFlash::Preload cached libs/ui/360/controls/asynchronefeedback.gfx bootstrapper 110D4090
[2014-07-16T10:32:10:332+00] [340.5 MB] CFlash::Preload cached libs/ui/controls/image.gfx bootstrapper 110D4060
[2014-07-16T10:32:10:334+00] [340.5 MB] CFlash::Preload cached libs/ui/360/controls/languageselect.gfx bootstrapper 110D42A0
[2014-07-16T10:32:10:336+00] [340.7 MB] CFlash::Preload cached libs/ui/360/controls/buttonlabel.gfx bootstrapper 110D4078
[2014-07-16T10:32:10:338+00] [340.8 MB] CFlash::Preload cached libs/ui/360/controls/buttonlabel_b.gfx bootstrapper 110D41E0
[2014-07-16T10:32:10:340+00] [340.8 MB] CFlash::Preload cached libs/ui/360/controls/checkbox.gfx bootstrapper 110E4878
[2014-07-16T10:32:10:342+00] [341.0 MB] CFlash::Preload cached libs/ui/360/controls/labelhtml.gfx bootstrapper 110E4848
[2014-07-16T10:32:10:344+00] [341.0 MB] CFlash::Preload cached libs/ui/controls/label_simple.gfx bootstrapper 110E48F0
[2014-07-16T10:32:10:346+00] [341.0 MB] CFlash::Preload cached libs/ui/360/controls/progressbarclassicdownload.gfx bootstrapper 110E48C0
[2014-07-16T10:32:10:347+00] [341.1 MB] CFlash::Preload cached libs/ui/360/controls/labelhtmlcondensed.gfx bootstrapper 110E48A8
[2014-07-16T10:32:10:349+00] [341.3 MB] CFlash::Preload cached libs/ui/360/controls/datagridrealmselect.gfx bootstrapper 110D41F8
[2014-07-16T10:32:10:351+00] [341.3 MB] CFlash::Preload cached libs/ui/360/controls/demooverlay.gfx bootstrapper 110E4938
[2014-07-16T10:32:10:353+00] [341.3 MB] CFlash::Preload cached libs/ui/controls/videoplayer.gfx bootstrapper 110D4228
[2014-07-16T10:32:10:355+00] [341.3 MB] CFlash::Preload cached libs/ui/controls/loadingspinner.gfx bootstrapper 110E4890
[2014-07-16T10:32:10:357+00] [341.3 MB] CFlash::Preload cached libs/ui/controls/labeldescsimple.gfx bootstrapper 110E4A70
[2014-07-16T10:32:10:358+00] [341.3 MB] CFlash::Preload cached libs/ui/controls/progressbarclassic.gfx bootstrapper 110E4980
[2014-07-16T10:32:10:360+00] [341.3 MB] CFlash::Preload cached libs/ui/360/controls/faceslider.gfx bootstrapper 110E4818
[2014-07-16T10:32:10:362+00] [341.8 MB] CFlash::Preload cached libs/ui/360/controls/buttonlist.gfx bootstrapper 110E4A88
[2014-07-16T10:32:10:364+00] [342.0 MB] CFlash::Preload cached libs/ui/360/controls/messagechallenge.gfx bootstrapper 11103758
[2014-07-16T10:32:10:366+00] [342.0 MB] CFlash::Preload cached libs/ui/360/controls/combobox.gfx bootstrapper 11103620
[2014-07-16T10:32:10:368+00] [342.0 MB] CFlash::Preload cached libs/ui/controls/new_ui/pane.gfx bootstrapper 11103518
[2014-07-16T10:32:10:369+00] [342.0 MB] CFlash::Preload cached libs/ui/360/controls/editbox.gfx bootstrapper 111034B8
[2014-07-16T10:32:10:371+00] [342.1 MB] CFlash::Preload cached libs/ui/360/controls/general_progress_bar.gfx bootstrapper 11112340
[2014-07-16T10:32:10:373+00] [342.2 MB] CFlash::Preload cached libs/ui/360/controls/quickplayspinner.gfx bootstrapper 110E4B30
[2014-07-16T10:32:10:375+00] [342.2 MB] CFlash::Preload cached libs/ui/controls/new_ui/appear_bg.gfx bootstrapper 111123A0
[2014-07-16T10:32:10:377+00] [342.3 MB] CFlash::Preload cached libs/ui/controls/newrankmessage.gfx bootstrapper 111121C0
[2014-07-16T10:32:10:379+00] [342.4 MB] CFlash::Preload cached libs/ui/360/controls/progress_bar_wpn_stat.gfx bootstrapper 11112220
[2014-07-16T10:32:10:380+00] [342.4 MB] CFlash::Preload cached libs/ui/360/controls/creditspinner.gfx bootstrapper 11120E00
[2014-07-16T10:32:10:382+00] [342.4 MB] CFlash::Preload cached libs/ui/360/controls/panel_button_bg.gfx bootstrapper 11120DE8
[2014-07-16T10:32:10:384+00] [342.6 MB] CFlash::Preload cached libs/ui/360/controls/dots.gfx bootstrapper 11120EC0
[2014-07-16T10:32:10:386+00] [342.7 MB] CFlash::Preload cached libs/ui/360/controls/buttonclassselect.gfx bootstrapper 11120FE0
[2014-07-16T10:32:10:388+00] [342.8 MB] CFlash::Preload cached libs/ui/360/controls/datagridoffers.gfx bootstrapper 11120FC8
[2014-07-16T10:32:10:390+00] [345.3 MB] CFlash::Preload cached libs/ui/360/controls/itemsgridshop.gfx bootstrapper 11120C38
[2014-07-16T10:32:10:391+00] [345.3 MB] CFlash::Preload cached libs/ui/360/controls/playerbadgebanners.gfx bootstrapper 11120F08
[2014-07-16T10:32:10:393+00] [343.2 MB] CFlash::Preload cached libs/ui/360/controls/progressbardual.gfx bootstrapper 11120CF8
[2014-07-16T10:32:10:395+00] [343.4 MB] CFlash::Preload cached libs/ui/360/controls/datagriditemselect.gfx bootstrapper 11112118
[2014-07-16T10:32:10:397+00] [343.5 MB] CFlash::Preload cached libs/ui/360/controls/dailyrewardboxbackground.gfx bootstrapper 11131888
[2014-07-16T10:32:10:399+00] [343.6 MB] CFlash::Preload cached libs/ui/360/controls/missionbadge.gfx bootstrapper 11131B28
[2014-07-16T10:32:10:400+00] [343.7 MB] CFlash::Preload cached libs/ui/360/controls/listbox_pvpgamemodemenu.gfx bootstrapper 11120C68
[2014-07-16T10:32:10:402+00] [343.8 MB] CFlash::Preload cached libs/ui/360/controls/editboxmultiline.gfx bootstrapper 11120FF8
[2014-07-16T10:32:10:403+00] [343.8 MB] CFlash::Preload cached libs/ui/controls/paidstamp.gfx bootstrapper 11131A50
[2014-07-16T10:32:10:405+00] [344.0 MB] CFlash::Preload cached libs/ui/controls/textcredits.gfx bootstrapper 11151758
[2014-07-16T10:32:10:407+00] [344.0 MB] CFlash::Preload cached libs/ui/controls/optionstoggle.gfx bootstrapper 11131948
[2014-07-16T10:32:10:408+00] [344.0 MB] CFlash::Preload cached libs/ui/360/controls/requestpendingbutton.gfx bootstrapper 111121F0
[2014-07-16T10:32:10:410+00] [344.2 MB] CFlash::Preload cached libs/ui/controls/dailycompetitionbg.gfx bootstrapper 11151788
[2014-07-16T10:32:10:411+00] [344.3 MB] CFlash::Preload cached libs/ui/360/controls/datagridpvpgamebrowser.gfx bootstrapper 11151608
[2014-07-16T10:32:10:413+00] [344.3 MB] CFlash::Preload cached libs/ui/360/controls/pvpplayersgridbackground.gfx bootstrapper 111514B8
[2014-07-16T10:32:10:414+00] [344.7 MB] CFlash::Preload cached libs/ui/360/controls/itemsgridvendorprogression.gfx bootstrapper 11151560
[2014-07-16T10:32:10:417+00] [344.8 MB] CFlash::Preload cached libs/ui/360/controls/datagridchannels.gfx bootstrapper 11163F38
[2014-07-16T10:32:10:418+00] [344.9 MB] CFlash::Preload cached libs/ui/controls/foreground_gloss_rectangle.gfx bootstrapper 11163E90
[2014-07-16T10:32:10:420+00] [345.0 MB] CFlash::Preload cached libs/ui/360/controls/listbox_mapslist.gfx bootstrapper 11163ED8
[2014-07-16T10:32:10:421+00] [345.2 MB] CFlash::Preload cached libs/ui/360/controls/missionsmappve.gfx bootstrapper 11163DE8
[2014-07-16T10:32:10:422+00] [345.3 MB] CFlash::Preload cached libs/ui/360/controls/itemcellcloth.gfx bootstrapper 11163CE0
[2014-07-16T10:32:10:424+00] [345.5 MB] CFlash::Preload cached libs/ui/360/controls/itemcellpocket.gfx bootstrapper 11163D40
[2014-07-16T10:32:10:425+00] [345.7 MB] CFlash::Preload cached libs/ui/360/controls/itemsgridinventory.gfx bootstrapper 11163E18
[2014-07-16T10:32:10:427+00] [345.8 MB] CFlash::Preload cached libs/ui/360/controls/progress_bar_wpn_stat_damaged.gfx bootstrapper 11171E78
[2014-07-16T10:32:10:429+00] [345.8 MB] CFlash::Preload cached libs/ui/360/controls/buttonlisticons.gfx bootstrapper 11171C50
[2014-07-16T10:32:10:430+00] [346.0 MB] CFlash::Preload cached libs/ui/360/controls/randomboxcontents.gfx bootstrapper 11186A70
[2014-07-16T10:32:10:433+00] [346.0 MB] CFlash::Preload cached libs/ui/360/controls/contracteasybg.gfx bootstrapper 11186AA0
[2014-07-16T10:32:10:435+00] [346.1 MB] CFlash::Preload cached libs/ui/360/controls/contractmediumbg.gfx bootstrapper 11171EA8
[2014-07-16T10:32:10:436+00] [346.1 MB] CFlash::Preload cached libs/ui/360/controls/contracthardbg.gfx bootstrapper 11171C98
[2014-07-16T10:32:10:438+00] [346.3 MB] CFlash::Preload cached libs/ui/360/controls/itemsgridachievements.gfx bootstrapper 11171CC8
[2014-07-16T10:32:10:439+00] [346.5 MB] CFlash::Preload cached libs/ui/360/controls/itemsgridachievements_long.gfx bootstrapper 11171C08
[2014-07-16T10:32:10:441+00] [347.1 MB] CFlash::Preload cached libs/ui/360/controls/datagridleaderboards.gfx bootstrapper 11171E60
[2014-07-16T10:32:10:442+00] [347.2 MB] CFlash::Preload cached libs/ui/controls/optionstogglevertical.gfx bootstrapper 111A28A0
[2014-07-16T10:32:10:444+00] [346.7 MB] CFlash::Preload cached libs/ui/360/controls/sliderbar.gfx bootstrapper 111A2888
[2014-07-16T10:32:10:446+00] [346.8 MB] CFlash::Preload cached libs/ui/360/controls/controller_layout_player.gfx bootstrapper 111A29F0
[2014-07-16T10:32:10:447+00] [351.0 MB] CFlash::Preload cached libs/ui/360/controls/optionsaudio.gfx bootstrapper 111A2810
[2014-07-16T10:32:10:448+00] [346.9 MB] CFlash::Preload cached libs/ui/360/controls/contractpremiumbgex.gfx bootstrapper 111A2870
[2014-07-16T10:32:10:450+00] [347.0 MB] CFlash::Preload cached libs/ui/controls/radar.gfx bootstrapper 111A2840
[2014-07-16T10:32:10:451+00] [347.0 MB] CFlash::Preload cached libs/ui/controls/progressbarhp.gfx bootstrapper 111A2828
[2014-07-16T10:32:10:453+00] [347.2 MB] CFlash::Preload cached libs/ui/controls/progressbararmor.gfx bootstrapper 111A4FF0
[2014-07-16T10:32:10:454+00] [347.2 MB] CFlash::Preload cached libs/ui/360/controls/progressbarstamina.gfx bootstrapper 111A4FD8
[2014-07-16T10:32:10:456+00] [347.4 MB] CFlash::Preload cached libs/ui/controls/timer.gfx bootstrapper 111A4C18
[2014-07-16T10:32:10:457+00] [347.4 MB] CFlash::Preload cached libs/ui/controls/hud_gamemodemessae.gfx bootstrapper 111A4C30
[2014-07-16T10:32:10:458+00] [347.5 MB] CFlash::Preload cached libs/ui/controls/scorebackground.gfx bootstrapper 111A4FC0
[2014-07-16T10:32:10:461+00] [347.6 MB] CFlash::Preload cached libs/ui/controls/progressbarcore.gfx bootstrapper 111A4FA8
[2014-07-16T10:32:10:462+00] [347.7 MB] CFlash::Preload cached libs/ui/controls/new_ui/stormprogress.gfx bootstrapper 111A4F90
[2014-07-16T10:32:10:464+00] [347.8 MB] CFlash::Preload cached libs/ui/controls/new_ui/progress_generic_white.gfx bootstrapper 111A4C48
[2014-07-16T10:32:10:465+00] [347.9 MB] CFlash::Preload cached libs/ui/controls/enemieshitfeedback.gfx bootstrapper 111A4C60
[2014-07-16T10:32:10:466+00] [348.0 MB] CFlash::Preload cached libs/ui/controls/killcounter.gfx bootstrapper 111A4F78
[2014-07-16T10:32:10:468+00] [348.0 MB] CFlash::Preload cached libs/ui/controls/scorestreamer.gfx bootstrapper 111A2858
[2014-07-16T10:32:10:469+00] [348.0 MB] CFlash::Preload cached libs/ui/360/controls/scorechain.gfx bootstrapper 111A4F60
[2014-07-16T10:32:10:471+00] [348.1 MB] CFlash::Preload cached libs/ui/controls/progressbarbossshield.gfx bootstrapper 111A4C78
[2014-07-16T10:32:10:472+00] [348.2 MB] CFlash::Preload cached libs/ui/controls/progressbarbosshp.gfx bootstrapper 111A4F30
[2014-07-16T10:32:10:474+00] [348.2 MB] CFlash::Preload cached libs/ui/controls/rewardplayerrelated.gfx bootstrapper 111A4F18
[2014-07-16T10:32:10:475+00] [348.2 MB] CFlash::Preload cached libs/ui/controls/ppes_progress.gfx bootstrapper 111A4F00
[2014-07-16T10:32:10:477+00] [348.2 MB] CFlash::Preload cached libs/ui/controls/missionprogress.gfx bootstrapper 111A4EE8
[2014-07-16T10:32:10:478+00] [348.4 MB] CFlash::Preload cached libs/ui/360/controls/messagesubtitles.gfx bootstrapper 111A4ED0
[2014-07-16T10:32:10:480+00] [348.4 MB] CFlash::Preload cached libs/ui/360/controls/progressbardamageindication.gfx bootstrapper 111A4F48
[2014-07-16T10:32:10:482+00] [348.5 MB] CFlash::Preload cached libs/ui/360/controls/quickchatwheel.gfx bootstrapper 111A4EB8
[2014-07-16T10:32:10:483+00] [348.8 MB] CFlash::Preload cached libs/ui/controls/itemsgridattachments.gfx bootstrapper 111A4E88
[2014-07-16T10:32:10:485+00] [348.8 MB] CFlash::Preload cached libs/ui/360/controls/weaponcustomizationmenu.gfx bootstrapper 111A4E70
[2014-07-16T10:32:10:486+00] [349.0 MB] CFlash::Preload cached libs/ui/360/controls/datagridclanmembers.gfx bootstrapper 111A4E58
[2014-07-16T10:32:10:488+00] [349.0 MB] [Warning] Texture does not exist [File=Libs/Icons/Challenges/challenge_badge_anniversary_2.dds]
[2014-07-16T10:32:10:489+00] [349.0 MB] [Warning] Texture does not exist [File=libs/icons/challenges/challenge_badge_anniversary_2.dds]
[2014-07-16T10:32:10:491+00] [349.6 MB] CFlash::Preload cached libs/ui/360/controls/datagridclanrankings.gfx bootstrapper 111A4E40
[2014-07-16T10:32:10:492+00] [349.4 MB] CFlash::Preload cached libs/ui/360/controls/warspinner.gfx bootstrapper 111A4EA0
[2014-07-16T10:32:10:494+00] [349.5 MB] CFlash::Preload cached libs/ui/360/controls/datagridfriendslist.gfx bootstrapper 111A4E28
[2014-07-16T10:32:10:495+00] [349.5 MB] CFlash::Preload cached libs/ui/controls/progressbarclassic_right.gfx bootstrapper 111A4E10
[2014-07-16T10:32:10:497+00] [351.0 MB] [Warning] Texture does not exist [File=Libs/Icons/challenge_achievement_01.dds]
[2014-07-16T10:32:10:499+00] [351.0 MB] [Warning] Texture does not exist [File=libs/icons/challenge_achievement_01.dds]
[2014-07-16T10:32:10:500+00] [351.0 MB] [Warning] Texture does not exist [File=Libs/Icons/challenge_achievement_02.dds]
[2014-07-16T10:32:10:502+00] [351.0 MB] [Warning] Texture does not exist [File=libs/icons/challenge_achievement_02.dds]
[2014-07-16T10:32:10:503+00] [351.0 MB] [Warning] Texture does not exist [File=Libs/Icons/challenge_achievement_03.dds]
[2014-07-16T10:32:10:504+00] [351.0 MB] [Warning] Texture does not exist [File=libs/icons/challenge_achievement_03.dds]
[2014-07-16T10:32:10:506+00] [351.0 MB] [Warning] Texture does not exist [File=Libs/Icons/challenge_achievement_04.dds]
[2014-07-16T10:32:10:507+00] [351.0 MB] [Warning] Texture does not exist [File=libs/icons/challenge_achievement_04.dds]
[2014-07-16T10:32:10:508+00] [351.0 MB] [Warning] Texture does not exist [File=Libs/Icons/challenge_achievement_05.dds]
[2014-07-16T10:32:10:510+00] [351.0 MB] [Warning] Texture does not exist [File=libs/icons/challenge_achievement_05.dds]
[2014-07-16T10:32:10:512+00] [351.0 MB] [Warning] Texture does not exist [File=Libs/Icons/challenge_achievement_06.dds]
[2014-07-16T10:32:10:513+00] [351.0 MB] [Warning] Texture does not exist [File=libs/icons/challenge_achievement_06.dds]
[2014-07-16T10:32:10:514+00] [351.0 MB] [Warning] Texture does not exist [File=Libs/Icons/challenge_achievement_07.dds]
[2014-07-16T10:32:10:515+00] [351.0 MB] [Warning] Texture does not exist [File=libs/icons/challenge_achievement_07.dds]
[2014-07-16T10:32:10:517+00] [351.0 MB] [Warning] Texture does not exist [File=Libs/Icons/challenge_achievement_08.dds]
[2014-07-16T10:32:10:518+00] [351.0 MB] [Warning] Texture does not exist [File=libs/icons/challenge_achievement_08.dds]
[2014-07-16T10:32:10:519+00] [351.0 MB] [Warning] Texture does not exist [File=Libs/Icons/challenge_achievement_09.dds]
[2014-07-16T10:32:10:521+00] [351.0 MB] [Warning] Texture does not exist [File=libs/icons/challenge_achievement_09.dds]
[2014-07-16T10:32:10:522+00] [351.0 MB] [Warning] Texture does not exist [File=Libs/Icons/challenge_achievement_10.dds]
[2014-07-16T10:32:10:523+00] [351.0 MB] [Warning] Texture does not exist [File=libs/icons/challenge_achievement_10.dds]
[2014-07-16T10:32:10:525+00] [351.0 MB] [Warning] Texture does not exist [File=Libs/Icons/challenge_achievement_11.dds]
[2014-07-16T10:32:10:527+00] [351.0 MB] [Warning] Texture does not exist [File=libs/icons/challenge_achievement_11.dds]
[2014-07-16T10:32:10:528+00] [351.0 MB] [Warning] Texture does not exist [File=Libs/Icons/challenge_achievement_12.dds]
[2014-07-16T10:32:10:529+00] [351.0 MB] [Warning] Texture does not exist [File=libs/icons/challenge_achievement_12.dds]
[2014-07-16T10:32:10:531+00] [351.0 MB] [Warning] Texture does not exist [File=Libs/Icons/challenge_achievement_13.dds]
[2014-07-16T10:32:10:532+00] [351.0 MB] [Warning] Texture does not exist [File=libs/icons/challenge_achievement_13.dds]
[2014-07-16T10:32:10:534+00] [351.0 MB] [Warning] Texture does not exist [File=Libs/Icons/challenge_achievement_14.dds]
[2014-07-16T10:32:10:535+00] [351.0 MB] [Warning] Texture does not exist [File=libs/icons/challenge_achievement_14.dds]
[2014-07-16T10:32:10:536+00] [351.0 MB] [Warning] Texture does not exist [File=Libs/Icons/challenge_achievement_15.dds]
[2014-07-16T10:32:10:538+00] [351.0 MB] [Warning] Texture does not exist [File=libs/icons/challenge_achievement_15.dds]
[2014-07-16T10:32:10:539+00] [351.0 MB] [Warning] Texture does not exist [File=Libs/Icons/challenge_achievement_16.dds]
[2014-07-16T10:32:10:540+00] [351.0 MB] [Warning] Texture does not exist [File=libs/icons/challenge_achievement_16.dds]
[2014-07-16T10:32:10:541+00] [351.0 MB] [Warning] Texture does not exist [File=Libs/Icons/challenge_achievement_17.dds]
[2014-07-16T10:32:10:543+00] [351.0 MB] [Warning] Texture does not exist [File=libs/icons/challenge_achievement_17.dds]
[2014-07-16T10:32:10:544+00] [351.0 MB] [Warning] Texture does not exist [File=Libs/Icons/challenge_achievement_18.dds]
[2014-07-16T10:32:10:546+00] [351.0 MB] [Warning] Texture does not exist [File=libs/icons/challenge_achievement_18.dds]
[2014-07-16T10:32:10:547+00] [351.0 MB] [Warning] Texture does not exist [File=Libs/Icons/challenge_achievement_19.dds]
[2014-07-16T10:32:10:549+00] [351.0 MB] [Warning] Texture does not exist [File=libs/icons/challenge_achievement_19.dds]
[2014-07-16T10:32:10:550+00] [351.0 MB] [Warning] Texture does not exist [File=Libs/Icons/challenge_achievement_20.dds]
[2014-07-16T10:32:10:551+00] [351.0 MB] [Warning] Texture does not exist [File=libs/icons/challenge_achievement_20.dds]
[2014-07-16T10:32:10:553+00] [351.0 MB] [Warning] Texture does not exist [File=Libs/Icons/challenge_achievement_21.dds]
[2014-07-16T10:32:10:554+00] [351.0 MB] [Warning] Texture does not exist [File=libs/icons/challenge_achievement_21.dds]
[2014-07-16T10:32:10:555+00] [351.0 MB] [Warning] Texture does not exist [File=Libs/Icons/challenge_achievement_22.dds]
[2014-07-16T10:32:10:556+00] [351.0 MB] [Warning] Texture does not exist [File=libs/icons/challenge_achievement_22.dds]
[2014-07-16T10:32:10:557+00] [351.0 MB] [Warning] Texture does not exist [File=Libs/Icons/challenge_achievement_23.dds]
[2014-07-16T10:32:10:559+00] [351.0 MB] [Warning] Texture does not exist [File=libs/icons/challenge_achievement_23.dds]
[2014-07-16T10:32:10:561+00] [351.0 MB] [Warning] Texture does not exist [File=Libs/Icons/challenge_achievement_24.dds]
[2014-07-16T10:32:10:562+00] [351.0 MB] [Warning] Texture does not exist [File=libs/icons/challenge_achievement_24.dds]
[2014-07-16T10:32:10:563+00] [351.0 MB] [Warning] Texture does not exist [File=Libs/Icons/challenge_achievement_25.dds]
[2014-07-16T10:32:10:564+00] [351.0 MB] [Warning] Texture does not exist [File=libs/icons/challenge_achievement_25.dds]
[2014-07-16T10:32:10:565+00] [351.0 MB] [Warning] Texture does not exist [File=Libs/Icons/challenge_achievement_26.dds]
[2014-07-16T10:32:10:567+00] [351.0 MB] [Warning] Texture does not exist [File=libs/icons/challenge_achievement_26.dds]
[2014-07-16T10:32:10:568+00] [351.0 MB] [Warning] Texture does not exist [File=Libs/Icons/challenge_achievement_27.dds]
[2014-07-16T10:32:10:569+00] [351.0 MB] [Warning] Texture does not exist [File=libs/icons/challenge_achievement_27.dds]
[2014-07-16T10:32:10:571+00] [351.0 MB] [Warning] Texture does not exist [File=Libs/Icons/challenge_achievement_28.dds]
[2014-07-16T10:32:10:572+00] [351.0 MB] [Warning] Texture does not exist [File=libs/icons/challenge_achievement_28.dds]
[2014-07-16T10:32:10:573+00] [351.0 MB] [Warning] Texture does not exist [File=Libs/Icons/challenge_achievement_29.dds]
[2014-07-16T10:32:10:574+00] [351.0 MB] [Warning] Texture does not exist [File=libs/icons/challenge_achievement_29.dds]
[2014-07-16T10:32:10:576+00] [351.0 MB] [Warning] Texture does not exist [File=Libs/Icons/challenge_achievement_30.dds]
[2014-07-16T10:32:10:577+00] [351.0 MB] [Warning] Texture does not exist [File=libs/icons/challenge_achievement_30.dds]
[2014-07-16T10:32:10:578+00] [351.0 MB] [Warning] Texture does not exist [File=Libs/Icons/challenge_achievement_31.dds]
[2014-07-16T10:32:10:579+00] [351.0 MB] [Warning] Texture does not exist [File=libs/icons/challenge_achievement_31.dds]
[2014-07-16T10:32:10:580+00] [351.0 MB] [Warning] Texture does not exist [File=Libs/Icons/challenge_achievement_32.dds]
[2014-07-16T10:32:10:581+00] [351.0 MB] [Warning] Texture does not exist [File=libs/icons/challenge_achievement_32.dds]
[2014-07-16T10:32:10:582+00] [351.0 MB] [Warning] Texture does not exist [File=Libs/Icons/challenge_achievement_33.dds]
[2014-07-16T10:32:10:584+00] [351.0 MB] [Warning] Texture does not exist [File=libs/icons/challenge_achievement_33.dds]
[2014-07-16T10:32:10:585+00] [351.0 MB] [Warning] Texture does not exist [File=Libs/Icons/challenge_achievement_34.dds]
[2014-07-16T10:32:10:587+00] [351.0 MB] [Warning] Texture does not exist [File=libs/icons/challenge_achievement_34.dds]
[2014-07-16T10:32:10:588+00] [351.0 MB] [Warning] Texture does not exist [File=Libs/Icons/challenge_achievement_35.dds]
[2014-07-16T10:32:10:589+00] [351.0 MB] [Warning] Texture does not exist [File=libs/icons/challenge_achievement_35.dds]
[2014-07-16T10:32:10:590+00] [351.0 MB] [Warning] Texture does not exist [File=Libs/Icons/challenge_achievement_36.dds]
[2014-07-16T10:32:10:592+00] [351.0 MB] [Warning] Texture does not exist [File=libs/icons/challenge_achievement_36.dds]
[2014-07-16T10:32:10:593+00] [351.0 MB] [Warning] Texture does not exist [File=Libs/Icons/challenge_achievement_37.dds]
[2014-07-16T10:32:10:594+00] [351.0 MB] [Warning] Texture does not exist [File=libs/icons/challenge_achievement_37.dds]
[2014-07-16T10:32:10:595+00] [351.0 MB] [Warning] Texture does not exist [File=Libs/Icons/challenge_achievement_38.dds]
[2014-07-16T10:32:10:596+00] [351.0 MB] [Warning] Texture does not exist [File=libs/icons/challenge_achievement_38.dds]
[2014-07-16T10:32:10:597+00] [351.0 MB] [Warning] Texture does not exist [File=Libs/Icons/challenge_achievement_39.dds]
[2014-07-16T10:32:10:599+00] [351.0 MB] [Warning] Texture does not exist [File=libs/icons/challenge_achievement_39.dds]
[2014-07-16T10:32:10:600+00] [351.0 MB] [Warning] Texture does not exist [File=Libs/Icons/challenge_achievement_40.dds]
[2014-07-16T10:32:10:601+00] [351.0 MB] [Warning] Texture does not exist [File=libs/icons/challenge_achievement_40.dds]
[2014-07-16T10:32:10:602+00] [351.0 MB] [Warning] Texture does not exist [File=Libs/Icons/challenge_achievement_41.dds]
[2014-07-16T10:32:10:603+00] [351.0 MB] [Warning] Texture does not exist [File=libs/icons/challenge_achievement_41.dds]
[2014-07-16T10:32:10:604+00] [351.0 MB] [Warning] Texture does not exist [File=Libs/Icons/challenge_achievement_42.dds]
[2014-07-16T10:32:10:605+00] [351.0 MB] [Warning] Texture does not exist [File=libs/icons/challenge_achievement_42.dds]
[2014-07-16T10:32:10:606+00] [351.0 MB] [Warning] Texture does not exist [File=Libs/Icons/challenge_achievement_43.dds]
[2014-07-16T10:32:10:607+00] [351.0 MB] [Warning] Texture does not exist [File=libs/icons/challenge_achievement_43.dds]
[2014-07-16T10:32:10:608+00] [351.0 MB] [Warning] Texture does not exist [File=Libs/Icons/challenge_achievement_44.dds]
[2014-07-16T10:32:10:609+00] [351.0 MB] [Warning] Texture does not exist [File=libs/icons/challenge_achievement_44.dds]
[2014-07-16T10:32:10:610+00] [351.0 MB] [Warning] Texture does not exist [File=Libs/Icons/challenge_achievement_45.dds]
[2014-07-16T10:32:10:611+00] [351.0 MB] [Warning] Texture does not exist [File=libs/icons/challenge_achievement_45.dds]
[2014-07-16T10:32:10:612+00] [351.0 MB] [Warning] Texture does not exist [File=Libs/Icons/challenge_achievement_46.dds]
[2014-07-16T10:32:10:614+00] [351.0 MB] [Warning] Texture does not exist [File=libs/icons/challenge_achievement_46.dds]
[2014-07-16T10:32:10:615+00] [351.0 MB] [Warning] Texture does not exist [File=Libs/Icons/challenge_achievement_47.dds]
[2014-07-16T10:32:10:616+00] [351.0 MB] [Warning] Texture does not exist [File=libs/icons/challenge_achievement_47.dds]
[2014-07-16T10:32:10:617+00] [351.0 MB] [Warning] Texture does not exist [File=Libs/Icons/challenge_achievement_48.dds]
[2014-07-16T10:32:10:619+00] [351.0 MB] [Warning] Texture does not exist [File=libs/icons/challenge_achievement_48.dds]
[2014-07-16T10:32:10:620+00] [351.0 MB] [Warning] Texture does not exist [File=Libs/Icons/challenge_achievement_49.dds]
[2014-07-16T10:32:10:621+00] [351.0 MB] [Warning] Texture does not exist [File=libs/icons/challenge_achievement_49.dds]
[2014-07-16T10:32:10:622+00] [351.0 MB] [Warning] Texture does not exist [File=Libs/Icons/challenge_achievement_50.dds]
[2014-07-16T10:32:10:623+00] [351.0 MB] [Warning] Texture does not exist [File=libs/icons/challenge_achievement_50.dds]
[2014-07-16T10:32:10:624+00] [350.4 MB] -- Precaching textures...
[2014-07-16T10:32:10:626+00] [350.4 MB] =============================== Loading textures ================================
[2014-07-16T10:32:10:627+00] [350.4 MB] ========================== Finished loading textures ============================
[2014-07-16T10:32:10:628+00] [350.4 MB] Precaching textures done in 0.00 seconds
[2014-07-16T10:32:10:629+00] [350.4 MB] [CShaderSerialize] Import Shader: Illum_weapons flags: 0x82000 mdvFlags: 0x0 from LEVEL cache ShaderCache/x360/Illum_weapons.fxb
[2014-07-16T10:32:10:630+00] [350.5 MB] [CShaderSerialize] Import Shader: Illum_weapons flags: 0x80008 mdvFlags: 0x0 from LEVEL cache ShaderCache/x360/Illum_weapons.fxb
[2014-07-16T10:32:10:631+00] [350.5 MB] [CShaderSerialize] Import Shader: Illum flags: 0x50008 mdvFlags: 0x0 from LEVEL cache ShaderCache/x360/Illum.fxb
[2014-07-16T10:32:10:631+00] [351.2 MB] [CShaderSerialize] Import Shader: Illum flags: 0x40008 mdvFlags: 0x0 from LEVEL cache ShaderCache/x360/Illum.fxb
[2014-07-16T10:32:10:633+00] [351.0 MB] [net ] CNetwork::UpdateTick() stall detected, socket manager poll waitTime=64, actionsTime=0
[2014-07-16T10:32:10:634+00] [351.0 MB] [net ] CNetwork::UpdateTick() stall detected, socket manager poll waitTime=65, actionsTime=0
[2014-07-16T10:32:10:635+00] [351.0 MB] [net ] CNetwork::UpdateTick() stall detected, socket manager poll waitTime=65, actionsTime=0
[2014-07-16T10:32:10:636+00] [351.0 MB] [net ] CNetwork::UpdateTick() stall detected, socket manager poll waitTime=65, actionsTime=0
[2014-07-16T10:32:10:637+00] [351.0 MB] [net ] CNetwork::UpdateTick() stall detected, socket manager poll waitTime=66, actionsTime=0
[2014-07-16T10:32:10:638+00] [351.0 MB] [net ] CNetwork::UpdateTick() stall detected, socket manager poll waitTime=66, actionsTime=0
[2014-07-16T10:32:10:639+00] [351.0 MB] [net ] CNetwork::UpdateTick() stall detected, socket manager poll waitTime=65, actionsTime=0
[2014-07-16T10:32:10:640+00] [351.0 MB] [net ] CNetwork::UpdateTick() stall detected, socket manager poll waitTime=65, actionsTime=0
[2014-07-16T10:32:10:642+00] [351.0 MB] [net ] CNetwork::UpdateTick() stall detected, socket manager poll waitTime=65, actionsTime=0
[2014-07-16T10:32:10:643+00] [351.0 MB] [net ] CNetwork::UpdateTick() stall detected, socket manager poll waitTime=65, actionsTime=0
[2014-07-16T10:32:10:644+00] [351.0 MB] [net ] CNetwork::UpdateTick() stall detected, socket manager poll waitTime=65, actionsTime=0
[2014-07-16T10:32:10:645+00] [351.0 MB] [net ] CNetwork::UpdateTick() stall detected, socket manager poll waitTime=65, actionsTime=0
[2014-07-16T10:32:10:646+00] [351.0 MB] [net ] CNetwork::UpdateTick() stall detected, socket manager poll waitTime=65, actionsTime=0
[2014-07-16T10:32:10:647+00] [351.0 MB] [net ] CNetwork::UpdateTick() stall detected, socket manager poll waitTime=65, actionsTime=0
[2014-07-16T10:32:10:648+00] [351.0 MB] [net ] CNetwork::UpdateTick() stall detected, socket manager poll waitTime=66, actionsTime=0
[2014-07-16T10:32:10:650+00] [351.0 MB] [net ] CNetwork::UpdateTick() stall detected, socket manager poll waitTime=65, actionsTime=0
[2014-07-16T10:32:10:651+00] [351.0 MB] [net ] CNetwork::UpdateTick() stall detected, socket manager poll waitTime=65, actionsTime=0
[2014-07-16T10:32:10:653+00] [351.0 MB] [net ] CNetwork::UpdateTick() stall detected, socket manager poll waitTime=65, actionsTime=0
[2014-07-16T10:32:10:663+00] [351.0 MB] [net ] [Lobby] StartFriendsGetFriendsList result 0
[2014-07-16T10:32:10:969+00] [351.0 MB] Spawn player for channel 1 .. 0
[2014-07-16T10:32:10:970+00] [351.0 MB] <Lua> [Seizure:SpawnPlayer] Player 'Xeae853fc6IDIGQ' will be spawned; locationId 'userdata: 000000A5', location name 'Team2Default2', pos 397.07 409.94 3.13
[2014-07-16T10:32:10:971+00] [351.0 MB] Create AG playerfullbody.xml
[2014-07-16T10:32:11:211+00] [351.1 MB] Create AG playerupperbody.xml
[2014-07-16T10:32:11:382+00] [351.7 MB] Xeae853fc6IDIGQ::SetPlayerPresetScript() in 
[2014-07-16T10:32:11:482+00] [351.8 MB] [Warning] Fixing material name chunk with wrong endianness: Objects/Characters/Human/compound_base, objects/characters/human/compound_base.chr
[2014-07-16T10:32:11:484+00] [351.8 MB] [Warning]  bSwapEndian=0, nSubMaterials=0x00000000, nPhysicalizeType=0x00100000, nFlags=0x01000000
[2014-07-16T10:32:11:491+00] [351.9 MB] [Warning] Fixing material name chunk with wrong endianness: Objects/Characters/Human/compound_base, objects/characters/human/compound_base_lod1.chr
[2014-07-16T10:32:11:492+00] [351.9 MB] [Warning]  bSwapEndian=0, nSubMaterials=0x00000000, nPhysicalizeType=0x00100000, nFlags=0x01000000
[2014-07-16T10:32:11:765+00] [352.8 MB]   3055 animation-assets loaded (total assets: 8019)
[2014-07-16T10:32:12:006+00] [353.1 MB] <Lua> Seizure:SetupPlayerTeam() player Xeae853fc6IDIGQ set on team 0
[2014-07-16T10:32:12:009+00] [353.1 MB] <Lua> Connect: Channel 1, player Xeae853fc6IDIGQ, PvPTeamId 0, spectator 1, teamId 0
[2014-07-16T10:32:12:010+00] [353.1 MB] [net ] CNetwork::UpdateTick() stall detected, socket manager poll waitTime=65, actionsTime=0
[2014-07-16T10:32:12:012+00] [353.1 MB] [net ] CNetwork::UpdateTick() stall detected, socket manager poll waitTime=66, actionsTime=0
[2014-07-16T10:32:12:013+00] [353.1 MB] [net ] CNetwork::UpdateTick() stall detected, socket manager poll waitTime=65, actionsTime=0
[2014-07-16T10:32:12:014+00] [353.1 MB] [net ] CNetwork::UpdateTick() stall detected, socket manager poll waitTime=66, actionsTime=0
[2014-07-16T10:32:12:015+00] [353.1 MB] [net ] CNetwork::UpdateTick() stall detected, socket manager poll waitTime=65, actionsTime=0
[2014-07-16T10:32:12:016+00] [353.1 MB] [net ] CNetwork::UpdateTick() stall detected, socket manager poll waitTime=65, actionsTime=0
[2014-07-16T10:32:12:017+00] [353.1 MB] [net ] CNetwork::UpdateTick() stall detected, socket manager poll waitTime=65, actionsTime=0
[2014-07-16T10:32:12:017+00] [353.1 MB] [net ] CNetwork::UpdateTick() stall detected, socket manager poll waitTime=66, actionsTime=0
[2014-07-16T10:32:12:020+00] [353.1 MB] [net ] CNetwork::UpdateTick() stall detected, socket manager poll waitTime=65, actionsTime=0
[2014-07-16T10:32:12:021+00] [353.1 MB] [net ] CNetwork::UpdateTick() stall detected, socket manager poll waitTime=65, actionsTime=0
[2014-07-16T10:32:12:021+00] [353.1 MB] [net ] CNetwork::UpdateTick() stall detected, socket manager poll waitTime=65, actionsTime=0
[2014-07-16T10:32:12:022+00] [353.1 MB] [net ] CNetwork::UpdateTick() stall detected, socket manager poll waitTime=65, actionsTime=0
[2014-07-16T10:32:12:023+00] [353.1 MB] [net ] CNetwork::UpdateTick() stall detected, socket manager poll waitTime=65, actionsTime=0
[2014-07-16T10:32:12:024+00] [353.1 MB] [net ] CNetwork::UpdateTick() stall detected, socket manager poll waitTime=65, actionsTime=0
[2014-07-16T10:32:12:025+00] [353.1 MB] [net ] CNetwork::UpdateTick() stall detected, socket manager poll waitTime=65, actionsTime=0
[2014-07-16T10:32:12:197+00] [353.9 MB] [net ] CNetwork::SyncWithGame() took a long time [169], lock=[0], normal=[169], lobby=[0], gotLobbyLock=true
[2014-07-16T10:32:12:202+00] [353.9 MB] [net ] CNetwork::UpdateTick() stall detected, socket manager poll waitTime=65, actionsTime=0
[2014-07-16T10:32:12:260+00] [353.9 MB] Spawn player for channel 1 .. 0
[2014-07-16T10:32:12:262+00] [353.9 MB] <Lua> Found 0 triggers of type 1
[2014-07-16T10:32:12:263+00] [353.9 MB] <Lua> Found 0 triggers of type 2
[2014-07-16T10:32:12:265+00] [353.9 MB] <Lua> Found 0 killzones, 0 active
[2014-07-16T10:32:12:268+00] [353.9 MB] <Lua> Entered: Channel 1, player Xeae853fc6IDIGQ, PvPTeamId 0
[2014-07-16T10:32:12:274+00] [353.9 MB] <Lua> EquipPlayer Xeae853fc6IDIGQ
[2014-07-16T10:32:12:276+00] [353.9 MB] [Warning] Ammo class explosiveGrenade02_test_premium not found.
[2014-07-16T10:32:12:278+00] [353.9 MB] [Game rules state changed] New state: InGame
[2014-07-16T10:32:12:279+00] [353.9 MB] [CGameRules::OnClientEnteredGame] First client in game. Starting countdown 30000
[2014-07-16T10:32:12:284+00] [353.9 MB] [SOUND] 402F8880->Blocking/CSoundSystem::CreateListener()
[2014-07-16T10:32:12:286+00] [353.9 MB] -----------------------------------------------------
[2014-07-16T10:32:12:287+00] [353.9 MB] *LOADING: Level lobby_evening loading time: 16.75 seconds
[2014-07-16T10:32:12:288+00] [353.9 MB] -----------------------------------------------------
[2014-07-16T10:32:12:298+00] [378.6 MB] === Precaching render data for cutscene: 4th_Target2_down ===
[2014-07-16T10:32:12:300+00] [378.6 MB] === Precaching render data for cutscene: 4th_Target3_down ===
[2014-07-16T10:32:12:302+00] [378.6 MB] === Precaching render data for cutscene: 6th_Target1_down ===
[2014-07-16T10:32:12:329+00] [378.6 MB] === Precaching render data for cutscene: 6th_Target2_down ===
[2014-07-16T10:32:12:331+00] [378.6 MB] === Precaching render data for cutscene: 3rd_Target1_down ===
[2014-07-16T10:32:12:334+00] [378.6 MB] === Precaching render data for cutscene: 3rd_Target2_down ===
[2014-07-16T10:32:12:336+00] [378.6 MB] === Precaching render data for cutscene: 2nd_Target1_down ===
[2014-07-16T10:32:12:337+00] [378.6 MB] === Precaching render data for cutscene: 2nd_Target2_down ===
[2014-07-16T10:32:12:339+00] [378.6 MB] === Precaching render data for cutscene: 1st_Target1_down ===
[2014-07-16T10:32:12:342+00] [378.6 MB] === Precaching render data for cutscene: 1st_Target2_down ===
[2014-07-16T10:32:12:350+00] [380.2 MB] Pre-caching render meshes for camera position
[2014-07-16T10:32:12:352+00] [380.2 MB] Updating level streaming priorities for 1 cameras (LevelFrameId = 1)
[2014-07-16T10:32:12:367+00] [371.4 MB] [net ] CNetwork::UpdateTick() stall detected, socket manager poll waitTime=65, actionsTime=0
[2014-07-16T10:32:12:420+00] [371.4 MB] Pre-caching render meshes for camera position
[2014-07-16T10:32:12:421+00] [371.4 MB] Updating level streaming priorities for 1 cameras (LevelFrameId = 2)
[2014-07-16T10:32:12:430+00] [371.4 MB] [Warning] Trying to unregister non registered entity from autoaim manager
[2014-07-16T10:32:12:432+00] [371.4 MB] [Warning] Trying to unregister non registered entity from autoaim manager
[2014-07-16T10:32:12:434+00] [371.4 MB] [Warning] Trying to unregister non registered entity from autoaim manager
[2014-07-16T10:32:12:436+00] [371.4 MB] [Warning] Trying to unregister non registered entity from autoaim manager
[2014-07-16T10:32:12:438+00] [371.4 MB] [Warning] Trying to unregister non registered entity from autoaim manager
[2014-07-16T10:32:12:440+00] [371.4 MB] [Warning] Trying to unregister non registered entity from autoaim manager
[2014-07-16T10:32:12:442+00] [371.4 MB] [Warning] Trying to unregister non registered entity from autoaim manager
[2014-07-16T10:32:12:443+00] [371.4 MB] [Warning] Trying to unregister non registered entity from autoaim manager
[2014-07-16T10:32:12:445+00] [371.4 MB] [Warning] Trying to unregister non registered entity from autoaim manager
[2014-07-16T10:32:12:447+00] [371.4 MB] [Warning] Trying to unregister non registered entity from autoaim manager
[2014-07-16T10:32:12:452+00] [371.4 MB] [net ] CNetwork::UpdateTick() stall detected, socket manager poll waitTime=66, actionsTime=0
[2014-07-16T10:32:12:455+00] [371.4 MB] Pre-caching render meshes for camera position
[2014-07-16T10:32:12:457+00] [371.4 MB] Updating level streaming priorities for 1 cameras (LevelFrameId = 3)
[2014-07-16T10:32:12:490+00] [371.6 MB] <Sound> Sound-FmodEx-AudioDevice Thread created: FMOD nonblocking thread (1) (-134215552) 
[2014-07-16T10:32:12:497+00] [371.6 MB] Pre-caching render meshes for camera position
[2014-07-16T10:32:12:499+00] [371.6 MB] Updating level streaming priorities for 1 cameras (LevelFrameId = 4)
[2014-07-16T10:32:12:522+00] [371.6 MB] Pre-caching render meshes for camera position
[2014-07-16T10:32:12:534+00] [371.6 MB] Updating level streaming priorities for 1 cameras (LevelFrameId = 5)
[2014-07-16T10:32:12:548+00] [371.6 MB] Pre-caching render meshes for camera position
[2014-07-16T10:32:12:550+00] [371.6 MB] Updating level streaming priorities for 1 cameras (LevelFrameId = 6)
[2014-07-16T10:32:12:563+00] [371.6 MB] Pre-caching render meshes for camera position
[2014-07-16T10:32:12:565+00] [371.6 MB] Updating level streaming priorities for 1 cameras (LevelFrameId = 7)
[2014-07-16T10:32:12:577+00] [371.6 MB] Pre-caching render meshes for camera position
[2014-07-16T10:32:12:579+00] [371.6 MB] Updating level streaming priorities for 1 cameras (LevelFrameId = 8)
[2014-07-16T10:32:12:602+00] [371.7 MB] Pre-caching render meshes for camera position
[2014-07-16T10:32:12:604+00] [371.7 MB] Updating level streaming priorities for 1 cameras (LevelFrameId = 9)
[2014-07-16T10:32:12:618+00] [371.7 MB] Pre-caching render meshes for camera position
[2014-07-16T10:32:12:620+00] [371.7 MB] Updating level streaming priorities for 1 cameras (LevelFrameId = 10)
[2014-07-16T10:32:12:633+00] [371.7 MB] Pre-caching render meshes for camera position
[2014-07-16T10:32:12:635+00] [371.7 MB] Updating level streaming priorities for 1 cameras (LevelFrameId = 11)
[2014-07-16T10:32:12:648+00] [371.7 MB] Pre-caching render meshes for camera position
[2014-07-16T10:32:12:650+00] [371.7 MB] Updating level streaming priorities for 1 cameras (LevelFrameId = 12)
[2014-07-16T10:32:12:663+00] [371.7 MB] Pre-caching render meshes for camera position
[2014-07-16T10:32:12:665+00] [371.7 MB] Updating level streaming priorities for 1 cameras (LevelFrameId = 13)
[2014-07-16T10:32:12:677+00] [371.7 MB] Pre-caching render meshes for camera position
[2014-07-16T10:32:12:679+00] [371.7 MB] Updating level streaming priorities for 1 cameras (LevelFrameId = 14)
[2014-07-16T10:32:12:694+00] [371.7 MB] Pre-caching render meshes for camera position
[2014-07-16T10:32:12:695+00] [371.7 MB] Updating level streaming priorities for 1 cameras (LevelFrameId = 15)
[2014-07-16T10:32:12:709+00] [371.7 MB] Pre-caching render meshes for camera position
[2014-07-16T10:32:12:711+00] [371.7 MB] Updating level streaming priorities for 1 cameras (LevelFrameId = 16)
[2014-07-16T10:32:12:725+00] [371.7 MB] Pre-caching render meshes for camera position
[2014-07-16T10:32:12:727+00] [371.7 MB] Updating level streaming priorities for 1 cameras (LevelFrameId = 17)
[2014-07-16T10:32:12:740+00] [371.7 MB] Pre-caching render meshes for camera position
[2014-07-16T10:32:12:742+00] [371.7 MB] Updating level streaming priorities for 1 cameras (LevelFrameId = 18)
[2014-07-16T10:32:12:755+00] [371.7 MB] Pre-caching render meshes for camera position
[2014-07-16T10:32:12:757+00] [371.7 MB] Updating level streaming priorities for 1 cameras (LevelFrameId = 19)
[2014-07-16T10:32:12:769+00] [371.7 MB] Pre-caching render meshes for camera position
[2014-07-16T10:32:12:771+00] [371.7 MB] Updating level streaming priorities for 1 cameras (LevelFrameId = 20)
[2014-07-16T10:32:12:785+00] [371.7 MB] Pre-caching render meshes for camera position
[2014-07-16T10:32:12:787+00] [371.7 MB] Updating level streaming priorities for 1 cameras (LevelFrameId = 21)
[2014-07-16T10:32:12:802+00] [371.7 MB] Pre-caching render meshes for camera position
[2014-07-16T10:32:12:805+00] [371.7 MB] Updating level streaming priorities for 1 cameras (LevelFrameId = 22)
[2014-07-16T10:32:12:817+00] [371.7 MB] Pre-caching render meshes for camera position
[2014-07-16T10:32:12:820+00] [371.7 MB] Updating level streaming priorities for 1 cameras (LevelFrameId = 23)
[2014-07-16T10:32:12:832+00] [371.7 MB] Pre-caching render meshes for camera position
[2014-07-16T10:32:12:835+00] [371.7 MB] Updating level streaming priorities for 1 cameras (LevelFrameId = 24)
[2014-07-16T10:32:12:850+00] [371.7 MB] Pre-caching render meshes for camera position
[2014-07-16T10:32:12:851+00] [371.7 MB] Updating level streaming priorities for 1 cameras (LevelFrameId = 25)
[2014-07-16T10:32:12:864+00] [371.7 MB] Pre-caching render meshes for camera position
[2014-07-16T10:32:12:866+00] [371.7 MB] Updating level streaming priorities for 1 cameras (LevelFrameId = 26)
[2014-07-16T10:32:12:880+00] [371.7 MB] Pre-caching render meshes for camera position
[2014-07-16T10:32:12:882+00] [371.7 MB] Updating level streaming priorities for 1 cameras (LevelFrameId = 27)
[2014-07-16T10:32:12:895+00] [371.7 MB] Pre-caching render meshes for camera position
[2014-07-16T10:32:12:897+00] [371.7 MB] Updating level streaming priorities for 1 cameras (LevelFrameId = 28)
[2014-07-16T10:32:12:909+00] [371.7 MB] Pre-caching render meshes for camera position
[2014-07-16T10:32:12:911+00] [371.7 MB] Updating level streaming priorities for 1 cameras (LevelFrameId = 29)
[2014-07-16T10:32:12:925+00] [371.7 MB] Pre-caching render meshes for camera position
[2014-07-16T10:32:12:927+00] [371.7 MB] Updating level streaming priorities for 1 cameras (LevelFrameId = 30)
[2014-07-16T10:32:12:941+00] [371.7 MB] Pre-caching render meshes for camera position
[2014-07-16T10:32:12:943+00] [371.7 MB] Updating level streaming priorities for 1 cameras (LevelFrameId = 31)
[2014-07-16T10:32:12:957+00] [371.7 MB] Pre-caching render meshes for camera position
[2014-07-16T10:32:12:959+00] [371.7 MB] Updating level streaming priorities for 1 cameras (LevelFrameId = 32)
[2014-07-16T10:32:12:972+00] [371.7 MB] Pre-caching render meshes for camera position
[2014-07-16T10:32:12:974+00] [371.7 MB] Updating level streaming priorities for 1 cameras (LevelFrameId = 33)
[2014-07-16T10:32:12:987+00] [371.7 MB] Pre-caching render meshes for camera position
[2014-07-16T10:32:12:989+00] [371.7 MB] Updating level streaming priorities for 1 cameras (LevelFrameId = 34)
[2014-07-16T10:32:13:001+00] [371.7 MB] Pre-caching render meshes for camera position
[2014-07-16T10:32:13:003+00] [371.7 MB] Updating level streaming priorities for 1 cameras (LevelFrameId = 35)
[2014-07-16T10:32:13:018+00] [371.7 MB] Pre-caching render meshes for camera position
[2014-07-16T10:32:13:020+00] [371.7 MB] Updating level streaming priorities for 1 cameras (LevelFrameId = 36)
[2014-07-16T10:32:13:035+00] [371.7 MB] Pre-caching render meshes for camera position
[2014-07-16T10:32:13:037+00] [371.7 MB] Updating level streaming priorities for 1 cameras (LevelFrameId = 37)
[2014-07-16T10:32:13:050+00] [371.7 MB] Pre-caching render meshes for camera position
[2014-07-16T10:32:13:052+00] [371.7 MB] Updating level streaming priorities for 1 cameras (LevelFrameId = 38)
[2014-07-16T10:32:13:064+00] [371.7 MB] Pre-caching render meshes for camera position
[2014-07-16T10:32:13:066+00] [371.7 MB] Updating level streaming priorities for 1 cameras (LevelFrameId = 39)
[2014-07-16T10:32:13:079+00] [371.7 MB] Pre-caching render meshes for camera position
[2014-07-16T10:32:13:081+00] [371.7 MB] Updating level streaming priorities for 1 cameras (LevelFrameId = 40)
[2014-07-16T10:32:13:094+00] [371.7 MB] Pre-caching render meshes for camera position
[2014-07-16T10:32:13:096+00] [371.7 MB] Updating level streaming priorities for 1 cameras (LevelFrameId = 41)
[2014-07-16T10:32:13:111+00] [371.7 MB] Pre-caching render meshes for camera position
[2014-07-16T10:32:13:114+00] [371.7 MB] Updating level streaming priorities for 1 cameras (LevelFrameId = 42)
[2014-07-16T10:32:13:127+00] [371.7 MB] Pre-caching render meshes for camera position
[2014-07-16T10:32:13:130+00] [371.7 MB] Updating level streaming priorities for 1 cameras (LevelFrameId = 43)
[2014-07-16T10:32:13:142+00] [371.7 MB] Pre-caching render meshes for camera position
[2014-07-16T10:32:13:145+00] [371.7 MB] Updating level streaming priorities for 1 cameras (LevelFrameId = 44)
[2014-07-16T10:32:13:158+00] [371.7 MB] Pre-caching render meshes for camera position
[2014-07-16T10:32:13:160+00] [371.7 MB] Updating level streaming priorities for 1 cameras (LevelFrameId = 45)
[2014-07-16T10:32:13:174+00] [371.7 MB] Pre-caching render meshes for camera position
[2014-07-16T10:32:13:176+00] [371.7 MB] Updating level streaming priorities for 1 cameras (LevelFrameId = 46)
[2014-07-16T10:32:13:190+00] [371.7 MB] Pre-caching render meshes for camera position
[2014-07-16T10:32:13:192+00] [371.7 MB] Updating level streaming priorities for 1 cameras (LevelFrameId = 47)
[2014-07-16T10:32:13:205+00] [371.7 MB] Pre-caching render meshes for camera position
[2014-07-16T10:32:13:208+00] [371.7 MB] Updating level streaming priorities for 1 cameras (LevelFrameId = 48)
[2014-07-16T10:32:13:220+00] [371.7 MB] Pre-caching render meshes for camera position
[2014-07-16T10:32:13:222+00] [371.7 MB] Updating level streaming priorities for 1 cameras (LevelFrameId = 49)
[2014-07-16T10:32:13:235+00] [371.7 MB] Pre-caching render meshes for camera position
[2014-07-16T10:32:13:237+00] [371.7 MB] Updating level streaming priorities for 1 cameras (LevelFrameId = 50)
[2014-07-16T10:32:13:250+00] [371.7 MB] Pre-caching render meshes for camera position
[2014-07-16T10:32:13:253+00] [371.7 MB] Updating level streaming priorities for 1 cameras (LevelFrameId = 51)
[2014-07-16T10:32:13:265+00] [371.7 MB] Pre-caching render meshes for camera position
[2014-07-16T10:32:13:267+00] [371.7 MB] Updating level streaming priorities for 1 cameras (LevelFrameId = 52)
[2014-07-16T10:32:13:281+00] [371.7 MB] Pre-caching render meshes for camera position
[2014-07-16T10:32:13:283+00] [371.7 MB] Updating level streaming priorities for 1 cameras (LevelFrameId = 53)
[2014-07-16T10:32:13:298+00] [371.7 MB] Pre-caching render meshes for camera position
[2014-07-16T10:32:13:300+00] [371.7 MB] Updating level streaming priorities for 1 cameras (LevelFrameId = 54)
[2014-07-16T10:32:13:312+00] [371.7 MB] Pre-caching render meshes for camera position
[2014-07-16T10:32:13:314+00] [371.7 MB] Updating level streaming priorities for 1 cameras (LevelFrameId = 55)
[2014-07-16T10:32:13:328+00] [371.7 MB] Pre-caching render meshes for camera position
[2014-07-16T10:32:13:330+00] [371.7 MB] Updating level streaming priorities for 1 cameras (LevelFrameId = 56)
[2014-07-16T10:32:13:343+00] [371.7 MB] Pre-caching render meshes for camera position
[2014-07-16T10:32:13:345+00] [371.7 MB] Updating level streaming priorities for 1 cameras (LevelFrameId = 57)
[2014-07-16T10:32:13:359+00] [371.7 MB] Pre-caching render meshes for camera position
[2014-07-16T10:32:13:361+00] [371.7 MB] Updating level streaming priorities for 1 cameras (LevelFrameId = 58)
[2014-07-16T10:32:13:375+00] [371.7 MB] Pre-caching render meshes for camera position
[2014-07-16T10:32:13:376+00] [371.7 MB] Updating level streaming priorities for 1 cameras (LevelFrameId = 59)
[2014-07-16T10:32:13:391+00] [371.7 MB] Pre-caching render meshes for camera position
[2014-07-16T10:32:13:393+00] [371.7 MB] Updating level streaming priorities for 1 cameras (LevelFrameId = 60)
[2014-07-16T10:32:13:405+00] [371.7 MB] Pre-caching render meshes for camera position
[2014-07-16T10:32:13:407+00] [371.7 MB] Updating level streaming priorities for 1 cameras (LevelFrameId = 61)
[2014-07-16T10:32:13:420+00] [371.7 MB] Pre-caching render meshes for camera position
[2014-07-16T10:32:13:422+00] [371.7 MB] Updating level streaming priorities for 1 cameras (LevelFrameId = 62)
[2014-07-16T10:32:13:435+00] [371.7 MB] Pre-caching render meshes for camera position
[2014-07-16T10:32:13:437+00] [371.7 MB] Updating level streaming priorities for 1 cameras (LevelFrameId = 63)
[2014-07-16T10:32:13:452+00] [371.7 MB] Pre-caching render meshes for camera position
[2014-07-16T10:32:13:454+00] [371.7 MB] Updating level streaming priorities for 1 cameras (LevelFrameId = 64)
[2014-07-16T10:32:13:468+00] [371.7 MB] Pre-caching render meshes for camera position
[2014-07-16T10:32:13:470+00] [371.7 MB] Updating level streaming priorities for 1 cameras (LevelFrameId = 65)
[2014-07-16T10:32:13:483+00] [371.7 MB] Pre-caching render meshes for camera position
[2014-07-16T10:32:13:485+00] [371.7 MB] Updating level streaming priorities for 1 cameras (LevelFrameId = 66)
[2014-07-16T10:32:13:497+00] [371.7 MB] Pre-caching render meshes for camera position
[2014-07-16T10:32:13:499+00] [371.7 MB] Updating level streaming priorities for 1 cameras (LevelFrameId = 67)
[2014-07-16T10:32:13:511+00] [371.7 MB] Pre-caching render meshes for camera position
[2014-07-16T10:32:13:513+00] [371.7 MB] Updating level streaming priorities for 1 cameras (LevelFrameId = 68)
[2014-07-16T10:32:13:526+00] [371.7 MB] Pre-caching render meshes for camera position
[2014-07-16T10:32:13:528+00] [371.7 MB] Updating level streaming priorities for 1 cameras (LevelFrameId = 69)
[2014-07-16T10:32:13:542+00] [371.7 MB] Pre-caching render meshes for camera position
[2014-07-16T10:32:13:544+00] [371.7 MB] Updating level streaming priorities for 1 cameras (LevelFrameId = 70)
[2014-07-16T10:32:13:557+00] [371.7 MB] Pre-caching render meshes for camera position
[2014-07-16T10:32:13:559+00] [371.7 MB] Updating level streaming priorities for 1 cameras (LevelFrameId = 71)
[2014-07-16T10:32:13:572+00] [371.7 MB] Pre-caching render meshes for camera position
[2014-07-16T10:32:13:574+00] [371.7 MB] Updating level streaming priorities for 1 cameras (LevelFrameId = 72)
[2014-07-16T10:32:13:586+00] [371.7 MB] Pre-caching render meshes for camera position
[2014-07-16T10:32:13:588+00] [371.7 MB] Updating level streaming priorities for 1 cameras (LevelFrameId = 73)
[2014-07-16T10:32:13:601+00] [371.7 MB] Pre-caching render meshes for camera position
[2014-07-16T10:32:13:602+00] [371.7 MB] Updating level streaming priorities for 1 cameras (LevelFrameId = 74)
[2014-07-16T10:32:13:615+00] [371.7 MB] Pre-caching render meshes for camera position
[2014-07-16T10:32:13:617+00] [371.7 MB] Updating level streaming priorities for 1 cameras (LevelFrameId = 75)
[2014-07-16T10:32:13:629+00] [371.7 MB] Pre-caching render meshes for camera position
[2014-07-16T10:32:13:631+00] [371.7 MB] Updating level streaming priorities for 1 cameras (LevelFrameId = 76)
[2014-07-16T10:32:13:647+00] [371.7 MB] Pre-caching render meshes for camera position
[2014-07-16T10:32:13:785+00] [372.4 MB] Updating level streaming priorities for 1 cameras (LevelFrameId = 77)
[2014-07-16T10:32:13:791+00] [372.4 MB] Finished pre-caching in 0.1 sec
[2014-07-16T10:32:13:795+00] [372.4 MB] [net ] CNetwork::UpdateTick() stall detected, socket manager poll waitTime=66, actionsTime=0
[2014-07-16T10:32:13:829+00] [372.6 MB] [net ] CNetwork::UpdateTick() stall detected, socket manager poll waitTime=66, actionsTime=0
[2014-07-16T10:32:13:835+00] [372.7 MB] Pre-caching render meshes for camera position
[2014-07-16T10:32:13:841+00] [372.7 MB] Updating level streaming priorities for 1 cameras (LevelFrameId = 78)
[2014-07-16T10:32:13:859+00] [372.7 MB] Pre-caching render meshes for camera position
[2014-07-16T10:32:13:868+00] [372.7 MB] Updating level streaming priorities for 1 cameras (LevelFrameId = 79)
[2014-07-16T10:32:13:914+00] [372.7 MB] Pre-caching render meshes for camera position
[2014-07-16T10:32:13:932+00] [372.7 MB] Updating level streaming priorities for 1 cameras (LevelFrameId = 80)
[2014-07-16T10:32:13:945+00] [372.7 MB] Pre-caching render meshes for camera position
[2014-07-16T10:32:13:951+00] [372.7 MB] Updating level streaming priorities for 1 cameras (LevelFrameId = 81)
[2014-07-16T10:32:13:999+00] [372.7 MB] Pre-caching render meshes for camera position
[2014-07-16T10:32:14:016+00] [372.7 MB] Updating level streaming priorities for 1 cameras (LevelFrameId = 82)
[2014-07-16T10:32:14:030+00] [372.7 MB] Pre-caching render meshes for camera position
[2014-07-16T10:32:14:035+00] [372.7 MB] Updating level streaming priorities for 1 cameras (LevelFrameId = 83)
[2014-07-16T10:32:14:047+00] [372.7 MB] Pre-caching render meshes for camera position
[2014-07-16T10:32:14:056+00] [372.7 MB] Updating level streaming priorities for 1 cameras (LevelFrameId = 84)
[2014-07-16T10:32:14:069+00] [372.7 MB] Pre-caching render meshes for camera position
[2014-07-16T10:32:14:071+00] [372.7 MB] Updating level streaming priorities for 1 cameras (LevelFrameId = 85)
[2014-07-16T10:32:14:084+00] [372.7 MB] Pre-caching render meshes for camera position
[2014-07-16T10:32:14:087+00] [372.7 MB] Updating level streaming priorities for 1 cameras (LevelFrameId = 86)
[2014-07-16T10:32:14:104+00] [372.7 MB] Pre-caching render meshes for camera position
[2014-07-16T10:32:14:115+00] [372.7 MB] Updating level streaming priorities for 1 cameras (LevelFrameId = 87)
[2014-07-16T10:32:14:127+00] [372.7 MB] Pre-caching render meshes for camera position
[2014-07-16T10:32:14:130+00] [372.7 MB] Updating level streaming priorities for 1 cameras (LevelFrameId = 88)
[2014-07-16T10:32:14:147+00] [372.7 MB] Pre-caching render meshes for camera position
[2014-07-16T10:32:14:150+00] [372.7 MB] Updating level streaming priorities for 1 cameras (LevelFrameId = 89)
[2014-07-16T10:32:14:162+00] [372.7 MB] Pre-caching render meshes for camera position
[2014-07-16T10:32:14:164+00] [372.7 MB] Updating level streaming priorities for 1 cameras (LevelFrameId = 90)
[2014-07-16T10:32:14:183+00] [372.7 MB] Pre-caching render meshes for camera position
[2014-07-16T10:32:14:204+00] [372.7 MB] Updating level streaming priorities for 1 cameras (LevelFrameId = 91)
[2014-07-16T10:32:14:216+00] [372.7 MB] Pre-caching render meshes for camera position
[2014-07-16T10:32:14:220+00] [372.7 MB] Updating level streaming priorities for 1 cameras (LevelFrameId = 92)
[2014-07-16T10:32:14:233+00] [372.7 MB] Pre-caching render meshes for camera position
[2014-07-16T10:32:14:246+00] [372.7 MB] Updating level streaming priorities for 1 cameras (LevelFrameId = 93)
[2014-07-16T10:32:14:259+00] [372.7 MB] Pre-caching render meshes for camera position
[2014-07-16T10:32:14:262+00] [372.7 MB] Updating level streaming priorities for 1 cameras (LevelFrameId = 94)
[2014-07-16T10:32:14:274+00] [372.7 MB] Pre-caching render meshes for camera position
[2014-07-16T10:32:14:280+00] [372.7 MB] Updating level streaming priorities for 1 cameras (LevelFrameId = 95)
[2014-07-16T10:32:14:292+00] [373.2 MB] Pre-caching render meshes for camera position
[2014-07-16T10:32:14:327+00] [373.2 MB] Updating level streaming priorities for 1 cameras (LevelFrameId = 96)
[2014-07-16T10:32:14:341+00] [373.2 MB] Pre-caching render meshes for camera position
[2014-07-16T10:32:14:344+00] [373.2 MB] Updating level streaming priorities for 1 cameras (LevelFrameId = 97)
[2014-07-16T10:32:14:357+00] [373.2 MB] Pre-caching render meshes for camera position
[2014-07-16T10:32:14:359+00] [373.2 MB] Updating level streaming priorities for 1 cameras (LevelFrameId = 98)
[2014-07-16T10:32:14:372+00] [373.2 MB] Pre-caching render meshes for camera position
[2014-07-16T10:32:14:373+00] [373.2 MB] Updating level streaming priorities for 1 cameras (LevelFrameId = 99)
[2014-07-16T10:32:14:385+00] [373.2 MB] Pre-caching render meshes for camera position
[2014-07-16T10:32:14:395+00] [373.2 MB] Updating level streaming priorities for 1 cameras (LevelFrameId = 100)
[2014-07-16T10:32:14:408+00] [373.2 MB] Pre-caching render meshes for camera position
[2014-07-16T10:32:14:409+00] [373.2 MB] Updating level streaming priorities for 1 cameras (LevelFrameId = 101)
[2014-07-16T10:32:14:424+00] [373.2 MB] Pre-caching render meshes for camera position
[2014-07-16T10:32:14:426+00] [373.2 MB] Updating level streaming priorities for 1 cameras (LevelFrameId = 102)
[2014-07-16T10:32:14:440+00] [373.2 MB] Pre-caching render meshes for camera position
[2014-07-16T10:32:14:448+00] [373.2 MB] Updating level streaming priorities for 1 cameras (LevelFrameId = 103)
[2014-07-16T10:32:14:468+00] [373.2 MB] Pre-caching render meshes for camera position
[2014-07-16T10:32:14:470+00] [373.2 MB] Updating level streaming priorities for 1 cameras (LevelFrameId = 104)
[2014-07-16T10:32:14:482+00] [373.7 MB] Pre-caching render meshes for camera position
[2014-07-16T10:32:14:483+00] [373.7 MB] Updating level streaming priorities for 1 cameras (LevelFrameId = 105)
[2014-07-16T10:32:14:496+00] [373.7 MB] Pre-caching render meshes for camera position
[2014-07-16T10:32:14:498+00] [373.7 MB] Updating level streaming priorities for 1 cameras (LevelFrameId = 106)
[2014-07-16T10:32:14:511+00] [373.7 MB] Pre-caching render meshes for camera position
[2014-07-16T10:32:14:513+00] [373.7 MB] Updating level streaming priorities for 1 cameras (LevelFrameId = 107)
[2014-07-16T10:32:14:525+00] [373.7 MB] Pre-caching render meshes for camera position
[2014-07-16T10:32:14:527+00] [373.7 MB] Updating level streaming priorities for 1 cameras (LevelFrameId = 108)
[2014-07-16T10:32:14:540+00] [373.7 MB] Pre-caching render meshes for camera position
[2014-07-16T10:32:14:552+00] [373.7 MB] Updating level streaming priorities for 1 cameras (LevelFrameId = 109)
[2014-07-16T10:32:14:563+00] [373.7 MB] Pre-caching render meshes for camera position
[2014-07-16T10:32:14:565+00] [373.7 MB] Updating level streaming priorities for 1 cameras (LevelFrameId = 110)
[2014-07-16T10:32:14:577+00] [373.7 MB] Pre-caching render meshes for camera position
[2014-07-16T10:32:14:580+00] [374.2 MB] Updating level streaming priorities for 1 cameras (LevelFrameId = 111)
[2014-07-16T10:32:14:595+00] [374.4 MB] Pre-caching render meshes for camera position
[2014-07-16T10:32:14:604+00] [374.4 MB] Updating level streaming priorities for 1 cameras (LevelFrameId = 112)
[2014-07-16T10:32:14:617+00] [374.4 MB] Pre-caching render meshes for camera position
[2014-07-16T10:32:14:626+00] [374.4 MB] Updating level streaming priorities for 1 cameras (LevelFrameId = 113)
[2014-07-16T10:32:14:640+00] [374.9 MB] Pre-caching render meshes for camera position
[2014-07-16T10:32:14:647+00] [374.9 MB] Updating level streaming priorities for 1 cameras (LevelFrameId = 114)
[2014-07-16T10:32:14:660+00] [374.9 MB] Pre-caching render meshes for camera position
[2014-07-16T10:32:14:663+00] [374.9 MB] Updating level streaming priorities for 1 cameras (LevelFrameId = 115)
[2014-07-16T10:32:14:676+00] [374.9 MB] Pre-caching render meshes for camera position
[2014-07-16T10:32:14:688+00] [374.9 MB] Updating level streaming priorities for 1 cameras (LevelFrameId = 116)
[2014-07-16T10:32:14:701+00] [374.9 MB] Pre-caching render meshes for camera position
[2014-07-16T10:32:14:703+00] [374.9 MB] Updating level streaming priorities for 1 cameras (LevelFrameId = 117)
[2014-07-16T10:32:14:746+00] [375.4 MB] Pre-caching render meshes for camera position
[2014-07-16T10:32:14:748+00] [375.4 MB] Updating level streaming priorities for 1 cameras (LevelFrameId = 118)
[2014-07-16T10:32:14:762+00] [375.9 MB] Pre-caching render meshes for camera position
[2014-07-16T10:32:14:772+00] [375.9 MB] Updating level streaming priorities for 1 cameras (LevelFrameId = 119)
[2014-07-16T10:32:14:784+00] [375.9 MB] Pre-caching render meshes for camera position
[2014-07-16T10:32:14:790+00] [375.9 MB] Updating level streaming priorities for 1 cameras (LevelFrameId = 120)
[2014-07-16T10:32:14:804+00] [375.9 MB] Pre-caching render meshes for camera position
[2014-07-16T10:32:14:811+00] [375.9 MB] Updating level streaming priorities for 1 cameras (LevelFrameId = 121)
[2014-07-16T10:32:14:824+00] [375.9 MB] Pre-caching render meshes for camera position
[2014-07-16T10:32:14:848+00] [375.9 MB] Updating level streaming priorities for 1 cameras (LevelFrameId = 122)
[2014-07-16T10:32:14:871+00] [375.9 MB] Pre-caching render meshes for camera position
[2014-07-16T10:32:14:884+00] [375.9 MB] Updating level streaming priorities for 1 cameras (LevelFrameId = 123)
[2014-07-16T10:32:14:897+00] [375.9 MB] Pre-caching render meshes for camera position
[2014-07-16T10:32:14:916+00] [375.9 MB] Updating level streaming priorities for 1 cameras (LevelFrameId = 124)
[2014-07-16T10:32:14:929+00] [376.4 MB] Pre-caching render meshes for camera position
[2014-07-16T10:32:14:932+00] [376.4 MB] Updating level streaming priorities for 1 cameras (LevelFrameId = 125)
[2014-07-16T10:32:14:963+00] [376.4 MB] Pre-caching render meshes for camera position
[2014-07-16T10:32:14:974+00] [376.4 MB] Updating level streaming priorities for 1 cameras (LevelFrameId = 126)
[2014-07-16T10:32:14:987+00] [376.4 MB] Pre-caching render meshes for camera position
[2014-07-16T10:32:14:990+00] [376.4 MB] Updating level streaming priorities for 1 cameras (LevelFrameId = 127)
[2014-07-16T10:32:15:008+00] [376.7 MB] Pre-caching render meshes for camera position
[2014-07-16T10:32:15:017+00] [376.7 MB] Updating level streaming priorities for 1 cameras (LevelFrameId = 128)
[2014-07-16T10:32:15:030+00] [376.7 MB] Pre-caching render meshes for camera position
[2014-07-16T10:32:15:066+00] [376.7 MB] Updating level streaming priorities for 1 cameras (LevelFrameId = 129)
[2014-07-16T10:32:15:079+00] [377.2 MB] Pre-caching render meshes for camera position
[2014-07-16T10:32:15:082+00] [377.2 MB] Updating level streaming priorities for 1 cameras (LevelFrameId = 130)
[2014-07-16T10:32:15:101+00] [377.2 MB] Pre-caching render meshes for camera position
[2014-07-16T10:32:15:107+00] [377.2 MB] Updating level streaming priorities for 1 cameras (LevelFrameId = 131)
[2014-07-16T10:32:15:121+00] [377.2 MB] Pre-caching render meshes for camera position
[2014-07-16T10:32:15:128+00] [377.2 MB] Updating level streaming priorities for 1 cameras (LevelFrameId = 132)
[2014-07-16T10:32:15:140+00] [377.2 MB] Pre-caching render meshes for camera position
[2014-07-16T10:32:15:143+00] [377.2 MB] Updating level streaming priorities for 1 cameras (LevelFrameId = 133)
[2014-07-16T10:32:15:165+00] [377.2 MB] Pre-caching render meshes for camera position
[2014-07-16T10:32:15:172+00] [377.2 MB] Updating level streaming priorities for 1 cameras (LevelFrameId = 134)
[2014-07-16T10:32:15:185+00] [377.2 MB] Pre-caching render meshes for camera position
[2014-07-16T10:32:15:188+00] [377.2 MB] Updating level streaming priorities for 1 cameras (LevelFrameId = 135)
[2014-07-16T10:32:15:200+00] [377.2 MB] Pre-caching render meshes for camera position
[2014-07-16T10:32:15:221+00] [377.2 MB] Updating level streaming priorities for 1 cameras (LevelFrameId = 136)
[2014-07-16T10:32:15:247+00] [377.2 MB] Pre-caching render meshes for camera position
[2014-07-16T10:32:15:252+00] [377.2 MB] Updating level streaming priorities for 1 cameras (LevelFrameId = 137)
[2014-07-16T10:32:15:264+00] [377.2 MB] Pre-caching render meshes for camera position
[2014-07-16T10:32:15:275+00] [377.2 MB] Updating level streaming priorities for 1 cameras (LevelFrameId = 138)
[2014-07-16T10:32:15:298+00] [377.2 MB] Pre-caching render meshes for camera position
[2014-07-16T10:32:15:304+00] [377.2 MB] Updating level streaming priorities for 1 cameras (LevelFrameId = 139)
[2014-07-16T10:32:15:316+00] [377.7 MB] Pre-caching render meshes for camera position
[2014-07-16T10:32:15:318+00] [377.7 MB] Updating level streaming priorities for 1 cameras (LevelFrameId = 140)
[2014-07-16T10:32:15:330+00] [377.7 MB] Pre-caching render meshes for camera position
[2014-07-16T10:32:15:332+00] [377.7 MB] Updating level streaming priorities for 1 cameras (LevelFrameId = 141)
[2014-07-16T10:32:15:345+00] [377.7 MB] Pre-caching render meshes for camera position
[2014-07-16T10:32:15:352+00] [377.7 MB] Updating level streaming priorities for 1 cameras (LevelFrameId = 142)
[2014-07-16T10:32:15:364+00] [377.7 MB] Pre-caching render meshes for camera position
[2014-07-16T10:32:15:367+00] [377.7 MB] Updating level streaming priorities for 1 cameras (LevelFrameId = 143)
[2014-07-16T10:32:15:379+00] [377.7 MB] Pre-caching render meshes for camera position
[2014-07-16T10:32:15:383+00] [377.7 MB] Updating level streaming priorities for 1 cameras (LevelFrameId = 144)
[2014-07-16T10:32:15:397+00] [377.7 MB] Pre-caching render meshes for camera position
[2014-07-16T10:32:15:400+00] [377.7 MB] Updating level streaming priorities for 1 cameras (LevelFrameId = 145)
[2014-07-16T10:32:15:412+00] [377.7 MB] Pre-caching render meshes for camera position
[2014-07-16T10:32:15:427+00] [377.7 MB] Updating level streaming priorities for 1 cameras (LevelFrameId = 146)
[2014-07-16T10:32:15:460+00] [377.7 MB] Pre-caching render meshes for camera position
[2014-07-16T10:32:15:462+00] [377.7 MB] Updating level streaming priorities for 1 cameras (LevelFrameId = 147)
[2014-07-16T10:32:15:475+00] [377.7 MB] Pre-caching render meshes for camera position
[2014-07-16T10:32:15:486+00] [377.7 MB] Updating level streaming priorities for 1 cameras (LevelFrameId = 148)
[2014-07-16T10:32:15:497+00] [377.7 MB] Pre-caching render meshes for camera position
[2014-07-16T10:32:15:504+00] [377.7 MB] Updating level streaming priorities for 1 cameras (LevelFrameId = 149)
[2014-07-16T10:32:15:522+00] [377.7 MB] Pre-caching render meshes for camera position
[2014-07-16T10:32:15:527+00] [377.7 MB] Updating level streaming priorities for 1 cameras (LevelFrameId = 150)
[2014-07-16T10:32:15:565+00] [377.7 MB] Pre-caching render meshes for camera position
[2014-07-16T10:32:15:568+00] [377.7 MB] Updating level streaming priorities for 1 cameras (LevelFrameId = 151)
[2014-07-16T10:32:15:580+00] [377.7 MB] Pre-caching render meshes for camera position
[2014-07-16T10:32:15:586+00] [377.7 MB] Updating level streaming priorities for 1 cameras (LevelFrameId = 152)
[2014-07-16T10:32:15:597+00] [377.7 MB] Pre-caching render meshes for camera position
[2014-07-16T10:32:15:606+00] [377.7 MB] Updating level streaming priorities for 1 cameras (LevelFrameId = 153)
[2014-07-16T10:32:15:619+00] [377.7 MB] Pre-caching render meshes for camera position
[2014-07-16T10:32:15:621+00] [377.7 MB] Updating level streaming priorities for 1 cameras (LevelFrameId = 154)
[2014-07-16T10:32:15:633+00] [377.7 MB] Pre-caching render meshes for camera position
[2014-07-16T10:32:15:641+00] [377.7 MB] Updating level streaming priorities for 1 cameras (LevelFrameId = 155)
[2014-07-16T10:32:15:656+00] [377.7 MB] Pre-caching render meshes for camera position
[2014-07-16T10:32:15:658+00] [377.7 MB] Updating level streaming priorities for 1 cameras (LevelFrameId = 156)
[2014-07-16T10:32:15:671+00] [377.7 MB] Pre-caching render meshes for camera position
[2014-07-16T10:32:15:673+00] [377.7 MB] Updating level streaming priorities for 1 cameras (LevelFrameId = 157)
[2014-07-16T10:32:15:685+00] [377.7 MB] Pre-caching render meshes for camera position
[2014-07-16T10:32:15:687+00] [377.7 MB] Updating level streaming priorities for 1 cameras (LevelFrameId = 158)
[2014-07-16T10:32:15:700+00] [377.7 MB] Pre-caching render meshes for camera position
[2014-07-16T10:32:15:702+00] [377.7 MB] Updating level streaming priorities for 1 cameras (LevelFrameId = 159)
[2014-07-16T10:32:15:716+00] [377.7 MB] Pre-caching render meshes for camera position
[2014-07-16T10:32:15:718+00] [377.7 MB] Updating level streaming priorities for 1 cameras (LevelFrameId = 160)
[2014-07-16T10:32:15:731+00] [377.7 MB] Pre-caching render meshes for camera position
[2014-07-16T10:32:15:732+00] [377.7 MB] Updating level streaming priorities for 1 cameras (LevelFrameId = 161)
[2014-07-16T10:32:15:744+00] [377.7 MB] Pre-caching render meshes for camera position
[2014-07-16T10:32:15:746+00] [377.7 MB] Updating level streaming priorities for 1 cameras (LevelFrameId = 162)
[2014-07-16T10:32:15:758+00] [377.7 MB] Pre-caching render meshes for camera position
[2014-07-16T10:32:15:774+00] [377.7 MB] Updating level streaming priorities for 1 cameras (LevelFrameId = 163)
[2014-07-16T10:32:15:786+00] [377.7 MB] Pre-caching render meshes for camera position
[2014-07-16T10:32:15:792+00] [377.7 MB] Updating level streaming priorities for 1 cameras (LevelFrameId = 164)
[2014-07-16T10:32:15:804+00] [377.7 MB] Pre-caching render meshes for camera position
[2014-07-16T10:32:15:808+00] [377.7 MB] Updating level streaming priorities for 1 cameras (LevelFrameId = 165)
[2014-07-16T10:32:15:825+00] [377.7 MB] Pre-caching render meshes for camera position
[2014-07-16T10:32:15:827+00] [377.7 MB] Updating level streaming priorities for 1 cameras (LevelFrameId = 166)
[2014-07-16T10:32:15:841+00] [377.7 MB] Pre-caching render meshes for camera position
[2014-07-16T10:32:15:852+00] [377.7 MB] Updating level streaming priorities for 1 cameras (LevelFrameId = 167)
[2014-07-16T10:32:15:864+00] [377.7 MB] Pre-caching render meshes for camera position
[2014-07-16T10:32:15:868+00] [377.7 MB] Updating level streaming priorities for 1 cameras (LevelFrameId = 168)
[2014-07-16T10:32:15:881+00] [377.7 MB] Pre-caching render meshes for camera position
[2014-07-16T10:32:15:903+00] [377.7 MB] Updating level streaming priorities for 1 cameras (LevelFrameId = 169)
[2014-07-16T10:32:15:915+00] [377.7 MB] Pre-caching render meshes for camera position
[2014-07-16T10:32:15:917+00] [377.7 MB] Updating level streaming priorities for 1 cameras (LevelFrameId = 170)
[2014-07-16T10:32:15:929+00] [377.7 MB] Pre-caching render meshes for camera position
[2014-07-16T10:32:15:933+00] [377.7 MB] Updating level streaming priorities for 1 cameras (LevelFrameId = 171)
[2014-07-16T10:32:15:947+00] [377.7 MB] Pre-caching render meshes for camera position
[2014-07-16T10:32:15:957+00] [377.7 MB] Updating level streaming priorities for 1 cameras (LevelFrameId = 172)
[2014-07-16T10:32:15:971+00] [377.7 MB] Pre-caching render meshes for camera position
[2014-07-16T10:32:15:973+00] [377.7 MB] Updating level streaming priorities for 1 cameras (LevelFrameId = 173)
[2014-07-16T10:32:15:994+00] [377.7 MB] Pre-caching render meshes for camera position
[2014-07-16T10:32:15:998+00] [377.7 MB] Updating level streaming priorities for 1 cameras (LevelFrameId = 174)
[2014-07-16T10:32:16:010+00] [377.7 MB] Pre-caching render meshes for camera position
[2014-07-16T10:32:16:019+00] [377.7 MB] Updating level streaming priorities for 1 cameras (LevelFrameId = 175)
[2014-07-16T10:32:16:032+00] [377.7 MB] Pre-caching render meshes for camera position
[2014-07-16T10:32:16:036+00] [377.7 MB] Updating level streaming priorities for 1 cameras (LevelFrameId = 176)
[2014-07-16T10:32:16:047+00] [377.7 MB] Pre-caching render meshes for camera position
[2014-07-16T10:32:16:062+00] [377.7 MB] Updating level streaming priorities for 1 cameras (LevelFrameId = 177)
[2014-07-16T10:32:16:107+00] [377.7 MB] Pre-caching render meshes for camera position
[2014-07-16T10:32:16:115+00] [377.7 MB] Updating level streaming priorities for 1 cameras (LevelFrameId = 178)
[2014-07-16T10:32:16:159+00] [377.7 MB] Pre-caching render meshes for camera position
[2014-07-16T10:32:16:161+00] [377.7 MB] Updating level streaming priorities for 1 cameras (LevelFrameId = 179)
[2014-07-16T10:32:16:174+00] [377.7 MB] Pre-caching render meshes for camera position
[2014-07-16T10:32:16:180+00] [377.7 MB] Updating level streaming priorities for 1 cameras (LevelFrameId = 180)
[2014-07-16T10:32:16:193+00] [377.7 MB] Pre-caching render meshes for camera position
[2014-07-16T10:32:16:223+00] [377.7 MB] Updating level streaming priorities for 1 cameras (LevelFrameId = 181)
[2014-07-16T10:32:16:242+00] [377.7 MB] Pre-caching render meshes for camera position
[2014-07-16T10:32:16:250+00] [377.7 MB] Updating level streaming priorities for 1 cameras (LevelFrameId = 182)
[2014-07-16T10:32:16:263+00] [377.7 MB] Pre-caching render meshes for camera position
[2014-07-16T10:32:16:290+00] [377.7 MB] Updating level streaming priorities for 1 cameras (LevelFrameId = 183)
[2014-07-16T10:32:16:311+00] [377.7 MB] Pre-caching render meshes for camera position
[2014-07-16T10:32:16:324+00] [377.7 MB] Updating level streaming priorities for 1 cameras (LevelFrameId = 184)
[2014-07-16T10:32:16:340+00] [377.7 MB] Pre-caching render meshes for camera position
[2014-07-16T10:32:16:347+00] [377.7 MB] Updating level streaming priorities for 1 cameras (LevelFrameId = 185)
[2014-07-16T10:32:16:367+00] [377.7 MB] Pre-caching render meshes for camera position
[2014-07-16T10:32:16:379+00] [377.7 MB] Updating level streaming priorities for 1 cameras (LevelFrameId = 186)
[2014-07-16T10:32:16:398+00] [377.7 MB] Pre-caching render meshes for camera position
[2014-07-16T10:32:16:404+00] [377.7 MB] Updating level streaming priorities for 1 cameras (LevelFrameId = 187)
[2014-07-16T10:32:16:419+00] [377.7 MB] Pre-caching render meshes for camera position
[2014-07-16T10:32:16:421+00] [377.7 MB] Updating level streaming priorities for 1 cameras (LevelFrameId = 188)
[2014-07-16T10:32:16:463+00] [377.7 MB] Pre-caching render meshes for camera position
[2014-07-16T10:32:16:471+00] [377.7 MB] Updating level streaming priorities for 1 cameras (LevelFrameId = 189)
[2014-07-16T10:32:16:485+00] [377.7 MB] Pre-caching render meshes for camera position
[2014-07-16T10:32:16:496+00] [377.7 MB] Updating level streaming priorities for 1 cameras (LevelFrameId = 190)
[2014-07-16T10:32:16:507+00] [377.7 MB] Pre-caching render meshes for camera position
[2014-07-16T10:32:16:510+00] [377.7 MB] Updating level streaming priorities for 1 cameras (LevelFrameId = 191)
[2014-07-16T10:32:16:530+00] [377.7 MB] Pre-caching render meshes for camera position
[2014-07-16T10:32:16:539+00] [377.7 MB] Updating level streaming priorities for 1 cameras (LevelFrameId = 192)
[2014-07-16T10:32:16:566+00] [377.7 MB] Pre-caching render meshes for camera position
[2014-07-16T10:32:16:569+00] [377.7 MB] Updating level streaming priorities for 1 cameras (LevelFrameId = 193)
[2014-07-16T10:32:16:581+00] [377.7 MB] Pre-caching render meshes for camera position
[2014-07-16T10:32:16:586+00] [377.7 MB] Updating level streaming priorities for 1 cameras (LevelFrameId = 194)
[2014-07-16T10:32:16:599+00] [377.7 MB] Pre-caching render meshes for camera position
[2014-07-16T10:32:16:618+00] [377.7 MB] Updating level streaming priorities for 1 cameras (LevelFrameId = 195)
[2014-07-16T10:32:16:630+00] [377.7 MB] Pre-caching render meshes for camera position
[2014-07-16T10:32:16:638+00] [377.7 MB] Updating level streaming priorities for 1 cameras (LevelFrameId = 196)
[2014-07-16T10:32:16:661+00] [377.7 MB] Pre-caching render meshes for camera position
[2014-07-16T10:32:16:667+00] [377.7 MB] Updating level streaming priorities for 1 cameras (LevelFrameId = 197)
[2014-07-16T10:32:16:679+00] [377.7 MB] Pre-caching render meshes for camera position
[2014-07-16T10:32:16:683+00] [377.7 MB] Updating level streaming priorities for 1 cameras (LevelFrameId = 198)
[2014-07-16T10:32:16:700+00] [377.7 MB] Pre-caching render meshes for camera position
[2014-07-16T10:32:16:703+00] [377.7 MB] Updating level streaming priorities for 1 cameras (LevelFrameId = 199)
[2014-07-16T10:32:16:715+00] [377.7 MB] Pre-caching render meshes for camera position
[2014-07-16T10:32:16:718+00] [377.7 MB] Updating level streaming priorities for 1 cameras (LevelFrameId = 200)
[2014-07-16T10:32:16:737+00] [377.7 MB] Pre-caching render meshes for camera position
[2014-07-16T10:32:16:739+00] [377.7 MB] Updating level streaming priorities for 1 cameras (LevelFrameId = 201)
[2014-07-16T10:32:16:760+00] [377.7 MB] Pre-caching render meshes for camera position
[2014-07-16T10:32:16:784+00] [377.7 MB] Updating level streaming priorities for 1 cameras (LevelFrameId = 202)
[2014-07-16T10:32:16:809+00] [377.7 MB] Pre-caching render meshes for camera position
[2014-07-16T10:32:16:811+00] [377.7 MB] Updating level streaming priorities for 1 cameras (LevelFrameId = 203)
[2014-07-16T10:32:16:824+00] [377.7 MB] Pre-caching render meshes for camera position
[2014-07-16T10:32:16:852+00] [377.7 MB] Updating level streaming priorities for 1 cameras (LevelFrameId = 204)
[2014-07-16T10:32:16:864+00] [377.7 MB] Pre-caching render meshes for camera position
[2014-07-16T10:32:16:889+00] [377.7 MB] Updating level streaming priorities for 1 cameras (LevelFrameId = 205)
[2014-07-16T10:32:16:902+00] [377.7 MB] Pre-caching render meshes for camera position
[2014-07-16T10:32:16:917+00] [377.7 MB] Updating level streaming priorities for 1 cameras (LevelFrameId = 206)
[2014-07-16T10:32:16:940+00] [377.7 MB] Pre-caching render meshes for camera position
[2014-07-16T10:32:16:941+00] [377.7 MB] Updating level streaming priorities for 1 cameras (LevelFrameId = 207)
[2014-07-16T10:32:16:973+00] [377.7 MB] Pre-caching render meshes for camera position
[2014-07-16T10:32:16:987+00] [377.7 MB] Updating level streaming priorities for 1 cameras (LevelFrameId = 208)
[2014-07-16T10:32:16:999+00] [377.7 MB] Pre-caching render meshes for camera position
[2014-07-16T10:32:17:008+00] [377.7 MB] Updating level streaming priorities for 1 cameras (LevelFrameId = 209)
[2014-07-16T10:32:17:033+00] [377.7 MB] Pre-caching render meshes for camera position
[2014-07-16T10:32:17:053+00] [377.7 MB] Updating level streaming priorities for 1 cameras (LevelFrameId = 210)
[2014-07-16T10:32:17:066+00] [377.7 MB] Pre-caching render meshes for camera position
[2014-07-16T10:32:17:069+00] [377.7 MB] Updating level streaming priorities for 1 cameras (LevelFrameId = 211)
[2014-07-16T10:32:17:084+00] [377.7 MB] Pre-caching render meshes for camera position
[2014-07-16T10:32:17:096+00] [377.7 MB] Updating level streaming priorities for 1 cameras (LevelFrameId = 212)
[2014-07-16T10:32:17:115+00] [377.7 MB] Pre-caching render meshes for camera position
[2014-07-16T10:32:17:124+00] [377.7 MB] Updating level streaming priorities for 1 cameras (LevelFrameId = 213)
[2014-07-16T10:32:17:140+00] [377.7 MB] Pre-caching render meshes for camera position
[2014-07-16T10:32:17:148+00] [377.7 MB] Updating level streaming priorities for 1 cameras (LevelFrameId = 214)
[2014-07-16T10:32:17:165+00] [377.7 MB] Pre-caching render meshes for camera position
[2014-07-16T10:32:17:177+00] [377.7 MB] Updating level streaming priorities for 1 cameras (LevelFrameId = 215)
[2014-07-16T10:32:17:207+00] [377.7 MB] Pre-caching render meshes for camera position
[2014-07-16T10:32:17:215+00] [377.7 MB] Updating level streaming priorities for 1 cameras (LevelFrameId = 216)
[2014-07-16T10:32:17:225+00] [382.8 MB] Textures startup streaming finished in 4.8 sec
[2014-07-16T10:32:17:246+00] [382.6 MB] [ScreenManager] [10:32:17] Close screen: 'loading', frame 3171
[2014-07-16T10:32:17:249+00] [382.6 MB] [CFlowchartManager] Leaving state 'loading_lobby'
[2014-07-16T10:32:17:254+00] [382.6 MB] [CFlowchartManager] Entering state 'lobby'
[2014-07-16T10:32:17:257+00] [382.6 MB] [CUIBackgroundManager] Loading default background
[2014-07-16T10:32:17:272+00] [382.9 MB] [Error] File: d:\game\objects\characters\soldier\arms\soldier_arms_01\soldier_arms_01.chr opened when runtime file access is disabled (mode rb)
[2014-07-16T10:32:17:333+00] [382.9 MB] [Error] File: d:\game\objects\characters\soldier\arms\soldier_arms_01\soldier_arms_01.mtl opened when runtime file access is disabled (mode rb)
[2014-07-16T10:32:17:366+00] [382.9 MB] [Error] File: d:\game\objects\characters\soldier\arms\soldier_arms_01\textures\soldier_arms_01_diff.dds.0 opened when runtime file access is disabled (mode rb)
[2014-07-16T10:32:17:399+00] [382.9 MB] [Error] File: d:\game\objects\characters\soldier\arms\soldier_arms_01\textures\soldier_arms_01_ddn.dds.0 opened when runtime file access is disabled (mode rb)
[2014-07-16T10:32:17:406+00] [382.9 MB] [Error] File: d:\game\objects\characters\soldier\arms\soldier_arms_01\textures\soldier_arms_01_spec.dds.0 opened when runtime file access is disabled (mode rb)
[2014-07-16T10:32:17:449+00] [383.0 MB] [Error] File: d:\game\objects\characters\soldier\arms\soldier_arms_01\soldier_arms_01_hp.chr opened when runtime file access is disabled (mode rb)
[2014-07-16T10:32:17:616+00] [383.1 MB] [Error] File: d:\game\objects\characters\soldier\arms\soldier_arms_01\soldier_arms_01_fp.mtl opened when runtime file access is disabled (mode rb)
[2014-07-16T10:32:17:622+00] [383.1 MB] [Error] File: d:\game\objects\characters\soldier\arms\soldier_arms_01\textures\soldier_arms_01_fp_diff.dds.0 opened when runtime file access is disabled (mode rb)
[2014-07-16T10:32:17:673+00] [383.1 MB] [Error] File: d:\game\objects\characters\soldier\arms\soldier_arms_01\textures\soldier_arms_01_fp_ddn.dds.0 opened when runtime file access is disabled (mode rb)
[2014-07-16T10:32:17:681+00] [383.1 MB] [Error] File: d:\game\objects\characters\soldier\arms\soldier_arms_01\textures\soldier_arms_01_fp_spec.dds.0 opened when runtime file access is disabled (mode rb)
[2014-07-16T10:32:17:710+00] [383.1 MB] [Error] File: d:\game\objects\characters\shared\hands\shared_hands_05\shared_hands_05_hp.chr opened when runtime file access is disabled (mode rb)
[2014-07-16T10:32:17:766+00] [383.1 MB] [Error] File: d:\game\objects\characters\shared\hands\shared_hands_05\shared_hands_05_fp.mtl opened when runtime file access is disabled (mode rb)
[2014-07-16T10:32:17:768+00] [383.1 MB] [Error] File: d:\game\objects\characters\shared\hands\shared_hands_05\textures\shared_hands_05_fp_diff.dds.0 opened when runtime file access is disabled (mode rb)
[2014-07-16T10:32:17:772+00] [383.1 MB] [Error] File: d:\game\objects\characters\shared\hands\shared_hands_05\textures\shared_hands_05_fp_ddn.dds.0 opened when runtime file access is disabled (mode rb)
[2014-07-16T10:32:17:775+00] [383.1 MB] [Error] File: d:\game\objects\characters\shared\hands\shared_hands_05\textures\shared_hands_05_fp_spec.dds.0 opened when runtime file access is disabled (mode rb)
[2014-07-16T10:32:17:812+00] [383.2 MB] [Error] File: d:\game\objects\characters\shared\hands\shared_hands_05\shared_hands_05.chr opened when runtime file access is disabled (mode rb)
[2014-07-16T10:32:17:835+00] [383.2 MB] [Error] File: d:\game\objects\characters\shared\hands\shared_hands_05\shared_hands_05.mtl opened when runtime file access is disabled (mode rb)
[2014-07-16T10:32:17:837+00] [383.1 MB] [Error] File: d:\game\objects\characters\shared\hands\shared_hands_05\textures\shared_hands_05_diff.dds.0 opened when runtime file access is disabled (mode rb)
[2014-07-16T10:32:17:840+00] [383.1 MB] [Error] File: d:\game\objects\characters\shared\hands\shared_hands_05\textures\shared_hands_05_ddn.dds.0 opened when runtime file access is disabled (mode rb)
[2014-07-16T10:32:17:842+00] [383.1 MB] [Error] File: d:\game\objects\characters\shared\hands\shared_hands_05\textures\shared_hands_05_spec.dds.0 opened when runtime file access is disabled (mode rb)
[2014-07-16T10:32:17:871+00] [383.2 MB] [Error] File: d:\game\objects\characters\soldier\helmets\soldier_helmet_05\soldier_helmet_05.chr opened when runtime file access is disabled (mode rb)
[2014-07-16T10:32:17:923+00] [383.2 MB] [Warning] Fixing material name chunk with wrong endianness: Objects/Characters/soldier/helmets/soldier_helmet_05/soldier_helmet_05, objects/characters/soldier/helmets/soldier_helmet_05/soldier_helmet_05.chr
[2014-07-16T10:32:17:924+00] [383.2 MB] [Warning]  bSwapEndian=0, nSubMaterials=0x00000000, nPhysicalizeType=0x00100000, nFlags=0x01000000
[2014-07-16T10:32:17:926+00] [383.2 MB] [Error] File: d:\game\objects\characters\soldier\helmets\soldier_helmet_05\soldier_helmet_05.mtl opened when runtime file access is disabled (mode rb)
[2014-07-16T10:32:17:927+00] [383.2 MB] [Error] File: d:\game\objects\characters\soldier\helmets\soldier_helmet_05\textures\soldier_helmet_05_diff.dds.0 opened when runtime file access is disabled (mode rb)
[2014-07-16T10:32:17:929+00] [383.2 MB] [Error] File: d:\game\objects\characters\soldier\helmets\soldier_helmet_05\textures\soldier_helmet_05_ddn.dds.0 opened when runtime file access is disabled (mode rb)
[2014-07-16T10:32:17:932+00] [383.2 MB] [Error] File: d:\game\objects\characters\soldier\helmets\soldier_helmet_05\textures\soldier_helmet_05_spec.dds.0 opened when runtime file access is disabled (mode rb)
[2014-07-16T10:32:17:967+00] [383.3 MB] [Error] File: d:\game\objects\characters\soldier\jackets\soldier_jacket_01\soldier_jacket_01.chr opened when runtime file access is disabled (mode rb)
[2014-07-16T10:32:18:032+00] [383.3 MB] [Error] File: d:\game\objects\characters\soldier\jackets\soldier_jacket_01\soldier_jacket_01.mtl opened when runtime file access is disabled (mode rb)
[2014-07-16T10:32:18:034+00] [383.3 MB] [Error] File: d:\game\objects\characters\soldier\jackets\soldier_jacket_01\textures\soldier_jacket_01_diff.dds.0 opened when runtime file access is disabled (mode rb)
[2014-07-16T10:32:18:037+00] [383.3 MB] [Error] File: d:\game\objects\characters\soldier\jackets\soldier_jacket_01\textures\soldier_jacket_01_ddn.dds.0 opened when runtime file access is disabled (mode rb)
[2014-07-16T10:32:18:038+00] [383.3 MB] [Error] File: d:\game\objects\characters\soldier\jackets\soldier_jacket_01\textures\soldier_jacket_01_spec.dds.0 opened when runtime file access is disabled (mode rb)
[2014-07-16T10:32:18:077+00] [383.4 MB] [Error] File: d:\game\objects\characters\soldier\kneepads\soldier_kneepads_01\soldier_kneepads_01.chr opened when runtime file access is disabled (mode rb)
[2014-07-16T10:32:18:091+00] [383.4 MB] [Error] File: d:\game\objects\characters\soldier\kneepads\soldier_kneepads_01\soldier_kneepads_01.mtl opened when runtime file access is disabled (mode rb)
[2014-07-16T10:32:18:093+00] [383.4 MB] [Error] File: d:\game\objects\characters\soldier\kneepads\soldier_kneepads_01\textures\soldier_kneepads_01_diff.dds.0 opened when runtime file access is disabled (mode rb)
[2014-07-16T10:32:18:095+00] [383.4 MB] [Error] File: d:\game\objects\characters\soldier\kneepads\soldier_kneepads_01\textures\soldier_kneepads_01_ddn.dds.0 opened when runtime file access is disabled (mode rb)
[2014-07-16T10:32:18:097+00] [383.4 MB] [Error] File: d:\game\objects\characters\soldier\kneepads\soldier_kneepads_01\textures\soldier_kneepads_01_spec.dds.0 opened when runtime file access is disabled (mode rb)
[2014-07-16T10:32:18:120+00] [383.5 MB] [Error] File: d:\game\objects\characters\soldier\pants\soldier_pants_01\soldier_pants_01.chr opened when runtime file access is disabled (mode rb)
[2014-07-16T10:32:18:177+00] [383.5 MB] [Error] File: d:\game\objects\characters\soldier\pants\soldier_pants_01\soldier_pants_01.mtl opened when runtime file access is disabled (mode rb)
[2014-07-16T10:32:18:178+00] [383.5 MB] [Error] File: d:\game\objects\characters\soldier\pants\soldier_pants_01\textures\soldier_pants_01_diff.dds.0 opened when runtime file access is disabled (mode rb)
[2014-07-16T10:32:18:180+00] [383.5 MB] [Error] File: d:\game\objects\characters\soldier\pants\soldier_pants_01\textures\soldier_pants_01_ddn.dds.0 opened when runtime file access is disabled (mode rb)
[2014-07-16T10:32:18:182+00] [383.5 MB] [Error] File: d:\game\objects\characters\soldier\pants\soldier_pants_01\textures\soldier_pants_01_spec.dds.0 opened when runtime file access is disabled (mode rb)
[2014-07-16T10:32:18:214+00] [384.1 MB] [Error] File: d:\game\objects\characters\shared\shoes\shared_shoes_01\shared_shoes_01.chr opened when runtime file access is disabled (mode rb)
[2014-07-16T10:32:18:266+00] [384.1 MB] [Error] File: d:\game\objects\characters\shared\shoes\shared_shoes_01\shared_shoes_01.mtl opened when runtime file access is disabled (mode rb)
[2014-07-16T10:32:18:268+00] [384.1 MB] [Error] File: d:\game\objects\characters\shared\shoes\shared_shoes_01\textures\shared_shoes_01_diff.dds.0 opened when runtime file access is disabled (mode rb)
[2014-07-16T10:32:18:270+00] [384.1 MB] [Error] File: d:\game\objects\characters\shared\shoes\shared_shoes_01\textures\shared_shoes_01_ddn.dds.0 opened when runtime file access is disabled (mode rb)
[2014-07-16T10:32:18:272+00] [384.1 MB] [Error] File: d:\game\objects\characters\shared\shoes\shared_shoes_01\textures\shared_shoes_01_spec.dds.0 opened when runtime file access is disabled (mode rb)
[2014-07-16T10:32:18:293+00] [384.2 MB] [Error] File: d:\game\objects\characters\shared\vests\shared_vest_01\shared_vest_01.chr opened when runtime file access is disabled (mode rb)
[2014-07-16T10:32:18:320+00] [384.2 MB] [Warning] Fixing material name chunk with wrong endianness: Objects/Characters/shared/vests/shared_vest_01/shared_vest_01, objects/characters/shared/vests/shared_vest_01/shared_vest_01.chr
[2014-07-16T10:32:18:322+00] [384.2 MB] [Warning]  bSwapEndian=0, nSubMaterials=0x00000000, nPhysicalizeType=0x00100000, nFlags=0x01000000
[2014-07-16T10:32:18:324+00] [384.2 MB] [Error] File: d:\game\objects\characters\shared\vests\shared_vest_01\shared_vest_01.mtl opened when runtime file access is disabled (mode rb)
[2014-07-16T10:32:18:326+00] [384.2 MB] [Error] File: d:\game\objects\characters\shared\vests\shared_vest_01\textures\shared_vest_01_diff.dds.0 opened when runtime file access is disabled (mode rb)
[2014-07-16T10:32:18:354+00] [384.2 MB] [Error] File: d:\game\objects\characters\shared\vests\shared_vest_01\textures\shared_vest_01_ddn.dds.0 opened when runtime file access is disabled (mode rb)
[2014-07-16T10:32:18:357+00] [384.2 MB] [Error] File: d:\game\objects\characters\shared\vests\shared_vest_01\textures\shared_vest_01_spec.dds.0 opened when runtime file access is disabled (mode rb)
[2014-07-16T10:32:18:371+00] [384.2 MB] [Error] File: d:\game\objects\characters\shared\vests\shared_vest_01\textures\shared_vest_01_text_diff.dds.0 opened when runtime file access is disabled (mode rb)
[2014-07-16T10:32:18:373+00] [384.2 MB] [Error] File: d:\game\objects\characters\shared\vests\shared_vest_01\textures\shared_vest_01_text_spec.dds.0 opened when runtime file access is disabled (mode rb)
[2014-07-16T10:32:18:405+00] [384.3 MB] [SOUND] 402CF8A0->Blocking/CMusicSystem::GetTheme()
[2014-07-16T10:32:18:407+00] [384.3 MB] [SOUND] 402CF8A0->Blocking/CMusicSystem::GetMood()
[2014-07-16T10:32:18:408+00] [384.3 MB] [CUIBackgroundManager] Loading default background
[2014-07-16T10:32:18:446+00] [384.3 MB] [ScreenManager] Destroy screen: 'loading', frame 3171
[2014-07-16T10:32:18:480+00] [381.9 MB] [Error] <Flash> Missing font "Warface Condensed" in "_level0.instBL.instContentContainer.instContent.instLabel.instBase.textField". Search log:
   Searching for font: "Warface Condensed" 
      Movie resource: "Warface Condensed"  not found.
      Imports       : "Warface Condensed"  not found.
                    : "ColorController.swf", "shared_locfont.swf".
      Exported      : "Warface Condensed"  not found.
   Font not found. [libs/ui/360/controls/buttonlabel.gfx]
[2014-07-16T10:32:18:485+00] [381.9 MB] [Error] <Flash> Missing font "Warface Condensed" in "_level0.instBL.instContentContainer.instContent.instLabel.instTop.textField". Search log:
   Searching for font: "Warface Condensed" 
      Movie resource: "Warface Condensed"  not found.
      Imports       : "Warface Condensed"  not found.
                    : "ColorController.swf", "shared_locfont.swf".
      Exported      : "Warface Condensed"  not found.
   Font not found. [libs/ui/360/controls/buttonlabel.gfx]
[2014-07-16T10:32:18:560+00] [383.7 MB] [Error] <Flash> Missing font "Warface Condensed" in "_level0.instBL.instContentContainer.instContent.instLabel.instBase.textField". Search log:
   Searching for font: "Warface Condensed" 
      Movie resource: "Warface Condensed"  not found.
      Imports       : "Warface Condensed"  not found.
                    : "ColorController.swf", "shared_locfont.swf".
      Exported      : "Warface Condensed"  not found.
   Font not found. [libs/ui/360/controls/buttonlabel.gfx]
[2014-07-16T10:32:18:562+00] [383.7 MB] [Error] <Flash> Missing font "Warface Condensed" in "_level0.instBL.instContentContainer.instContent.instLabel.instTop.textField". Search log:
   Searching for font: "Warface Condensed" 
      Movie resource: "Warface Condensed"  not found.
      Imports       : "Warface Condensed"  not found.
                    : "ColorController.swf", "shared_locfont.swf".
      Exported      : "Warface Condensed"  not found.
   Font not found. [libs/ui/360/controls/buttonlabel.gfx]
[2014-07-16T10:32:18:587+00] [384.2 MB] [Error] <Flash> Missing font "Warface Condensed" in "_level0.instBL.instContentContainer.instContent.instLabel.instBase.textField". Search log:
   Searching for font: "Warface Condensed" 
      Movie resource: "Warface Condensed"  not found.
      Imports       : "Warface Condensed"  not found.
                    : "ColorController.swf", "shared_locfont.swf".
      Exported      : "Warface Condensed"  not found.
   Font not found. [libs/ui/360/controls/buttonlabel.gfx]
[2014-07-16T10:32:18:590+00] [384.2 MB] [Error] <Flash> Missing font "Warface Condensed" in "_level0.instBL.instContentContainer.instContent.instLabel.instTop.textField". Search log:
   Searching for font: "Warface Condensed" 
      Movie resource: "Warface Condensed"  not found.
      Imports       : "Warface Condensed"  not found.
                    : "ColorController.swf", "shared_locfont.swf".
      Exported      : "Warface Condensed"  not found.
   Font not found. [libs/ui/360/controls/buttonlabel.gfx]
[2014-07-16T10:32:18:623+00] [384.3 MB] CScreenManager::ResetCursorPosition() Calling OnResetCursor() on contract_progress
[2014-07-16T10:32:18:624+00] [384.3 MB] [ScreenManager] [10:32:18] Open screen: 'contract_progress' opened in 177 ms time, frame 3171
[2014-07-16T10:32:18:660+00] [384.7 MB] CScreenManager::ResetCursorPosition() Calling OnResetCursor() on rss_ticker
[2014-07-16T10:32:18:661+00] [384.7 MB] [ScreenManager] [10:32:18] Open screen: 'rss_ticker' opened in 35 ms time, frame 3171
[2014-07-16T10:32:18:673+00] [385.1 MB] [Error] <Flash> Missing font "Warface Condensed" in "_level0.instBL.instContentContainer.instContent.instLabel.instBase.textField". Search log:
   Searching for font: "Warface Condensed" 
      Movie resource: "Warface Condensed"  not found.
      Imports       : "Warface Condensed"  not found.
                    : "ColorController.swf", "shared_locfont.swf".
      Exported      : "Warface Condensed"  not found.
   Font not found. [libs/ui/360/controls/buttonlabel.gfx]
[2014-07-16T10:32:18:675+00] [385.1 MB] [Error] <Flash> Missing font "Warface Condensed" in "_level0.instBL.instContentContainer.instContent.instLabel.instTop.textField". Search log:
   Searching for font: "Warface Condensed" 
      Movie resource: "Warface Condensed"  not found.
      Imports       : "Warface Condensed"  not found.
                    : "ColorController.swf", "shared_locfont.swf".
      Exported      : "Warface Condensed"  not found.
   Font not found. [libs/ui/360/controls/buttonlabel.gfx]
[2014-07-16T10:32:18:701+00] [385.6 MB] [Error] <Flash> Missing font "Warface Condensed" in "_level0.instBL.instContentContainer.instContent.instLabel.instBase.textField". Search log:
   Searching for font: "Warface Condensed" 
      Movie resource: "Warface Condensed"  not found.
      Imports       : "Warface Condensed"  not found.
                    : "ColorController.swf", "shared_locfont.swf".
      Exported      : "Warface Condensed"  not found.
   Font not found. [libs/ui/360/controls/buttonlabel.gfx]
[2014-07-16T10:32:18:702+00] [385.6 MB] [Error] <Flash> Missing font "Warface Condensed" in "_level0.instBL.instContentContainer.instContent.instLabel.instTop.textField". Search log:
   Searching for font: "Warface Condensed" 
      Movie resource: "Warface Condensed"  not found.
      Imports       : "Warface Condensed"  not found.
                    : "ColorController.swf", "shared_locfont.swf".
      Exported      : "Warface Condensed"  not found.
   Font not found. [libs/ui/360/controls/buttonlabel.gfx]
[2014-07-16T10:32:18:728+00] [386.1 MB] [Error] <Flash> Missing font "Warface Condensed" in "_level0.instBL.instContentContainer.instContent.instLabel.instBase.textField". Search log:
   Searching for font: "Warface Condensed" 
      Movie resource: "Warface Condensed"  not found.
      Imports       : "Warface Condensed"  not found.
                    : "ColorController.swf", "shared_locfont.swf".
      Exported      : "Warface Condensed"  not found.
   Font not found. [libs/ui/360/controls/buttonlabel.gfx]
[2014-07-16T10:32:18:730+00] [386.1 MB] [Error] <Flash> Missing font "Warface Condensed" in "_level0.instBL.instContentContainer.instContent.instLabel.instTop.textField". Search log:
   Searching for font: "Warface Condensed" 
      Movie resource: "Warface Condensed"  not found.
      Imports       : "Warface Condensed"  not found.
                    : "ColorController.swf", "shared_locfont.swf".
      Exported      : "Warface Condensed"  not found.
   Font not found. [libs/ui/360/controls/buttonlabel.gfx]
[2014-07-16T10:32:18:761+00] [386.2 MB] CScreenManager::ResetCursorPosition() Calling OnResetCursor() on lobby_ingame_start
[2014-07-16T10:32:18:763+00] [386.2 MB] [ScreenManager] [10:32:18] Open screen: 'lobby_ingame_start' opened in 100 ms time, frame 3171
[2014-07-16T10:32:18:769+00] [386.3 MB] [Error] <Flash> Error: Can't find method '_level0.set_font_scale' to invoke. [libs/ui/360/controls/quickchatwheel.gfx]
[2014-07-16T10:32:18:780+00] [386.6 MB] [Error] File: d:\game\libs\icons\360\buttons_dpad_down.dds.0 opened when runtime file access is disabled (mode rb)
[2014-07-16T10:32:18:834+00] [386.6 MB] [Error] File: d:\game\libs\icons\360\buttons_dpad_right.dds.0 opened when runtime file access is disabled (mode rb)
[2014-07-16T10:32:18:849+00] [386.7 MB] CScreenManager::ResetCursorPosition() Calling OnResetCursor() on vo_quick_chat
[2014-07-16T10:32:18:850+00] [386.7 MB] [ScreenManager] [10:32:18] Open screen: 'vo_quick_chat' opened in 86 ms time, frame 3171
[2014-07-16T10:32:18:884+00] [387.5 MB] [Error] <Flash> Error: Can't find method '_level0.set_size' to invoke. [libs/ui/360/controls/creditspinner.gfx]
[2014-07-16T10:32:18:885+00] [387.5 MB] [Error] <Flash> Error: Can't find method '_level0.set_font_scale' to invoke. [libs/ui/360/controls/creditspinner.gfx]
[2014-07-16T10:32:18:886+00] [387.5 MB] [Error] <Flash> Error: Can't find method '_level0.enable' to invoke. [libs/ui/360/controls/creditspinner.gfx]
[2014-07-16T10:32:18:897+00] [387.9 MB] [Error] <Flash> Missing font "Warface Condensed" in "_level0.instBL.instContentContainer.instContent.instLabel.instBase.textField". Search log:
   Searching for font: "Warface Condensed" 
      Movie resource: "Warface Condensed"  not found.
      Imports       : "Warface Condensed"  not found.
                    : "ColorController.swf", "shared_locfont.swf".
      Exported      : "Warface Condensed"  not found.
   Font not found. [libs/ui/360/controls/buttonlabel.gfx]
[2014-07-16T10:32:18:899+00] [387.9 MB] [Error] <Flash> Missing font "Warface Condensed" in "_level0.instBL.instContentContainer.instContent.instLabel.instTop.textField". Search log:
   Searching for font: "Warface Condensed" 
      Movie resource: "Warface Condensed"  not found.
      Imports       : "Warface Condensed"  not found.
                    : "ColorController.swf", "shared_locfont.swf".
      Exported      : "Warface Condensed"  not found.
   Font not found. [libs/ui/360/controls/buttonlabel.gfx]
[2014-07-16T10:32:18:944+00] [388.7 MB] [Error] <Flash> Error: Can't find method '_level0.set_size' to invoke. [libs/ui/360/controls/creditspinner.gfx]
[2014-07-16T10:32:18:951+00] [388.7 MB] CScreenManager::ResetCursorPosition() Calling OnResetCursor() on lobby_status_bar
[2014-07-16T10:32:18:952+00] [388.7 MB] [ScreenManager] [10:32:18] Open screen: 'lobby_status_bar' opened in 99 ms time, frame 3171
[2014-07-16T10:32:19:011+00] [389.7 MB] [Error] File: d:\game\libs\icons\360\entry_images_options.dds.0 opened when runtime file access is disabled (mode rb)
[2014-07-16T10:32:19:041+00] [389.7 MB] [Error] File: d:\game\libs\icons\360\entry_images_options.dds.0 opened when runtime file access is disabled (mode rb)
[2014-07-16T10:32:19:182+00] [392.9 MB] [Error] File: d:\game\libs\icons\360\saleicon.dds.0 opened when runtime file access is disabled (mode rb)
[2014-07-16T10:32:19:214+00] [392.9 MB] [Error] File: d:\game\libs\icons\360\saleicon.dds.0 opened when runtime file access is disabled (mode rb)
[2014-07-16T10:32:19:222+00] [392.9 MB] [Error] File: d:\game\libs\icons\360\saleicon.dds.0 opened when runtime file access is disabled (mode rb)
[2014-07-16T10:32:19:231+00] [393.1 MB] [Error] File: d:\game\libs\icons\360\hoticon.dds.0 opened when runtime file access is disabled (mode rb)
[2014-07-16T10:32:19:286+00] [393.1 MB] [Error] File: d:\game\libs\icons\360\hoticon.dds.0 opened when runtime file access is disabled (mode rb)
[2014-07-16T10:32:19:289+00] [393.1 MB] [Error] File: d:\game\libs\icons\360\hoticon.dds.0 opened when runtime file access is disabled (mode rb)
[2014-07-16T10:32:19:298+00] [393.4 MB] [Error] File: d:\game\libs\icons\360\newicon.dds.0 opened when runtime file access is disabled (mode rb)
[2014-07-16T10:32:19:369+00] [393.4 MB] [Error] File: d:\game\libs\icons\360\newicon.dds.0 opened when runtime file access is disabled (mode rb)
[2014-07-16T10:32:19:373+00] [393.4 MB] [Error] File: d:\game\libs\icons\360\newicon.dds.0 opened when runtime file access is disabled (mode rb)
[2014-07-16T10:32:19:382+00] [393.6 MB] [Error] File: d:\game\libs\icons\360\entry_images6.dds.0 opened when runtime file access is disabled (mode rb)
[2014-07-16T10:32:19:439+00] [393.6 MB] [Error] File: d:\game\libs\icons\360\entry_images6.dds.0 opened when runtime file access is disabled (mode rb)
[2014-07-16T10:32:19:501+00] [394.7 MB] [Error] File: d:\game\libs\icons\360\entry_images1.dds.0 opened when runtime file access is disabled (mode rb)
[2014-07-16T10:32:19:513+00] [394.7 MB] [Error] File: d:\game\libs\icons\360\entry_images1.dds.0 opened when runtime file access is disabled (mode rb)
[2014-07-16T10:32:19:582+00] [396.4 MB] [Warning] [RSS/DataFeed] Unable to set callback, previous callback still active
[2014-07-16T10:32:19:585+00] [396.4 MB] [Warning] [CScreen] Control 'frame' already exists in screen 'landing'
[2014-07-16T10:32:19:597+00] [396.7 MB] [Error] File: d:\game\libs\icons\360\buttons_dpad_down.dds.0 opened when runtime file access is disabled (mode rb)
[2014-07-16T10:32:19:638+00] [396.7 MB] [Error] File: d:\game\libs\icons\360\buttons_dpad_right.dds.0 opened when runtime file access is disabled (mode rb)
[2014-07-16T10:32:19:659+00] [396.9 MB] [Error] File: d:\game\libs\icons\360\buttons_dpad_down.dds.0 opened when runtime file access is disabled (mode rb)
[2014-07-16T10:32:19:661+00] [396.9 MB] [Error] File: d:\game\libs\icons\360\buttons_dpad_right.dds.0 opened when runtime file access is disabled (mode rb)
[2014-07-16T10:32:19:672+00] [397.1 MB] [Warning] [CScreen] Control 'VendorIcon1' already exists in screen 'landing'
[2014-07-16T10:32:19:683+00] [397.4 MB] [Error] File: d:\game\libs\icons\360\buttons_dpad_down.dds.0 opened when runtime file access is disabled (mode rb)
[2014-07-16T10:32:19:721+00] [397.4 MB] [Error] File: d:\game\libs\icons\360\buttons_dpad_right.dds.0 opened when runtime file access is disabled (mode rb)
[2014-07-16T10:32:19:732+00] [397.6 MB] [Warning] [CScreen] Control 'txt1' already exists in screen 'landing'
[2014-07-16T10:32:19:742+00] [397.8 MB] [Error] File: d:\game\libs\icons\360\buttons_dpad_down.dds.0 opened when runtime file access is disabled (mode rb)
[2014-07-16T10:32:19:745+00] [397.8 MB] [Error] File: d:\game\libs\icons\360\buttons_dpad_right.dds.0 opened when runtime file access is disabled (mode rb)
[2014-07-16T10:32:19:755+00] [397.8 MB] [Warning] [CScreen] Control 'txt1' already exists in screen 'landing'
[2014-07-16T10:32:19:757+00] [397.8 MB] [Warning] [CScreen] Control 'VendorIcon1' already exists in screen 'landing'
[2014-07-16T10:32:19:875+00] [399.6 MB] [Warning] [CScreen] Control '' already exists in screen 'landing'
[2014-07-16T10:32:19:889+00] [399.8 MB] [Warning] [CScreen] Control '' already exists in screen 'landing'
[2014-07-16T10:32:19:925+00] [400.4 MB] [Warning] [CScreen] Control '' already exists in screen 'landing'
[2014-07-16T10:32:19:962+00] [401.1 MB] [Warning] [CScreen] Control '' already exists in screen 'landing'
[2014-07-16T10:32:19:998+00] [401.7 MB] [Error] File: d:\game\libs\icons\360\entry_images3.dds.0 opened when runtime file access is disabled (mode rb)
[2014-07-16T10:32:20:037+00] [401.7 MB] [Error] File: d:\game\libs\icons\360\entry_images3.dds.0 opened when runtime file access is disabled (mode rb)
[2014-07-16T10:32:20:101+00] [402.8 MB] [Error] File: d:\game\libs\icons\360\entry_images_extras.dds.0 opened when runtime file access is disabled (mode rb)
[2014-07-16T10:32:20:107+00] [402.8 MB] [Error] File: d:\game\libs\icons\360\entry_images_extras.dds.0 opened when runtime file access is disabled (mode rb)
[2014-07-16T10:32:20:131+00] [402.9 MB] [Error] File: d:\game\libs\icons\360\bundle_vip.dds.0 opened when runtime file access is disabled (mode rb)
[2014-07-16T10:32:20:251+00] [402.9 MB] [CUIBackgroundManager] Loading background type 'default' for screen 'landing' and state 'lobby'
[2014-07-16T10:32:20:252+00] [402.9 MB] CScreenManager::ResetCursorPosition() Calling OnResetCursor() on landing
[2014-07-16T10:32:20:253+00] [402.9 MB] [ScreenManager] [10:32:20] Open screen: 'landing' opened in 1293 ms time, frame 3171
[2014-07-16T10:32:20:255+00] [402.9 MB] CScreenManager::ResetCursorPosition() Calling OnResetCursor() on landing
[2014-07-16T10:32:20:270+00] [403.6 MB] [Error] <Flash> Error: CallMethod - 'setImageSubstitutions' on invalid object. [libs/ui/360/controls/messagechallenge.gfx]
[2014-07-16T10:32:20:271+00] [403.6 MB] [Error] <Flash> Error: CallMethod - 'setImageSubstitutions' on invalid object. [libs/ui/360/controls/messagechallenge.gfx]
[2014-07-16T10:32:20:272+00] [403.6 MB] [Error] <Flash> Error: CallMethod - 'setImageSubstitutions' on invalid object. [libs/ui/360/controls/messagechallenge.gfx]
[2014-07-16T10:32:20:274+00] [403.6 MB] [Error] <Flash> Error: CallMethod - 'setImageSubstitutions' on invalid object. [libs/ui/360/controls/messagechallenge.gfx]
[2014-07-16T10:32:20:275+00] [403.6 MB] [Error] <Flash> Error: CallMethod - 'setImageSubstitutions' on invalid object. [libs/ui/360/controls/messagechallenge.gfx]
[2014-07-16T10:32:20:276+00] [403.6 MB] [Error] <Flash> Error: CallMethod - 'setImageSubstitutions' on invalid object. [libs/ui/360/controls/messagechallenge.gfx]
[2014-07-16T10:32:20:278+00] [403.6 MB] [Error] <Flash> Error: CallMethod - 'setImageSubstitutions' on invalid object. [libs/ui/360/controls/messagechallenge.gfx]
[2014-07-16T10:32:20:279+00] [403.6 MB] [Error] <Flash> Error: CallMethod - 'setImageSubstitutions' on invalid object. [libs/ui/360/controls/messagechallenge.gfx]
[2014-07-16T10:32:20:280+00] [403.6 MB] [Error] <Flash> Error: CallMethod - 'setImageSubstitutions' on invalid object. [libs/ui/360/controls/messagechallenge.gfx]
[2014-07-16T10:32:20:281+00] [403.6 MB] [Error] File: d:\game\libs\icons\360\buttons_dpad_down.dds.0 opened when runtime file access is disabled (mode rb)
[2014-07-16T10:32:20:283+00] [403.6 MB] [Error] <Flash> Error: CallMethod - 'setImageSubstitutions' on invalid object. [libs/ui/360/controls/messagechallenge.gfx]
[2014-07-16T10:32:20:285+00] [403.6 MB] [Error] <Flash> Error: CallMethod - 'setImageSubstitutions' on invalid object. [libs/ui/360/controls/messagechallenge.gfx]
[2014-07-16T10:32:20:286+00] [403.6 MB] [Error] File: d:\game\libs\icons\360\buttons_dpad_right.dds.0 opened when runtime file access is disabled (mode rb)
[2014-07-16T10:32:20:287+00] [403.6 MB] [Error] <Flash> Error: CallMethod - 'setImageSubstitutions' on invalid object. [libs/ui/360/controls/messagechallenge.gfx]
[2014-07-16T10:32:20:289+00] [403.6 MB] [Error] <Flash> Error: CallMethod - 'setImageSubstitutions' on invalid object. [libs/ui/360/controls/messagechallenge.gfx]
[2014-07-16T10:32:20:291+00] [403.6 MB] [Error] <Flash> Error: CallMethod - 'setImageSubstitutions' on invalid object. [libs/ui/360/controls/messagechallenge.gfx]
[2014-07-16T10:32:20:292+00] [403.6 MB] [Error] <Flash> Error: CallMethod - 'setImageSubstitutions' on invalid object. [libs/ui/360/controls/messagechallenge.gfx]
[2014-07-16T10:32:20:293+00] [403.6 MB] [Error] <Flash> Error: CallMethod - 'setImageSubstitutions' on invalid object. [libs/ui/360/controls/messagechallenge.gfx]
[2014-07-16T10:32:20:295+00] [403.6 MB] [Error] <Flash> Error: CallMethod - 'setImageSubstitutions' on invalid object. [libs/ui/360/controls/messagechallenge.gfx]
[2014-07-16T10:32:20:297+00] [403.6 MB] [Error] <Flash> Error: CallMethod - 'setImageSubstitutions' on invalid object. [libs/ui/360/controls/messagechallenge.gfx]
[2014-07-16T10:32:20:299+00] [403.6 MB] [Error] <Flash> Error: CallMethod - 'setImageSubstitutions' on invalid object. [libs/ui/360/controls/messagechallenge.gfx]
[2014-07-16T10:32:20:301+00] [403.6 MB] [Error] <Flash> Error: CallMethod - 'setImageSubstitutions' on invalid object. [libs/ui/360/controls/messagechallenge.gfx]
[2014-07-16T10:32:20:302+00] [403.6 MB] [Error] <Flash> Error: CallMethod - 'setImageSubstitutions' on invalid object. [libs/ui/360/controls/messagechallenge.gfx]
[2014-07-16T10:32:20:304+00] [403.6 MB] [Error] <Flash> Error: CallMethod - 'setImageSubstitutions' on invalid object. [libs/ui/360/controls/messagechallenge.gfx]
[2014-07-16T10:32:20:308+00] [403.6 MB] CScreenManager::ResetCursorPosition() Calling OnResetCursor() on achievements_notifier
[2014-07-16T10:32:20:309+00] [403.6 MB] [ScreenManager] [10:32:20] Open screen: 'achievements_notifier' opened in 53 ms time, frame 3171
[2014-07-16T10:32:20:311+00] [403.6 MB] [SOUND] 402CF8A0->Blocking/CMusicSystem::GetTheme()
[2014-07-16T10:32:20:312+00] [403.6 MB] [SOUND] 402CF8A0->Blocking/CMusicSystem::GetMood()
[2014-07-16T10:32:20:313+00] [403.6 MB] [Rich Presence] SetRichPresence 2 userIndex 0
[2014-07-16T10:32:20:314+00] [403.6 MB] [Rich Presence] SetRichPresence - Rich presence has been successfully started
[2014-07-16T10:32:20:315+00] [403.6 MB] [IMemoryFileSystem] Dumping files - before save
[2014-07-16T10:32:20:317+00] [403.6 MB] [0] %USER%/Profiles/profile.xml, Clean
[2014-07-16T10:32:20:318+00] [403.6 MB] [0] %USER%/Profiles/QueryCache/items.xml, Clean
[2014-07-16T10:32:20:319+00] [403.6 MB] [0] %USER%/Profiles/QueryCache/persistent_settings_get.xml, Clean
[2014-07-16T10:32:20:320+00] [403.6 MB] [0] %USER%/Profiles/QueryCache/shop_get_offers.xml, Clean
[2014-07-16T10:32:20:321+00] [403.6 MB] [0] %USER%/Profiles/QueryCache/RandomBox.xml, Clean
[2014-07-16T10:32:20:322+00] [403.6 MB] [CSaveWriter_Memory:0] "%USER%/Profiles/profile.xml" opened for write
[2014-07-16T10:32:20:323+00] [403.6 MB] [IMemoryFileSystem] Dumping files - after save
[2014-07-16T10:32:20:324+00] [403.6 MB] [0] %USER%/Profiles/profile.xml, Clean
[2014-07-16T10:32:20:325+00] [403.6 MB] [0] %USER%/Profiles/QueryCache/items.xml, Clean
[2014-07-16T10:32:20:326+00] [403.6 MB] [0] %USER%/Profiles/QueryCache/persistent_settings_get.xml, Clean
[2014-07-16T10:32:20:328+00] [403.6 MB] [0] %USER%/Profiles/QueryCache/shop_get_offers.xml, Clean
[2014-07-16T10:32:20:329+00] [403.6 MB] [0] %USER%/Profiles/QueryCache/RandomBox.xml, Clean
[2014-07-16T10:32:20:341+00] [403.6 MB] Average block size: 38 KB, Average throughput: 4.8 MB/sec, Jobs processed: 623 (23.2 MB), File IO Bandwidth: 2.64MB/s
[2014-07-16T10:32:20:369+00] [403.6 MB] [net ] CNetwork::UpdateTick() stall detected, socket manager poll waitTime=65, actionsTime=0
[2014-07-16T10:32:20:370+00] [403.6 MB] [net ] CNetwork::UpdateTick() stall detected, socket manager poll waitTime=65, actionsTime=0
[2014-07-16T10:32:20:424+00] [403.6 MB] [net ] CNetwork::UpdateTick() stall detected, socket manager poll waitTime=65, actionsTime=0
[2014-07-16T10:32:20:427+00] [403.6 MB] [net ] CNetwork::UpdateTick() stall detected, socket manager poll waitTime=65, actionsTime=0
[2014-07-16T10:32:20:429+00] [403.6 MB] [net ] CNetwork::UpdateTick() stall detected, socket manager poll waitTime=65, actionsTime=0
[2014-07-16T10:32:20:431+00] [403.6 MB] [net ] CNetwork::UpdateTick() stall detected, socket manager poll waitTime=66, actionsTime=0
[2014-07-16T10:32:20:433+00] [403.6 MB] [net ] CNetwork::UpdateTick() stall detected, socket manager poll waitTime=66, actionsTime=0
[2014-07-16T10:32:20:435+00] [403.6 MB] [net ] CNetwork::UpdateTick() stall detected, socket manager poll waitTime=64, actionsTime=0
[2014-07-16T10:32:20:437+00] [403.6 MB] [net ] CNetwork::UpdateTick() stall detected, socket manager poll waitTime=66, actionsTime=0
[2014-07-16T10:32:20:468+00] [403.6 MB] [net ] CNetwork::UpdateTick() stall detected, socket manager poll waitTime=65, actionsTime=0
[2014-07-16T10:32:20:481+00] [403.6 MB] [net ] CNetwork::UpdateTick() stall detected, socket manager poll waitTime=66, actionsTime=0
[2014-07-16T10:32:20:483+00] [403.6 MB] [net ] CNetwork::UpdateTick() stall detected, socket manager poll waitTime=65, actionsTime=0
[2014-07-16T10:32:20:484+00] [403.6 MB] [net ] CNetwork::UpdateTick() stall detected, socket manager poll waitTime=65, actionsTime=0
[2014-07-16T10:32:20:485+00] [403.6 MB] [net ] CNetwork::UpdateTick() stall detected, socket manager poll waitTime=65, actionsTime=0
[2014-07-16T10:32:20:487+00] [403.6 MB] [net ] CNetwork::UpdateTick() stall detected, socket manager poll waitTime=66, actionsTime=0
[2014-07-16T10:32:20:504+00] [403.6 MB] [net ] CNetwork::UpdateTick() stall detected, socket manager poll waitTime=66, actionsTime=0
[2014-07-16T10:32:20:505+00] [403.6 MB] [net ] CNetwork::UpdateTick() stall detected, socket manager poll waitTime=65, actionsTime=0
[2014-07-16T10:32:20:506+00] [403.6 MB] [net ] CNetwork::UpdateTick() stall detected, socket manager poll waitTime=66, actionsTime=0
[2014-07-16T10:32:20:507+00] [403.6 MB] [net ] CNetwork::UpdateTick() stall detected, socket manager poll waitTime=65, actionsTime=0
[2014-07-16T10:32:20:508+00] [403.6 MB] [net ] CNetwork::UpdateTick() stall detected, socket manager poll waitTime=65, actionsTime=0
[2014-07-16T10:32:20:509+00] [403.6 MB] [net ] CNetwork::UpdateTick() stall detected, socket manager poll waitTime=66, actionsTime=0
[2014-07-16T10:32:20:511+00] [403.6 MB] [net ] CNetwork::UpdateTick() stall detected, socket manager poll waitTime=66, actionsTime=0
[2014-07-16T10:32:20:512+00] [403.6 MB] [net ] CNetwork::UpdateTick() stall detected, socket manager poll waitTime=65, actionsTime=0
[2014-07-16T10:32:20:513+00] [403.6 MB] [net ] CNetwork::UpdateTick() stall detected, socket manager poll waitTime=66, actionsTime=0
[2014-07-16T10:32:20:514+00] [403.6 MB] [net ] CNetwork::UpdateTick() stall detected, socket manager poll waitTime=66, actionsTime=0
[2014-07-16T10:32:20:515+00] [403.6 MB] [net ] CNetwork::UpdateTick() stall detected, socket manager poll waitTime=65, actionsTime=0
[2014-07-16T10:32:20:516+00] [403.6 MB] [net ] CNetwork::UpdateTick() stall detected, socket manager poll waitTime=65, actionsTime=0
[2014-07-16T10:32:20:517+00] [403.6 MB] [net ] CNetwork::UpdateTick() stall detected, socket manager poll waitTime=64, actionsTime=0
[2014-07-16T10:32:20:518+00] [403.6 MB] [net ] CNetwork::UpdateTick() stall detected, socket manager poll waitTime=66, actionsTime=0
[2014-07-16T10:32:20:519+00] [403.6 MB] [net ] CNetwork::UpdateTick() stall detected, socket manager poll waitTime=66, actionsTime=0
[2014-07-16T10:32:20:525+00] [403.6 MB] [net ] CNetwork::UpdateTick() stall detected, socket manager poll waitTime=66, actionsTime=0
[2014-07-16T10:32:20:526+00] [403.6 MB] [net ] CNetwork::UpdateTick() stall detected, socket manager poll waitTime=65, actionsTime=0
[2014-07-16T10:32:20:527+00] [403.6 MB] [net ] CNetwork::UpdateTick() stall detected, socket manager poll waitTime=65, actionsTime=0
[2014-07-16T10:32:20:528+00] [403.6 MB] [net ] CNetwork::UpdateTick() stall detected, socket manager poll waitTime=64, actionsTime=0
[2014-07-16T10:32:20:531+00] [403.6 MB] [net ] CNetwork::UpdateTick() stall detected, socket manager poll waitTime=66, actionsTime=0
[2014-07-16T10:32:20:532+00] [403.6 MB] [net ] CNetwork::UpdateTick() stall detected, socket manager poll waitTime=66, actionsTime=0
[2014-07-16T10:32:20:533+00] [403.6 MB] [net ] CNetwork::UpdateTick() stall detected, socket manager poll waitTime=66, actionsTime=0
[2014-07-16T10:32:20:534+00] [403.6 MB] [net ] CNetwork::UpdateTick() stall detected, socket manager poll waitTime=65, actionsTime=0
[2014-07-16T10:32:20:535+00] [403.6 MB] [net ] CNetwork::UpdateTick() stall detected, socket manager poll waitTime=65, actionsTime=0
[2014-07-16T10:32:20:536+00] [403.6 MB] [net ] CNetwork::UpdateTick() stall detected, socket manager poll waitTime=64, actionsTime=0
[2014-07-16T10:32:20:586+00] [403.6 MB] [net ] CNetwork::UpdateTick() stall detected, socket manager poll waitTime=66, actionsTime=0
[2014-07-16T10:32:20:588+00] [403.6 MB] [net ] CNetwork::UpdateTick() stall detected, socket manager poll waitTime=66, actionsTime=0
[2014-07-16T10:32:20:589+00] [403.6 MB] [net ] CNetwork::UpdateTick() stall detected, socket manager poll waitTime=65, actionsTime=0
[2014-07-16T10:32:20:590+00] [403.6 MB] [net ] CNetwork::UpdateTick() stall detected, socket manager poll waitTime=65, actionsTime=0
[2014-07-16T10:32:20:591+00] [403.6 MB] [net ] CNetwork::UpdateTick() stall detected, socket manager poll waitTime=66, actionsTime=0
[2014-07-16T10:32:20:592+00] [403.6 MB] [net ] CNetwork::UpdateTick() stall detected, socket manager poll waitTime=66, actionsTime=0
[2014-07-16T10:32:20:593+00] [403.6 MB] [net ] CNetwork::UpdateTick() stall detected, socket manager poll waitTime=65, actionsTime=0
[2014-07-16T10:32:20:594+00] [403.6 MB] [net ] CNetwork::SyncWithGame() took a long time [224], lock=[0], normal=[224], lobby=[0], gotLobbyLock=true
[2014-07-16T10:32:20:601+00] [404.0 MB] [Warning] CHandsPose::GetAnimFrame: hands poses animation ik_aim_pose_ar01 is a streamed asset
[2014-07-16T10:32:20:630+00] [404.0 MB] [net ] CNetwork::UpdateTick() stall detected, socket manager poll waitTime=66, actionsTime=0
[2014-07-16T10:32:20:637+00] [404.0 MB] [net ] CCryLobby::TimerCallback() long frame detected, lastFrameTime=324
[2014-07-16T10:32:20:640+00] [404.1 MB] [Rich Presence] SetRichPresenceCallback - Rich presence succeeded with error code 0
[2014-07-16T10:32:20:642+00] [404.1 MB] [Rich Presence] successfully set rich presence
[2014-07-16T10:32:20:644+00] [404.1 MB] [Rich Presence] setting current rich presence
[2014-07-16T10:32:20:652+00] [404.1 MB] [SOUND] 402F8880->Blocking/CSoundSystem::CreateListener()
[2014-07-16T10:32:20:663+00] [404.2 MB] Pre-caching render meshes for camera position
[2014-07-16T10:32:20:685+00] [404.2 MB] Updating level streaming priorities for 2 cameras (LevelFrameId = 217)
[2014-07-16T10:32:20:788+00] [403.6 MB] [CPlatformOS_Xenon::SaveDirtyFiles] Saving dirty files for user 0
[2014-07-16T10:32:20:790+00] [403.6 MB] [CXenonFile] "%USER%/Profiles/profile.xml" (cry0:\profile.xml) opened for write
[2014-07-16T10:32:20:793+00] [403.6 MB] [CXenonFile] "~~xenon~filemap~~" (cry0:\~~xenon~filemap~~) opened for write
[2014-07-16T10:32:20:795+00] [403.6 MB] [IMemoryFileSystem] Dumping files - FindFirst
[2014-07-16T10:32:20:797+00] [403.6 MB] [0] %USER%/Profiles/profile.xml, Clean
[2014-07-16T10:32:20:799+00] [403.6 MB] [0] %USER%/Profiles/QueryCache/items.xml, Clean
[2014-07-16T10:32:20:801+00] [403.6 MB] [0] %USER%/Profiles/QueryCache/persistent_settings_get.xml, Clean
[2014-07-16T10:32:20:802+00] [403.6 MB] [0] %USER%/Profiles/QueryCache/shop_get_offers.xml, Clean
[2014-07-16T10:32:20:803+00] [403.6 MB] [0] %USER%/Profiles/QueryCache/RandomBox.xml, Clean
[2014-07-16T10:32:20:806+00] [410.8 MB] [net ] CNetwork::UpdateTick() stall detected, socket manager poll waitTime=65, actionsTime=0
[2014-07-16T10:32:20:808+00] [410.8 MB] [net ] CNetwork::UpdateTick() stall detected, socket manager poll waitTime=65, actionsTime=0
[2014-07-16T10:32:20:810+00] [412.5 MB] Xeae853fc6IDIGQ$o renamed to 2535285332412694
[2014-07-16T10:32:21:229+00] [412.6 MB] CryLiveReward: batching reward 6 for user 0; total 1
[2014-07-16T10:32:21:230+00] [412.6 MB] CryLiveReward: batching reward 7 for user 0; total 2
[2014-07-16T10:32:21:233+00] [412.6 MB] CryLiveReward: batching reward 8 for user 0; total 3
[2014-07-16T10:32:21:236+00] [413.4 MB] [net ] CNetwork::UpdateTick() stall detected, socket manager poll waitTime=66, actionsTime=0
[2014-07-16T10:32:21:237+00] [413.4 MB] [net ] CNetwork::UpdateTick() stall detected, socket manager poll waitTime=65, actionsTime=0
[2014-07-16T10:32:21:239+00] [413.4 MB] [net ] CNetwork::UpdateTick() stall detected, socket manager poll waitTime=66, actionsTime=0
[2014-07-16T10:32:21:242+00] [413.4 MB] [net ] CNetwork::UpdateTick() stall detected, socket manager poll waitTime=65, actionsTime=0
[2014-07-16T10:32:21:245+00] [413.4 MB] [net ] CNetwork::UpdateTick() stall detected, socket manager poll waitTime=65, actionsTime=0
[2014-07-16T10:32:21:250+00] [413.4 MB] [net ] CNetwork::UpdateTick() stall detected, socket manager poll waitTime=65, actionsTime=0
[2014-07-16T10:32:21:301+00] [413.5 MB] OnUpdateContracts received
[2014-07-16T10:32:21:305+00] [413.5 MB] ProfileContract
[2014-07-16T10:32:21:317+00] [413.5 MB] pid:      [606]
[2014-07-16T10:32:21:318+00] [413.5 MB] rotation: [5]
[2014-07-16T10:32:21:319+00] [413.5 MB] name:     []
[2014-07-16T10:32:21:320+00] [413.5 MB] current:  [0]
[2014-07-16T10:32:21:322+00] [413.5 MB] progress: [0]
[2014-07-16T10:32:21:323+00] [413.5 MB] total:    [0]
[2014-07-16T10:32:21:326+00] [413.5 MB] sec left: [48509]
[2014-07-16T10:32:21:329+00] [413.5 MB] status:   [0]
[2014-07-16T10:32:21:341+00] [413.5 MB] [net ] CNetwork::UpdateTick() stall detected, socket manager poll waitTime=67, actionsTime=0
[2014-07-16T10:32:21:367+00] [413.7 MB] Achievements sent
[2014-07-16T10:32:21:385+00] [413.7 MB] [CNotificationConsoleClient] Pending notifications updated succesfully
[2014-07-16T10:32:21:496+00] [415.2 MB] CScreenManager::ResetCursorPosition() Calling OnResetCursor() on messagebox
[2014-07-16T10:32:21:515+00] [415.2 MB] [ScreenManager] [10:32:21] Open screen: 'messagebox' opened in 119 ms time, frame 3175
[2014-07-16T10:32:21:520+00] [415.2 MB] [net ] CNetwork::UpdateTick() stall detected, socket manager poll waitTime=65, actionsTime=0
[2014-07-16T10:32:21:521+00] [415.2 MB] [net ] CNetwork::UpdateTick() stall detected, socket manager poll waitTime=65, actionsTime=0
[2014-07-16T10:32:21:553+00] [415.2 MB] [net ] CNetwork::UpdateTick() stall detected, socket manager poll waitTime=65, actionsTime=0
[2014-07-16T10:32:21:870+00] [415.3 MB] === Precaching render data for cutscene: 5th_Target3_raise ===
[2014-07-16T10:32:21:878+00] [415.3 MB] === Precaching render data for cutscene: 5th_Target2_raise ===
[2014-07-16T10:32:21:881+00] [415.3 MB] === Precaching render data for cutscene: 5th_Target1_raise ===
[2014-07-16T10:32:25:732+00] [420.4 MB] [net ] [Lobby] StartFriendsGetFriendsList result 0
[2014-07-16T10:32:25:852+00] [420.4 MB] [net ] CNetwork::SyncWithGame() took a long time [120], lock=[0], normal=[120], lobby=[0], gotLobbyLock=true
[2014-07-16T10:32:25:870+00] [420.4 MB] [net ] CNetwork::UpdateTick() stall detected, socket manager poll waitTime=66, actionsTime=0
[2014-07-16T10:32:30:783+00] [420.4 MB] [net ] [Lobby] StartFriendsGetFriendsList result 0
[2014-07-16T10:32:32:044+00] [420.4 MB] === Precaching render data for cutscene: 5th_Target1_raise ===
[2014-07-16T10:32:33:057+00] [420.4 MB] === Precaching render data for cutscene: 5th_Target2_raise ===
[2014-07-16T10:32:34:071+00] [420.4 MB] === Precaching render data for cutscene: 5th_Target3_raise ===
[2014-07-16T10:32:36:935+00] [420.4 MB] [Online profile] Profile data successfully saved
[2014-07-16T10:32:36:949+00] [420.7 MB] [Error] <Flash> Missing font "Warface Condensed" in "_level0.instBL.instContentContainer.instContent.instLabel.instBase.textField". Search log:
   Searching for font: "Warface Condensed" 
      Movie resource: "Warface Condensed"  not found.
      Imports       : "Warface Condensed"  not found.
                    : "ColorController.swf", "shared_locfont.swf".
      Exported      : "Warface Condensed"  not found.
   Font not found. [libs/ui/360/controls/buttonlabel.gfx]
[2014-07-16T10:32:36:950+00] [420.7 MB] [Error] <Flash> Missing font "Warface Condensed" in "_level0.instBL.instContentContainer.instContent.instLabel.instTop.textField". Search log:
   Searching for font: "Warface Condensed" 
      Movie resource: "Warface Condensed"  not found.
      Imports       : "Warface Condensed"  not found.
                    : "ColorController.swf", "shared_locfont.swf".
      Exported      : "Warface Condensed"  not found.
   Font not found. [libs/ui/360/controls/buttonlabel.gfx]
[2014-07-16T10:32:37:116+00] [423.5 MB] CScreenManager::ResetCursorPosition() Calling OnResetCursor() on lobby_giveaway
[2014-07-16T10:32:37:117+00] [423.5 MB] [ScreenManager] [10:32:37] Open screen: 'lobby_giveaway' opened in 179 ms time, frame 3613
[2014-07-16T10:32:37:118+00] [423.5 MB] [CUIBackgroundManager] Loading background type 'default' for screen 'landing' and state 'lobby'
[2014-07-16T10:32:37:119+00] [423.5 MB] [ScreenManager] [10:32:37] Close screen: 'messagebox', frame 3613
[2014-07-16T10:32:37:120+00] [423.5 MB] CScreenManager::ResetCursorPosition() Calling OnResetCursor() on landing
[2014-07-16T10:32:37:124+00] [423.5 MB] [net ] CNetwork::UpdateTick() stall detected, socket manager poll waitTime=66, actionsTime=0
[2014-07-16T10:32:37:125+00] [423.5 MB] [net ] CNetwork::UpdateTick() stall detected, socket manager poll waitTime=66, actionsTime=0
[2014-07-16T10:32:37:126+00] [423.5 MB] [net ] CNetwork::UpdateTick() stall detected, socket manager poll waitTime=65, actionsTime=0
[2014-07-16T10:32:37:132+00] [423.5 MB] [ScreenManager] Destroy screen: 'messagebox', frame 3613
[2014-07-16T10:32:37:151+00] [422.1 MB] [Online profile] Profile current class successfully saved
[2014-07-16T10:32:37:243+00] [422.2 MB] [Online profile] Profile data successfully loaded
[2014-07-16T10:32:37:244+00] [422.2 MB] [Online profile] Profile items successfully resynced
[2014-07-16T10:32:37:247+00] [422.2 MB] [net ] CNetwork::UpdateTick() stall detected, socket manager poll waitTime=66, actionsTime=0
[2014-07-16T10:32:42:300+00] [422.2 MB] === Precaching render data for cutscene: 5th_Target1_raise ===
[2014-07-16T10:32:44:331+00] [422.2 MB] === Precaching render data for cutscene: 5th_Target2_raise ===
[2014-07-16T10:32:46:324+00] [422.2 MB] === Precaching render data for cutscene: 5th_Target3_raise ===
[2014-07-16T10:32:48:433+00] [422.2 MB] [CUIBackgroundManager] Loading background type 'default' for screen 'landing' and state 'lobby'
[2014-07-16T10:32:48:435+00] [422.2 MB] [ScreenManager] [10:32:48] Close screen: 'lobby_giveaway', frame 3930
[2014-07-16T10:32:48:436+00] [422.2 MB] CScreenManager::ResetCursorPosition() Calling OnResetCursor() on landing
[2014-07-16T10:32:48:440+00] [422.2 MB] [ScreenManager] Destroy screen: 'lobby_giveaway', frame 3930
[2014-07-16T10:32:48:476+00] [419.3 MB] [Error] <Flash> Missing font "Warface Condensed" in "_level0.instBL.instContentContainer.instContent.instLabel.instBase.textField". Search log:
   Searching for font: "Warface Condensed" 
      Movie resource: "Warface Condensed"  not found.
      Imports       : "Warface Condensed"  not found.
                    : "ColorController.swf", "shared_locfont.swf".
      Exported      : "Warface Condensed"  not found.
   Font not found. [libs/ui/360/controls/buttonlabel.gfx]
[2014-07-16T10:32:48:477+00] [419.3 MB] [Error] <Flash> Missing font "Warface Condensed" in "_level0.instBL.instContentContainer.instContent.instLabel.instTop.textField". Search log:
   Searching for font: "Warface Condensed" 
      Movie resource: "Warface Condensed"  not found.
      Imports       : "Warface Condensed"  not found.
                    : "ColorController.swf", "shared_locfont.swf".
      Exported      : "Warface Condensed"  not found.
   Font not found. [libs/ui/360/controls/buttonlabel.gfx]
[2014-07-16T10:32:48:638+00] [422.0 MB] CScreenManager::ResetCursorPosition() Calling OnResetCursor() on lobby_giveaway
[2014-07-16T10:32:48:639+00] [422.0 MB] [ScreenManager] [10:32:48] Open screen: 'lobby_giveaway' opened in 198 ms time, frame 3930
[2014-07-16T10:32:48:642+00] [422.0 MB] [net ] CNetwork::UpdateTick() stall detected, socket manager poll waitTime=66, actionsTime=0
[2014-07-16T10:32:48:643+00] [422.0 MB] [net ] CNetwork::UpdateTick() stall detected, socket manager poll waitTime=65, actionsTime=0
[2014-07-16T10:32:48:644+00] [422.0 MB] [net ] CNetwork::UpdateTick() stall detected, socket manager poll waitTime=65, actionsTime=0
[2014-07-16T10:32:48:658+00] [422.0 MB] [Online profile] Profile data successfully saved
[2014-07-16T10:32:48:663+00] [422.0 MB] [Online profile] Profile data successfully saved
[2014-07-16T10:32:48:796+00] [422.2 MB] [Online profile] Profile data successfully loaded
[2014-07-16T10:32:48:799+00] [422.2 MB] [Online profile] Profile items successfully resynced
[2014-07-16T10:32:48:802+00] [422.2 MB] [net ] CNetwork::UpdateTick() stall detected, socket manager poll waitTime=66, actionsTime=0
[2014-07-16T10:32:52:579+00] [422.2 MB] === Precaching render data for cutscene: 5th_Target1_raise ===
[2014-07-16T10:32:55:612+00] [422.2 MB] === Precaching render data for cutscene: 5th_Target2_raise ===
[2014-07-16T10:32:58:609+00] [422.2 MB] === Precaching render data for cutscene: 5th_Target3_raise ===
[2014-07-16T10:33:02:690+00] [422.2 MB] === Precaching render data for cutscene: 5th_Target1_raise ===
[2014-07-16T10:33:06:734+00] [422.2 MB] === Precaching render data for cutscene: 5th_Target2_raise ===
[2014-07-16T10:33:10:743+00] [422.2 MB] === Precaching render data for cutscene: 5th_Target3_raise ===
[2014-07-16T10:33:12:801+00] [422.2 MB] === Precaching render data for cutscene: 5th_Target1_raise ===
[2014-07-16T10:33:17:857+00] [422.2 MB] === Precaching render data for cutscene: 5th_Target2_raise ===
[2014-07-16T10:33:22:875+00] [422.2 MB] === Precaching render data for cutscene: 5th_Target3_raise ===
[2014-07-16T10:33:22:912+00] [422.2 MB] === Precaching render data for cutscene: 5th_Target1_raise ===
[2014-07-16T10:33:28:979+00] [422.2 MB] === Precaching render data for cutscene: 5th_Target2_raise ===
[2014-07-16T10:33:33:024+00] [422.2 MB] === Precaching render data for cutscene: 5th_Target1_raise ===
[2014-07-16T10:33:35:010+00] [422.2 MB] === Precaching render data for cutscene: 5th_Target3_raise ===
[2014-07-16T10:33:40:101+00] [422.2 MB] === Precaching render data for cutscene: 5th_Target2_raise ===
[2014-07-16T10:33:42:883+00] [422.2 MB] [CUIBackgroundManager] Loading background type 'default' for screen 'landing' and state 'lobby'
[2014-07-16T10:33:42:885+00] [422.2 MB] [ScreenManager] [10:33:42] Close screen: 'lobby_giveaway', frame 5435
[2014-07-16T10:33:42:886+00] [422.2 MB] CScreenManager::ResetCursorPosition() Calling OnResetCursor() on landing
[2014-07-16T10:33:42:896+00] [422.2 MB] [ScreenManager] Destroy screen: 'lobby_giveaway', frame 5435
[2014-07-16T10:33:43:034+00] [419.2 MB] [Online profile] Profile data successfully saved
[2014-07-16T10:33:43:139+00] [419.2 MB] === Precaching render data for cutscene: 5th_Target1_raise ===
[2014-07-16T10:33:47:167+00] [419.2 MB] === Precaching render data for cutscene: 5th_Target3_raise ===
[2014-07-16T10:33:50:917+00] [419.2 MB] [Error] File: d:\game\libs\icons\360\bundle_charge.dds.0 opened when runtime file access is disabled (mode rb)
[2014-07-16T10:33:50:983+00] [419.2 MB] [net ] CNetwork::UpdateTick() stall detected, socket manager poll waitTime=66, actionsTime=0
[2014-07-16T10:33:51:072+00] [419.2 MB] [net ] CNetwork::UpdateTick() stall detected, socket manager poll waitTime=66, actionsTime=0
[2014-07-16T10:33:51:238+00] [419.2 MB] === Precaching render data for cutscene: 5th_Target2_raise ===
[2014-07-16T10:33:53:285+00] [419.2 MB] === Precaching render data for cutscene: 5th_Target1_raise ===
[2014-07-16T10:33:59:287+00] [419.2 MB] === Precaching render data for cutscene: 5th_Target3_raise ===
[2014-07-16T10:34:00:962+00] [419.2 MB] [Error] File: d:\game\libs\icons\360\bundle_rifleman.dds.0 opened when runtime file access is disabled (mode rb)
[2014-07-16T10:34:02:345+00] [419.2 MB] === Precaching render data for cutscene: 5th_Target2_raise ===
[2014-07-16T10:34:03:416+00] [419.2 MB] === Precaching render data for cutscene: 5th_Target1_raise ===
[2014-07-16T10:34:11:402+00] [419.2 MB] === Precaching render data for cutscene: 5th_Target3_raise ===
[2014-07-16T10:34:13:455+00] [419.2 MB] === Precaching render data for cutscene: 5th_Target2_raise ===
[2014-07-16T10:34:13:525+00] [419.2 MB] === Precaching render data for cutscene: 5th_Target1_raise ===
[2014-07-16T10:34:23:546+00] [419.2 MB] === Precaching render data for cutscene: 5th_Target3_raise ===
[2014-07-16T10:34:23:652+00] [419.2 MB] === Precaching render data for cutscene: 5th_Target1_raise ===
[2014-07-16T10:34:24:596+00] [419.2 MB] === Precaching render data for cutscene: 5th_Target2_raise ===
[2014-07-16T10:34:33:788+00] [419.2 MB] === Precaching render data for cutscene: 5th_Target1_raise ===
[2014-07-16T10:34:35:697+00] [419.2 MB] === Precaching render data for cutscene: 5th_Target3_raise ===
[2014-07-16T10:34:35:732+00] [419.2 MB] === Precaching render data for cutscene: 5th_Target2_raise ===
[2014-07-16T10:34:43:903+00] [419.2 MB] === Precaching render data for cutscene: 5th_Target1_raise ===
[2014-07-16T10:34:46:843+00] [419.2 MB] === Precaching render data for cutscene: 5th_Target2_raise ===
[2014-07-16T10:34:47:824+00] [419.2 MB] === Precaching render data for cutscene: 5th_Target3_raise ===
[2014-07-16T10:34:54:040+00] [419.2 MB] === Precaching render data for cutscene: 5th_Target1_raise ===
[2014-07-16T10:34:57:986+00] [419.2 MB] === Precaching render data for cutscene: 5th_Target2_raise ===
[2014-07-16T10:34:59:960+00] [419.2 MB] === Precaching render data for cutscene: 5th_Target3_raise ===
[2014-07-16T10:35:04:168+00] [419.2 MB] === Precaching render data for cutscene: 5th_Target1_raise ===
[2014-07-16T10:35:09:103+00] [419.2 MB] === Precaching render data for cutscene: 5th_Target2_raise ===
[2014-07-16T10:35:12:086+00] [419.2 MB] === Precaching render data for cutscene: 5th_Target3_raise ===
[2014-07-16T10:35:14:311+00] [419.2 MB] === Precaching render data for cutscene: 5th_Target1_raise ===
[2014-07-16T10:35:20:246+00] [419.2 MB] === Precaching render data for cutscene: 5th_Target2_raise ===
[2014-07-16T10:35:24:213+00] [419.2 MB] === Precaching render data for cutscene: 5th_Target3_raise ===
[2014-07-16T10:35:24:423+00] [419.2 MB] === Precaching render data for cutscene: 5th_Target1_raise ===
[2014-07-16T10:35:31:389+00] [419.2 MB] === Precaching render data for cutscene: 5th_Target2_raise ===
[2014-07-16T10:35:34:560+00] [419.2 MB] === Precaching render data for cutscene: 5th_Target1_raise ===
[2014-07-16T10:35:34:807+00] [419.2 MB] [LoggedInHeartbeat]: Querying server... (idle time 111)
[2014-07-16T10:35:35:191+00] [419.2 MB] [LoggedInHeartbeat]: rerequest 200.000
[2014-07-16T10:35:35:193+00] [419.2 MB] [XLSP]  :V - 002D1800:002D1800
[2014-07-16T10:35:35:194+00] [419.2 MB] [XLSP] secure address still in use
[2014-07-16T10:35:36:357+00] [419.2 MB] === Precaching render data for cutscene: 5th_Target3_raise ===
[2014-07-16T10:35:42:515+00] [419.2 MB] === Precaching render data for cutscene: 5th_Target2_raise ===
[2014-07-16T10:35:44:684+00] [419.2 MB] === Precaching render data for cutscene: 5th_Target1_raise ===
[2014-07-16T10:35:48:497+00] [419.2 MB] === Precaching render data for cutscene: 5th_Target3_raise ===
[2014-07-16T10:35:53:662+00] [419.2 MB] === Precaching render data for cutscene: 5th_Target2_raise ===
[2014-07-16T10:35:54:829+00] [419.2 MB] === Precaching render data for cutscene: 5th_Target1_raise ===
[2014-07-16T10:36:00:619+00] [419.2 MB] === Precaching render data for cutscene: 5th_Target3_raise ===
[2014-07-16T10:36:04:809+00] [419.2 MB] === Precaching render data for cutscene: 5th_Target2_raise ===
[2014-07-16T10:36:04:982+00] [419.2 MB] === Precaching render data for cutscene: 5th_Target1_raise ===
[2014-07-16T10:36:12:729+00] [419.2 MB] === Precaching render data for cutscene: 5th_Target3_raise ===
[2014-07-16T10:36:15:095+00] [419.2 MB] === Precaching render data for cutscene: 5th_Target1_raise ===
[2014-07-16T10:36:15:929+00] [419.2 MB] === Precaching render data for cutscene: 5th_Target2_raise ===
[2014-07-16T10:36:24:881+00] [419.2 MB] === Precaching render data for cutscene: 5th_Target3_raise ===
[2014-07-16T10:36:25:226+00] [419.2 MB] === Precaching render data for cutscene: 5th_Target1_raise ===
[2014-07-16T10:36:27:091+00] [419.2 MB] === Precaching render data for cutscene: 5th_Target2_raise ===
[2014-07-16T10:36:35:345+00] [419.2 MB] === Precaching render data for cutscene: 5th_Target1_raise ===
[2014-07-16T10:36:37:019+00] [419.2 MB] === Precaching render data for cutscene: 5th_Target3_raise ===
[2014-07-16T10:36:38:208+00] [419.2 MB] === Precaching render data for cutscene: 5th_Target2_raise ===
[2014-07-16T10:36:45:497+00] [419.2 MB] === Precaching render data for cutscene: 5th_Target1_raise ===
[2014-07-16T10:36:49:128+00] [419.2 MB] === Precaching render data for cutscene: 5th_Target3_raise ===
[2014-07-16T10:36:49:368+00] [419.2 MB] === Precaching render data for cutscene: 5th_Target2_raise ===
[2014-07-16T10:36:55:614+00] [419.2 MB] === Precaching render data for cutscene: 5th_Target1_raise ===
[2014-07-16T10:37:00:486+00] [419.2 MB] === Precaching render data for cutscene: 5th_Target2_raise ===
[2014-07-16T10:37:01:251+00] [419.2 MB] === Precaching render data for cutscene: 5th_Target3_raise ===
[2014-07-16T10:37:05:745+00] [419.2 MB] === Precaching render data for cutscene: 5th_Target1_raise ===
[2014-07-16T10:37:11:650+00] [419.2 MB] === Precaching render data for cutscene: 5th_Target2_raise ===
[2014-07-16T10:37:13:392+00] [419.2 MB] === Precaching render data for cutscene: 5th_Target3_raise ===
[2014-07-16T10:37:15:868+00] [419.2 MB] === Precaching render data for cutscene: 5th_Target1_raise ===
[2014-07-16T10:37:22:767+00] [419.2 MB] === Precaching render data for cutscene: 5th_Target2_raise ===
[2014-07-16T10:37:25:531+00] [419.2 MB] === Precaching render data for cutscene: 5th_Target3_raise ===
[2014-07-16T10:37:26:014+00] [419.2 MB] === Precaching render data for cutscene: 5th_Target1_raise ===
[2014-07-16T10:37:33:872+00] [419.2 MB] === Precaching render data for cutscene: 5th_Target2_raise ===
[2014-07-16T10:37:36:132+00] [419.2 MB] === Precaching render data for cutscene: 5th_Target1_raise ===
[2014-07-16T10:37:37:664+00] [419.2 MB] === Precaching render data for cutscene: 5th_Target3_raise ===
[2014-07-16T10:37:45:018+00] [419.2 MB] === Precaching render data for cutscene: 5th_Target2_raise ===
[2014-07-16T10:37:46:262+00] [419.2 MB] === Precaching render data for cutscene: 5th_Target1_raise ===
[2014-07-16T10:37:49:818+00] [419.2 MB] === Precaching render data for cutscene: 5th_Target3_raise ===
[2014-07-16T10:37:56:143+00] [419.2 MB] === Precaching render data for cutscene: 5th_Target2_raise ===
[2014-07-16T10:37:56:388+00] [419.2 MB] === Precaching render data for cutscene: 5th_Target1_raise ===
[2014-07-16T10:38:01:933+00] [419.2 MB] === Precaching render data for cutscene: 5th_Target3_raise ===
[2014-07-16T10:38:06:529+00] [419.2 MB] === Precaching render data for cutscene: 5th_Target1_raise ===
[2014-07-16T10:38:07:257+00] [419.2 MB] === Precaching render data for cutscene: 5th_Target2_raise ===
[2014-07-16T10:38:14:041+00] [419.2 MB] === Precaching render data for cutscene: 5th_Target3_raise ===
[2014-07-16T10:38:16:649+00] [419.2 MB] === Precaching render data for cutscene: 5th_Target1_raise ===
[2014-07-16T10:38:18:389+00] [419.2 MB] === Precaching render data for cutscene: 5th_Target2_raise ===
[2014-07-16T10:38:26:188+00] [419.2 MB] === Precaching render data for cutscene: 5th_Target3_raise ===
[2014-07-16T10:38:26:810+00] [419.2 MB] === Precaching render data for cutscene: 5th_Target1_raise ===
[2014-07-16T10:38:29:540+00] [419.2 MB] === Precaching render data for cutscene: 5th_Target2_raise ===
[2014-07-16T10:38:36:941+00] [419.2 MB] === Precaching render data for cutscene: 5th_Target1_raise ===
[2014-07-16T10:38:38:302+00] [419.2 MB] === Precaching render data for cutscene: 5th_Target3_raise ===
[2014-07-16T10:38:40:675+00] [419.2 MB] === Precaching render data for cutscene: 5th_Target2_raise ===
[2014-07-16T10:38:47:082+00] [419.2 MB] === Precaching render data for cutscene: 5th_Target1_raise ===
[2014-07-16T10:38:50:468+00] [419.2 MB] === Precaching render data for cutscene: 5th_Target3_raise ===
[2014-07-16T10:38:51:815+00] [419.2 MB] === Precaching render data for cutscene: 5th_Target2_raise ===
[2014-07-16T10:38:55:674+00] [419.2 MB] [LoggedInHeartbeat]: Querying server... (idle time 311)
[2014-07-16T10:38:56:052+00] [419.2 MB] [LoggedInHeartbeat]: rerequest 200.000
[2014-07-16T10:38:56:054+00] [419.2 MB] [XLSP]  :V - 002D1800:002D1800
[2014-07-16T10:38:56:055+00] [419.2 MB] [XLSP] secure address still in use
[2014-07-16T10:38:57:203+00] [419.2 MB] === Precaching render data for cutscene: 5th_Target1_raise ===
[2014-07-16T10:39:02:596+00] [419.2 MB] === Precaching render data for cutscene: 5th_Target3_raise ===
[2014-07-16T10:39:02:941+00] [419.2 MB] === Precaching render data for cutscene: 5th_Target2_raise ===
[2014-07-16T10:39:07:363+00] [419.2 MB] === Precaching render data for cutscene: 5th_Target1_raise ===
[2014-07-16T10:39:14:079+00] [419.2 MB] === Precaching render data for cutscene: 5th_Target2_raise ===
[2014-07-16T10:39:14:708+00] [419.2 MB] === Precaching render data for cutscene: 5th_Target3_raise ===
[2014-07-16T10:39:17:499+00] [419.2 MB] === Precaching render data for cutscene: 5th_Target1_raise ===
[2014-07-16T10:39:25:217+00] [419.2 MB] === Precaching render data for cutscene: 5th_Target2_raise ===
[2014-07-16T10:39:26:876+00] [419.2 MB] === Precaching render data for cutscene: 5th_Target3_raise ===
[2014-07-16T10:39:27:636+00] [419.2 MB] === Precaching render data for cutscene: 5th_Target1_raise ===
[2014-07-16T10:39:36:334+00] [419.2 MB] === Precaching render data for cutscene: 5th_Target2_raise ===
[2014-07-16T10:39:37:761+00] [419.2 MB] === Precaching render data for cutscene: 5th_Target1_raise ===
[2014-07-16T10:39:39:013+00] [419.2 MB] === Precaching render data for cutscene: 5th_Target3_raise ===
[2014-07-16T10:39:47:465+00] [419.2 MB] === Precaching render data for cutscene: 5th_Target2_raise ===
[2014-07-16T10:39:47:914+00] [419.2 MB] === Precaching render data for cutscene: 5th_Target1_raise ===
[2014-07-16T10:39:51:161+00] [419.2 MB] === Precaching render data for cutscene: 5th_Target3_raise ===
[2014-07-16T10:39:58:020+00] [419.2 MB] === Precaching render data for cutscene: 5th_Target1_raise ===
[2014-07-16T10:39:58:577+00] [419.2 MB] === Precaching render data for cutscene: 5th_Target2_raise ===
[2014-07-16T10:40:03:282+00] [419.2 MB] === Precaching render data for cutscene: 5th_Target3_raise ===
[2014-07-16T10:40:08:155+00] [419.2 MB] === Precaching render data for cutscene: 5th_Target1_raise ===
[2014-07-16T10:40:09:675+00] [419.2 MB] === Precaching render data for cutscene: 5th_Target2_raise ===
[2014-07-16T10:40:15:394+00] [419.2 MB] === Precaching render data for cutscene: 5th_Target3_raise ===
[2014-07-16T10:40:18:282+00] [419.2 MB] === Precaching render data for cutscene: 5th_Target1_raise ===
[2014-07-16T10:40:20:788+00] [419.2 MB] === Precaching render data for cutscene: 5th_Target2_raise ===
[2014-07-16T10:40:27:537+00] [419.2 MB] === Precaching render data for cutscene: 5th_Target3_raise ===
[2014-07-16T10:40:28:435+00] [419.2 MB] === Precaching render data for cutscene: 5th_Target1_raise ===
[2014-07-16T10:40:31:923+00] [419.2 MB] === Precaching render data for cutscene: 5th_Target2_raise ===
[2014-07-16T10:40:38:540+00] [419.2 MB] === Precaching render data for cutscene: 5th_Target1_raise ===
[2014-07-16T10:40:39:658+00] [419.2 MB] === Precaching render data for cutscene: 5th_Target3_raise ===
[2014-07-16T10:40:43:040+00] [419.2 MB] === Precaching render data for cutscene: 5th_Target2_raise ===
[2014-07-16T10:40:48:672+00] [419.2 MB] === Precaching render data for cutscene: 5th_Target1_raise ===
[2014-07-16T10:40:51:815+00] [419.2 MB] === Precaching render data for cutscene: 5th_Target3_raise ===
[2014-07-16T10:40:54:174+00] [419.2 MB] === Precaching render data for cutscene: 5th_Target2_raise ===
[2014-07-16T10:40:58:802+00] [419.2 MB] === Precaching render data for cutscene: 5th_Target1_raise ===
[2014-07-16T10:41:03:337+00] [420.7 MB] [Error] File: d:\game\libs\icons\360\play_images_versus.dds.0 opened when runtime file access is disabled (mode rb)
[2014-07-16T10:41:03:369+00] [420.7 MB] [Error] File: d:\game\libs\icons\360\play_images_versus.dds.0 opened when runtime file access is disabled (mode rb)
[2014-07-16T10:41:03:432+00] [421.9 MB] [Error] File: d:\game\libs\icons\360\play_images_coop.dds.0 opened when runtime file access is disabled (mode rb)
[2014-07-16T10:41:03:487+00] [421.9 MB] [Error] File: d:\game\libs\icons\360\play_images_coop.dds.0 opened when runtime file access is disabled (mode rb)
[2014-07-16T10:41:03:608+00] [424.2 MB] [Error] File: d:\game\libs\icons\360\play_images_training.dds.0 opened when runtime file access is disabled (mode rb)
[2014-07-16T10:41:03:648+00] [424.2 MB] [Error] File: d:\game\libs\icons\360\play_images_training.dds.0 opened when runtime file access is disabled (mode rb)
[2014-07-16T10:41:03:712+00] [424.3 MB] [CUIBackgroundManager] Loading background type 'default' for screen 'lobby_play' and state 'lobby'
[2014-07-16T10:41:03:714+00] [424.3 MB] CScreenManager::ResetCursorPosition() Calling OnResetCursor() on lobby_play
[2014-07-16T10:41:03:715+00] [424.3 MB] [ScreenManager] [10:41:03] Open screen: 'lobby_play' opened in 459 ms time, frame 18094
[2014-07-16T10:41:03:716+00] [424.3 MB] CScreenManager::ResetCursorPosition() Calling OnResetCursor() on lobby_play
[2014-07-16T10:41:03:718+00] [424.3 MB] [CUIBackgroundManager] Loading background type 'default' for screen 'lobby_play' and state 'lobby'
[2014-07-16T10:41:03:719+00] [424.3 MB] [ScreenManager] [10:41:03] Close screen: 'landing', frame 18094
[2014-07-16T10:41:03:720+00] [424.3 MB] [CSaveReader_Memory:0] "%USER%/Profiles/QueryCache/RandomBox.xml" opened for read
[2014-07-16T10:41:03:721+00] [424.3 MB] [IMemoryFileSystem] Dumping files - before save
[2014-07-16T10:41:03:722+00] [424.3 MB] [0] %USER%/Profiles/profile.xml, Clean
[2014-07-16T10:41:03:723+00] [424.3 MB] [0] %USER%/Profiles/QueryCache/items.xml, Clean
[2014-07-16T10:41:03:724+00] [424.3 MB] [0] %USER%/Profiles/QueryCache/persistent_settings_get.xml, Clean
[2014-07-16T10:41:03:725+00] [424.3 MB] [0] %USER%/Profiles/QueryCache/shop_get_offers.xml, Clean
[2014-07-16T10:41:03:726+00] [424.3 MB] [0] %USER%/Profiles/QueryCache/RandomBox.xml, Clean
[2014-07-16T10:41:03:728+00] [424.3 MB] [CSaveWriter_Memory:0] "%USER%/Profiles/QueryCache/RandomBox.xml" opened for write
[2014-07-16T10:41:03:729+00] [424.3 MB] [IMemoryFileSystem] Dumping files - after save
[2014-07-16T10:41:03:730+00] [424.3 MB] [0] %USER%/Profiles/profile.xml, Clean
[2014-07-16T10:41:03:731+00] [424.3 MB] [0] %USER%/Profiles/QueryCache/items.xml, Clean
[2014-07-16T10:41:03:732+00] [424.3 MB] [0] %USER%/Profiles/QueryCache/persistent_settings_get.xml, Clean
[2014-07-16T10:41:03:733+00] [424.3 MB] [0] %USER%/Profiles/QueryCache/shop_get_offers.xml, Clean
[2014-07-16T10:41:03:734+00] [424.3 MB] [0] %USER%/Profiles/QueryCache/RandomBox.xml, Clean
[2014-07-16T10:41:03:736+00] [424.3 MB] [RSS/DataFeed] Sent
[2014-07-16T10:41:03:739+00] [424.3 MB] [net ] CNetwork::UpdateTick() stall detected, socket manager poll waitTime=65, actionsTime=0
[2014-07-16T10:41:03:740+00] [424.3 MB] [net ] CNetwork::UpdateTick() stall detected, socket manager poll waitTime=65, actionsTime=0
[2014-07-16T10:41:03:741+00] [424.3 MB] [net ] CNetwork::UpdateTick() stall detected, socket manager poll waitTime=64, actionsTime=0
[2014-07-16T10:41:03:742+00] [424.3 MB] [net ] CNetwork::UpdateTick() stall detected, socket manager poll waitTime=66, actionsTime=0
[2014-07-16T10:41:03:743+00] [424.3 MB] [net ] CNetwork::UpdateTick() stall detected, socket manager poll waitTime=66, actionsTime=0
[2014-07-16T10:41:03:744+00] [424.3 MB] [net ] CNetwork::UpdateTick() stall detected, socket manager poll waitTime=66, actionsTime=0
[2014-07-16T10:41:03:745+00] [424.3 MB] [net ] CNetwork::UpdateTick() stall detected, socket manager poll waitTime=65, actionsTime=0
[2014-07-16T10:41:03:757+00] [424.3 MB] [ScreenManager] Destroy screen: 'landing', frame 18094
[2014-07-16T10:41:03:894+00] [411.1 MB] [net ] CNetwork::UpdateTick() stall detected, socket manager poll waitTime=66, actionsTime=0
[2014-07-16T10:41:03:940+00] [411.1 MB] [net ] CNetwork::UpdateTick() stall detected, socket manager poll waitTime=66, actionsTime=0
[2014-07-16T10:41:03:996+00] [411.2 MB] [CPlatformOS_Xenon::SaveDirtyFiles] Saving dirty files for user 0
[2014-07-16T10:41:03:997+00] [411.2 MB] [CXenonFile] "%USER%/Profiles/QueryCache/RandomBox.xml" (cry0:\RandomBox.xml) opened for write
[2014-07-16T10:41:03:999+00] [411.2 MB] [CXenonFile] "~~xenon~filemap~~" (cry0:\~~xenon~filemap~~) opened for write
[2014-07-16T10:41:04:000+00] [411.2 MB] [IMemoryFileSystem] Dumping files - FindFirst
[2014-07-16T10:41:04:001+00] [411.2 MB] [0] %USER%/Profiles/profile.xml, Clean
[2014-07-16T10:41:04:002+00] [411.2 MB] [0] %USER%/Profiles/QueryCache/items.xml, Clean
[2014-07-16T10:41:04:010+00] [411.2 MB] [0] %USER%/Profiles/QueryCache/persistent_settings_get.xml, Clean
[2014-07-16T10:41:04:011+00] [411.2 MB] [0] %USER%/Profiles/QueryCache/shop_get_offers.xml, Clean
[2014-07-16T10:41:04:013+00] [411.2 MB] [0] %USER%/Profiles/QueryCache/RandomBox.xml, Clean
[2014-07-16T10:41:04:361+00] [411.1 MB] === Precaching render data for cutscene: 5th_Target3_raise ===
[2014-07-16T10:41:05:826+00] [411.2 MB] === Precaching render data for cutscene: 5th_Target2_raise ===
[2014-07-16T10:41:07:439+00] [411.2 MB] [RSS/DataFeed] Downloaded!
[2014-07-16T10:41:09:457+00] [410.6 MB] === Precaching render data for cutscene: 5th_Target1_raise ===
[2014-07-16T10:41:11:134+00] [410.6 MB] [COnlineProfile] pre-switch: Logging out from MasterServer main_pve_1 (pve)
[2014-07-16T10:41:11:170+00] [410.6 MB] [COnlineChannel] Setting MasterServer main_pve_1 (pve) as current
[2014-07-16T10:41:11:171+00] [410.6 MB] [COnlineProfile] post-switch: Binding to MasterServer main_pve_1 (pve)
[2014-07-16T10:41:11:341+00] [410.6 MB] [COnlineChannel] Confirmed switch to MasterServer main_pve_1 (pve)
[2014-07-16T10:41:11:343+00] [410.6 MB] [CNotificationConsoleClient] Pending notifications updated succesfully
[2014-07-16T10:41:12:366+00] [410.6 MB] [Warning] [CBackgroundServer]: close orphan server isn't implemented
[2014-07-16T10:41:12:447+00] [412.1 MB] <Flash> [WARNING] Cannot register undefined MovieClip [libs/ui/360/controls/missionsmappve.gfx]
[2014-07-16T10:41:12:448+00] [412.1 MB] [Error] <Flash> Error: CallMethod - 'addEventListener' on invalid object. [libs/ui/360/controls/missionsmappve.gfx]
[2014-07-16T10:41:12:449+00] [412.1 MB] [Error] <Flash> Error: CallMethod - 'addEventListener' on invalid object. [libs/ui/360/controls/missionsmappve.gfx]
[2014-07-16T10:41:12:453+00] [412.2 MB] [Error] <Flash> Error: CallMethod - 'iEnable' on invalid object. [libs/ui/360/controls/missionsmappve.gfx]
[2014-07-16T10:41:12:454+00] [412.2 MB] [Error] <Flash> Error: CallMethod - 'iEnable' on invalid object. [libs/ui/360/controls/missionsmappve.gfx]
[2014-07-16T10:41:12:456+00] [412.2 MB] [Error] <Flash> Error: CallMethod - 'iEnable' on invalid object. [libs/ui/360/controls/missionsmappve.gfx]
[2014-07-16T10:41:12:461+00] [412.2 MB] [Error] <Flash> Error: CallMethod - 'iEnable' on invalid object. [libs/ui/360/controls/missionsmappve.gfx]
[2014-07-16T10:41:12:462+00] [412.2 MB] [Error] <Flash> Error: CallMethod - 'iEnable' on invalid object. [libs/ui/360/controls/missionsmappve.gfx]
[2014-07-16T10:41:12:464+00] [412.2 MB] [Error] <Flash> Error: CallMethod - 'iEnable' on invalid object. [libs/ui/360/controls/missionsmappve.gfx]
[2014-07-16T10:41:12:471+00] [412.2 MB] <Flash> [WARNING] Cannot register undefined MovieClip [libs/ui/360/controls/missionsmappve.gfx]
[2014-07-16T10:41:12:472+00] [412.2 MB] [Error] <Flash> Error: CallMethod - 'addEventListener' on invalid object. [libs/ui/360/controls/missionsmappve.gfx]
[2014-07-16T10:41:12:473+00] [412.2 MB] [Error] <Flash> Error: CallMethod - 'addEventListener' on invalid object. [libs/ui/360/controls/missionsmappve.gfx]
[2014-07-16T10:41:12:476+00] [412.2 MB] [Error] <Flash> Error: CallMethod - 'iEnable' on invalid object. [libs/ui/360/controls/missionsmappve.gfx]
[2014-07-16T10:41:12:477+00] [412.2 MB] [Error] <Flash> Error: CallMethod - 'iEnable' on invalid object. [libs/ui/360/controls/missionsmappve.gfx]
[2014-07-16T10:41:12:480+00] [412.2 MB] [Error] <Flash> Error: CallMethod - 'iEnable' on invalid object. [libs/ui/360/controls/missionsmappve.gfx]
[2014-07-16T10:41:12:485+00] [412.2 MB] [Error] <Flash> Error: CallMethod - 'iEnable' on invalid object. [libs/ui/360/controls/missionsmappve.gfx]
[2014-07-16T10:41:12:487+00] [412.2 MB] [Error] <Flash> Error: CallMethod - 'iEnable' on invalid object. [libs/ui/360/controls/missionsmappve.gfx]
[2014-07-16T10:41:12:489+00] [412.2 MB] [Error] <Flash> Error: CallMethod - 'iEnable' on invalid object. [libs/ui/360/controls/missionsmappve.gfx]
[2014-07-16T10:41:12:495+00] [412.2 MB] <Flash> [WARNING] Cannot register undefined MovieClip [libs/ui/360/controls/missionsmappve.gfx]
[2014-07-16T10:41:12:496+00] [412.2 MB] [Error] <Flash> Error: CallMethod - 'addEventListener' on invalid object. [libs/ui/360/controls/missionsmappve.gfx]
[2014-07-16T10:41:12:497+00] [412.2 MB] [Error] <Flash> Error: CallMethod - 'addEventListener' on invalid object. [libs/ui/360/controls/missionsmappve.gfx]
[2014-07-16T10:41:12:500+00] [412.2 MB] [Error] <Flash> Error: CallMethod - 'iEnable' on invalid object. [libs/ui/360/controls/missionsmappve.gfx]
[2014-07-16T10:41:12:502+00] [412.2 MB] [Error] <Flash> Error: CallMethod - 'iEnable' on invalid object. [libs/ui/360/controls/missionsmappve.gfx]
[2014-07-16T10:41:12:504+00] [412.2 MB] [Error] <Flash> Error: CallMethod - 'iEnable' on invalid object. [libs/ui/360/controls/missionsmappve.gfx]
[2014-07-16T10:41:12:509+00] [412.3 MB] [Error] <Flash> Error: CallMethod - 'iEnable' on invalid object. [libs/ui/360/controls/missionsmappve.gfx]
[2014-07-16T10:41:12:511+00] [412.3 MB] [Error] <Flash> Error: CallMethod - 'iEnable' on invalid object. [libs/ui/360/controls/missionsmappve.gfx]
[2014-07-16T10:41:12:513+00] [412.3 MB] [Error] <Flash> Error: CallMethod - 'iEnable' on invalid object. [libs/ui/360/controls/missionsmappve.gfx]
[2014-07-16T10:41:12:519+00] [412.3 MB] <Flash> [WARNING] Cannot register undefined MovieClip [libs/ui/360/controls/missionsmappve.gfx]
[2014-07-16T10:41:12:520+00] [412.3 MB] [Error] <Flash> Error: CallMethod - 'addEventListener' on invalid object. [libs/ui/360/controls/missionsmappve.gfx]
[2014-07-16T10:41:12:521+00] [412.3 MB] [Error] <Flash> Error: CallMethod - 'addEventListener' on invalid object. [libs/ui/360/controls/missionsmappve.gfx]
[2014-07-16T10:41:12:524+00] [412.3 MB] [Error] <Flash> Error: CallMethod - 'iEnable' on invalid object. [libs/ui/360/controls/missionsmappve.gfx]
[2014-07-16T10:41:12:525+00] [412.3 MB] [Error] <Flash> Error: CallMethod - 'iEnable' on invalid object. [libs/ui/360/controls/missionsmappve.gfx]
[2014-07-16T10:41:12:527+00] [412.3 MB] [Error] <Flash> Error: CallMethod - 'iEnable' on invalid object. [libs/ui/360/controls/missionsmappve.gfx]
[2014-07-16T10:41:12:533+00] [412.3 MB] [Error] <Flash> Error: CallMethod - 'iEnable' on invalid object. [libs/ui/360/controls/missionsmappve.gfx]
[2014-07-16T10:41:12:535+00] [412.3 MB] [Error] <Flash> Error: CallMethod - 'iEnable' on invalid object. [libs/ui/360/controls/missionsmappve.gfx]
[2014-07-16T10:41:12:537+00] [412.3 MB] [Error] <Flash> Error: CallMethod - 'iEnable' on invalid object. [libs/ui/360/controls/missionsmappve.gfx]
[2014-07-16T10:41:12:542+00] [412.3 MB] <Flash> [WARNING] Cannot register undefined MovieClip [libs/ui/360/controls/missionsmappve.gfx]
[2014-07-16T10:41:12:544+00] [412.3 MB] [Error] <Flash> Error: CallMethod - 'addEventListener' on invalid object. [libs/ui/360/controls/missionsmappve.gfx]
[2014-07-16T10:41:12:545+00] [412.3 MB] [Error] <Flash> Error: CallMethod - 'addEventListener' on invalid object. [libs/ui/360/controls/missionsmappve.gfx]
[2014-07-16T10:41:12:548+00] [412.3 MB] [Error] <Flash> Error: CallMethod - 'iEnable' on invalid object. [libs/ui/360/controls/missionsmappve.gfx]
[2014-07-16T10:41:12:550+00] [412.3 MB] [Error] <Flash> Error: CallMethod - 'iEnable' on invalid object. [libs/ui/360/controls/missionsmappve.gfx]
[2014-07-16T10:41:12:551+00] [412.3 MB] [Error] <Flash> Error: CallMethod - 'iEnable' on invalid object. [libs/ui/360/controls/missionsmappve.gfx]
[2014-07-16T10:41:12:557+00] [412.3 MB] [Error] <Flash> Error: CallMethod - 'iEnable' on invalid object. [libs/ui/360/controls/missionsmappve.gfx]
[2014-07-16T10:41:12:559+00] [412.3 MB] [Error] <Flash> Error: CallMethod - 'iEnable' on invalid object. [libs/ui/360/controls/missionsmappve.gfx]
[2014-07-16T10:41:12:561+00] [412.3 MB] [Error] <Flash> Error: CallMethod - 'iEnable' on invalid object. [libs/ui/360/controls/missionsmappve.gfx]
[2014-07-16T10:41:12:567+00] [412.5 MB] <Flash> [WARNING] Cannot register undefined MovieClip [libs/ui/360/controls/missionsmappve.gfx]
[2014-07-16T10:41:12:568+00] [412.5 MB] [Error] <Flash> Error: CallMethod - 'addEventListener' on invalid object. [libs/ui/360/controls/missionsmappve.gfx]
[2014-07-16T10:41:12:569+00] [412.5 MB] [Error] <Flash> Error: CallMethod - 'addEventListener' on invalid object. [libs/ui/360/controls/missionsmappve.gfx]
[2014-07-16T10:41:12:572+00] [412.5 MB] [Error] <Flash> Error: CallMethod - 'iEnable' on invalid object. [libs/ui/360/controls/missionsmappve.gfx]
[2014-07-16T10:41:12:574+00] [412.5 MB] [Error] <Flash> Error: CallMethod - 'iEnable' on invalid object. [libs/ui/360/controls/missionsmappve.gfx]
[2014-07-16T10:41:12:575+00] [412.5 MB] [Error] <Flash> Error: CallMethod - 'iEnable' on invalid object. [libs/ui/360/controls/missionsmappve.gfx]
[2014-07-16T10:41:12:581+00] [412.5 MB] [Error] <Flash> Error: CallMethod - 'iEnable' on invalid object. [libs/ui/360/controls/missionsmappve.gfx]
[2014-07-16T10:41:12:582+00] [412.5 MB] [Error] <Flash> Error: CallMethod - 'iEnable' on invalid object. [libs/ui/360/controls/missionsmappve.gfx]
[2014-07-16T10:41:12:584+00] [412.5 MB] [Error] <Flash> Error: CallMethod - 'iEnable' on invalid object. [libs/ui/360/controls/missionsmappve.gfx]
[2014-07-16T10:41:12:605+00] [412.5 MB] [Error] File: d:\game\ui\scripts\pve_locations.lua opened when runtime file access is disabled (mode rb)
[2014-07-16T10:41:12:659+00] [412.5 MB] [Error] <Flash> Error: CallMethod - 'iEnable' on invalid object. [libs/ui/360/controls/missionsmappve.gfx]
[2014-07-16T10:41:12:661+00] [412.5 MB] [Error] <Flash> Error: CallMethod - 'iEnable' on invalid object. [libs/ui/360/controls/missionsmappve.gfx]
[2014-07-16T10:41:12:663+00] [412.5 MB] [Error] <Flash> Error: CallMethod - 'iEnable' on invalid object. [libs/ui/360/controls/missionsmappve.gfx]
[2014-07-16T10:41:12:667+00] [412.5 MB] [Error] <Flash> Error: CallMethod - 'iEnable' on invalid object. [libs/ui/360/controls/missionsmappve.gfx]
[2014-07-16T10:41:12:669+00] [412.5 MB] [Error] <Flash> Error: CallMethod - 'iEnable' on invalid object. [libs/ui/360/controls/missionsmappve.gfx]
[2014-07-16T10:41:12:670+00] [412.5 MB] [Error] <Flash> Error: CallMethod - 'iEnable' on invalid object. [libs/ui/360/controls/missionsmappve.gfx]
[2014-07-16T10:41:12:675+00] [412.6 MB] [Error] <Flash> Error: CallMethod - 'iEnable' on invalid object. [libs/ui/360/controls/missionsmappve.gfx]
[2014-07-16T10:41:12:677+00] [412.6 MB] [Error] <Flash> Error: CallMethod - 'iEnable' on invalid object. [libs/ui/360/controls/missionsmappve.gfx]
[2014-07-16T10:41:12:678+00] [412.6 MB] [Error] <Flash> Error: CallMethod - 'iEnable' on invalid object. [libs/ui/360/controls/missionsmappve.gfx]
[2014-07-16T10:41:12:682+00] [412.6 MB] [Error] <Flash> Error: CallMethod - 'iEnable' on invalid object. [libs/ui/360/controls/missionsmappve.gfx]
[2014-07-16T10:41:12:684+00] [412.6 MB] [Error] <Flash> Error: CallMethod - 'iEnable' on invalid object. [libs/ui/360/controls/missionsmappve.gfx]
[2014-07-16T10:41:12:685+00] [412.6 MB] [Error] <Flash> Error: CallMethod - 'iEnable' on invalid object. [libs/ui/360/controls/missionsmappve.gfx]
[2014-07-16T10:41:12:690+00] [412.6 MB] [Error] <Flash> Error: CallMethod - 'iEnable' on invalid object. [libs/ui/360/controls/missionsmappve.gfx]
[2014-07-16T10:41:12:692+00] [412.6 MB] [Error] <Flash> Error: CallMethod - 'iEnable' on invalid object. [libs/ui/360/controls/missionsmappve.gfx]
[2014-07-16T10:41:12:694+00] [412.6 MB] [Error] <Flash> Error: CallMethod - 'iEnable' on invalid object. [libs/ui/360/controls/missionsmappve.gfx]
[2014-07-16T10:41:12:698+00] [412.6 MB] [Error] <Flash> Error: CallMethod - 'iEnable' on invalid object. [libs/ui/360/controls/missionsmappve.gfx]
[2014-07-16T10:41:12:701+00] [412.6 MB] [Error] <Flash> Error: CallMethod - 'iEnable' on invalid object. [libs/ui/360/controls/missionsmappve.gfx]
[2014-07-16T10:41:12:702+00] [412.6 MB] [Error] <Flash> Error: CallMethod - 'iEnable' on invalid object. [libs/ui/360/controls/missionsmappve.gfx]
[2014-07-16T10:41:12:708+00] [412.6 MB] [Error] File: d:\game\libs\ui\mapimgpve\ct_j05_e.dds.0 opened when runtime file access is disabled (mode rb)
[2014-07-16T10:41:12:770+00] [412.6 MB] [Error] <Flash> Error: CallMethod - 'iEnable' on invalid object. [libs/ui/360/controls/missionsmappve.gfx]
[2014-07-16T10:41:12:772+00] [412.6 MB] [Error] <Flash> Error: CallMethod - 'iEnable' on invalid object. [libs/ui/360/controls/missionsmappve.gfx]
[2014-07-16T10:41:12:777+00] [412.6 MB] [Error] File: d:\game\libs\ui\mapimgpve\ct_j04_n.dds.0 opened when runtime file access is disabled (mode rb)
[2014-07-16T10:41:12:791+00] [412.6 MB] [Error] <Flash> Error: CallMethod - 'iEnable' on invalid object. [libs/ui/360/controls/missionsmappve.gfx]
[2014-07-16T10:41:12:794+00] [412.6 MB] [Error] <Flash> Error: CallMethod - 'iEnable' on invalid object. [libs/ui/360/controls/missionsmappve.gfx]
[2014-07-16T10:41:12:799+00] [412.6 MB] [Error] File: d:\game\libs\ui\mapimgpve\ct_j01_h.dds.0 opened when runtime file access is disabled (mode rb)
[2014-07-16T10:41:12:808+00] [412.6 MB] [Error] <Flash> Error: CallMethod - 'iEnable' on invalid object. [libs/ui/360/controls/missionsmappve.gfx]
[2014-07-16T10:41:12:810+00] [412.6 MB] [Error] <Flash> Error: CallMethod - 'iEnable' on invalid object. [libs/ui/360/controls/missionsmappve.gfx]
[2014-07-16T10:41:12:815+00] [412.6 MB] [Error] File: d:\game\libs\ui\mapimgpve\me_p_e.dds.0 opened when runtime file access is disabled (mode rb)
[2014-07-16T10:41:12:831+00] [412.6 MB] [Error] <Flash> Error: CallMethod - 'iEnable' on invalid object. [libs/ui/360/controls/missionsmappve.gfx]
[2014-07-16T10:41:12:833+00] [412.6 MB] [Error] <Flash> Error: CallMethod - 'iEnable' on invalid object. [libs/ui/360/controls/missionsmappve.gfx]
[2014-07-16T10:41:12:837+00] [412.6 MB] [Error] File: d:\game\libs\ui\mapimgpve\kosovo.dds.0 opened when runtime file access is disabled (mode rb)
[2014-07-16T10:41:12:850+00] [412.6 MB] [Error] <Flash> Error: CallMethod - 'iEnable' on invalid object. [libs/ui/360/controls/missionsmappve.gfx]
[2014-07-16T10:41:12:853+00] [412.6 MB] [Error] <Flash> Error: CallMethod - 'iEnable' on invalid object. [libs/ui/360/controls/missionsmappve.gfx]
[2014-07-16T10:41:12:859+00] [412.6 MB] [CUIBackgroundManager] Loading background type 'default' for screen 'pve_missions' and state 'lobby'
[2014-07-16T10:41:12:861+00] [412.6 MB] [ScreenManager] [10:41:12] Open screen: 'pve_missions' opened in 492 ms time, frame 18347
[2014-07-16T10:41:12:863+00] [412.6 MB] [Warning] [RSS/DataFeed] Unable to set callback, previous callback still active
[2014-07-16T10:41:12:877+00] [412.6 MB] [OnlineChannel] Server list refreshed (5)
[2014-07-16T10:41:12:880+00] [412.6 MB] [net ] CNetwork::UpdateTick() stall detected, socket manager poll waitTime=65, actionsTime=0
[2014-07-16T10:41:12:883+00] [412.6 MB] [net ] CNetwork::UpdateTick() stall detected, socket manager poll waitTime=65, actionsTime=0
[2014-07-16T10:41:12:884+00] [412.6 MB] [net ] CNetwork::UpdateTick() stall detected, socket manager poll waitTime=65, actionsTime=0
[2014-07-16T10:41:12:885+00] [412.6 MB] [net ] CNetwork::UpdateTick() stall detected, socket manager poll waitTime=65, actionsTime=0
[2014-07-16T10:41:12:886+00] [412.6 MB] [net ] CNetwork::UpdateTick() stall detected, socket manager poll waitTime=66, actionsTime=0
[2014-07-16T10:41:12:887+00] [412.6 MB] [net ] CNetwork::UpdateTick() stall detected, socket manager poll waitTime=65, actionsTime=0
[2014-07-16T10:41:12:888+00] [412.6 MB] [net ] CNetwork::UpdateTick() stall detected, socket manager poll waitTime=65, actionsTime=0
[2014-07-16T10:41:12:892+00] [412.6 MB] [net ] CNetwork::UpdateTick() stall detected, socket manager poll waitTime=65, actionsTime=0
[2014-07-16T10:41:12:961+00] [412.7 MB] [Error] File: d:\game\libs\icons\survival_access_coin.dds.0 opened when runtime file access is disabled (mode rb)
[2014-07-16T10:41:13:048+00] [412.7 MB] [net ] CNetwork::UpdateTick() stall detected, socket manager poll waitTime=65, actionsTime=0
[2014-07-16T10:41:13:049+00] [412.7 MB] [net ] CNetwork::UpdateTick() stall detected, socket manager poll waitTime=65, actionsTime=0
[2014-07-16T10:41:16:961+00] [412.7 MB] === Precaching render data for cutscene: 5th_Target3_raise ===
[2014-07-16T10:41:17:432+00] [412.7 MB] === Precaching render data for cutscene: 5th_Target2_raise ===
[2014-07-16T10:41:20:059+00] [412.7 MB] === Precaching render data for cutscene: 5th_Target1_raise ===
[2014-07-16T10:41:28:546+00] [412.7 MB] === Precaching render data for cutscene: 5th_Target2_raise ===
[2014-07-16T10:41:29:085+00] [412.7 MB] === Precaching render data for cutscene: 5th_Target3_raise ===
[2014-07-16T10:41:30:162+00] [412.7 MB] === Precaching render data for cutscene: 5th_Target1_raise ===
[2014-07-16T10:41:32:886+00] [412.7 MB] CGame::OnPlatformEvent() SystemMenu event, opened: true
[2014-07-16T10:41:39:682+00] [413.4 MB] === Precaching render data for cutscene: 5th_Target2_raise ===
[2014-07-16T10:41:40:299+00] [413.4 MB] === Precaching render data for cutscene: 5th_Target1_raise ===
[2014-07-16T10:41:41:219+00] [413.4 MB] === Precaching render data for cutscene: 5th_Target3_raise ===
[2014-07-16T10:41:50:440+00] [413.4 MB] === Precaching render data for cutscene: 5th_Target1_raise ===
[2014-07-16T10:41:50:816+00] [413.4 MB] === Precaching render data for cutscene: 5th_Target2_raise ===
[2014-07-16T10:41:53:343+00] [413.4 MB] === Precaching render data for cutscene: 5th_Target3_raise ===
[2014-07-16T10:42:00:583+00] [413.4 MB] === Precaching render data for cutscene: 5th_Target1_raise ===
[2014-07-16T10:42:01:950+00] [413.4 MB] === Precaching render data for cutscene: 5th_Target2_raise ===
[2014-07-16T10:42:05:483+00] [413.4 MB] === Precaching render data for cutscene: 5th_Target3_raise ===
[2014-07-16T10:42:10:707+00] [413.4 MB] === Precaching render data for cutscene: 5th_Target1_raise ===
[2014-07-16T10:42:13:060+00] [413.4 MB] === Precaching render data for cutscene: 5th_Target2_raise ===
[2014-07-16T10:42:17:283+00] [413.4 MB] [LoggedInHeartbeat]: Querying server... (idle time 48)
[2014-07-16T10:42:17:594+00] [413.4 MB] === Precaching render data for cutscene: 5th_Target3_raise ===
[2014-07-16T10:42:17:730+00] [413.4 MB] [LoggedInHeartbeat]: rerequest 200.000
[2014-07-16T10:42:17:731+00] [413.4 MB] [XLSP]  :V - 002D1800:002D1800
[2014-07-16T10:42:17:732+00] [413.4 MB] [XLSP] secure address still in use
[2014-07-16T10:42:20:813+00] [413.4 MB] === Precaching render data for cutscene: 5th_Target1_raise ===
[2014-07-16T10:42:24:170+00] [413.4 MB] === Precaching render data for cutscene: 5th_Target2_raise ===
[2014-07-16T10:42:29:705+00] [413.4 MB] === Precaching render data for cutscene: 5th_Target3_raise ===
[2014-07-16T10:42:30:916+00] [413.4 MB] === Precaching render data for cutscene: 5th_Target1_raise ===
[2014-07-16T10:42:35:275+00] [413.4 MB] === Precaching render data for cutscene: 5th_Target2_raise ===
[2014-07-16T10:42:41:020+00] [413.4 MB] === Precaching render data for cutscene: 5th_Target1_raise ===
[2014-07-16T10:42:41:816+00] [413.4 MB] === Precaching render data for cutscene: 5th_Target3_raise ===
[2014-07-16T10:42:46:385+00] [413.4 MB] === Precaching render data for cutscene: 5th_Target2_raise ===
[2014-07-16T10:42:51:125+00] [413.4 MB] === Precaching render data for cutscene: 5th_Target1_raise ===
[2014-07-16T10:42:53:927+00] [413.4 MB] === Precaching render data for cutscene: 5th_Target3_raise ===
[2014-07-16T10:42:57:491+00] [413.4 MB] === Precaching render data for cutscene: 5th_Target2_raise ===
[2014-07-16T10:43:01:228+00] [413.4 MB] === Precaching render data for cutscene: 5th_Target1_raise ===
[2014-07-16T10:43:06:038+00] [413.4 MB] === Precaching render data for cutscene: 5th_Target3_raise ===
[2014-07-16T10:43:08:599+00] [413.4 MB] === Precaching render data for cutscene: 5th_Target2_raise ===
[2014-07-16T10:43:11:333+00] [413.4 MB] === Precaching render data for cutscene: 5th_Target1_raise ===
[2014-07-16T10:43:18:149+00] [413.4 MB] === Precaching render data for cutscene: 5th_Target3_raise ===
[2014-07-16T10:43:19:707+00] [413.4 MB] === Precaching render data for cutscene: 5th_Target2_raise ===
[2014-07-16T10:43:21:438+00] [413.4 MB] === Precaching render data for cutscene: 5th_Target1_raise ===
[2014-07-16T10:43:30:262+00] [413.4 MB] === Precaching render data for cutscene: 5th_Target3_raise ===
[2014-07-16T10:43:30:815+00] [413.4 MB] === Precaching render data for cutscene: 5th_Target2_raise ===
[2014-07-16T10:43:31:541+00] [413.4 MB] === Precaching render data for cutscene: 5th_Target1_raise ===
[2014-07-16T10:43:41:663+00] [413.4 MB] === Precaching render data for cutscene: 5th_Target1_raise ===
[2014-07-16T10:43:41:936+00] [413.4 MB] === Precaching render data for cutscene: 5th_Target2_raise ===
[2014-07-16T10:43:42:411+00] [413.4 MB] === Precaching render data for cutscene: 5th_Target3_raise ===
[2014-07-16T10:43:51:794+00] [413.4 MB] === Precaching render data for cutscene: 5th_Target1_raise ===
[2014-07-16T10:43:53:052+00] [413.4 MB] === Precaching render data for cutscene: 5th_Target2_raise ===
[2014-07-16T10:43:54:549+00] [413.4 MB] === Precaching render data for cutscene: 5th_Target3_raise ===
[2014-07-16T10:44:01:925+00] [413.4 MB] === Precaching render data for cutscene: 5th_Target1_raise ===
[2014-07-16T10:44:04:168+00] [413.4 MB] === Precaching render data for cutscene: 5th_Target2_raise ===
[2014-07-16T10:44:06:683+00] [413.4 MB] === Precaching render data for cutscene: 5th_Target3_raise ===
[2014-07-16T10:44:12:055+00] [413.4 MB] === Precaching render data for cutscene: 5th_Target1_raise ===
[2014-07-16T10:44:15:285+00] [413.4 MB] === Precaching render data for cutscene: 5th_Target2_raise ===
[2014-07-16T10:44:18:822+00] [413.4 MB] === Precaching render data for cutscene: 5th_Target3_raise ===
[2014-07-16T10:44:22:186+00] [413.4 MB] === Precaching render data for cutscene: 5th_Target1_raise ===
[2014-07-16T10:44:26:401+00] [413.4 MB] === Precaching render data for cutscene: 5th_Target2_raise ===
[2014-07-16T10:44:30:957+00] [413.4 MB] === Precaching render data for cutscene: 5th_Target3_raise ===
[2014-07-16T10:44:32:316+00] [413.4 MB] === Precaching render data for cutscene: 5th_Target1_raise ===
[2014-07-16T10:44:37:520+00] [413.4 MB] === Precaching render data for cutscene: 5th_Target2_raise ===
[2014-07-16T10:44:42:449+00] [413.4 MB] === Precaching render data for cutscene: 5th_Target1_raise ===
[2014-07-16T10:44:43:095+00] [413.4 MB] === Precaching render data for cutscene: 5th_Target3_raise ===
[2014-07-16T10:44:48:635+00] [413.4 MB] === Precaching render data for cutscene: 5th_Target2_raise ===
[2014-07-16T10:44:52:579+00] [413.4 MB] === Precaching render data for cutscene: 5th_Target1_raise ===
[2014-07-16T10:44:55:232+00] [413.4 MB] === Precaching render data for cutscene: 5th_Target3_raise ===
[2014-07-16T10:44:59:752+00] [413.4 MB] === Precaching render data for cutscene: 5th_Target2_raise ===
[2014-07-16T10:45:02:710+00] [413.4 MB] === Precaching render data for cutscene: 5th_Target1_raise ===
[2014-07-16T10:45:07:365+00] [413.4 MB] === Precaching render data for cutscene: 5th_Target3_raise ===
[2014-07-16T10:45:10:867+00] [413.4 MB] === Precaching render data for cutscene: 5th_Target2_raise ===
[2014-07-16T10:45:12:839+00] [413.4 MB] === Precaching render data for cutscene: 5th_Target1_raise ===
[2014-07-16T10:45:19:502+00] [413.4 MB] === Precaching render data for cutscene: 5th_Target3_raise ===
[2014-07-16T10:45:21:983+00] [413.4 MB] === Precaching render data for cutscene: 5th_Target2_raise ===
[2014-07-16T10:45:22:969+00] [413.4 MB] === Precaching render data for cutscene: 5th_Target1_raise ===
[2014-07-16T10:45:31:638+00] [413.4 MB] === Precaching render data for cutscene: 5th_Target3_raise ===
[2014-07-16T10:45:33:100+00] [413.4 MB] === Precaching render data for cutscene: 5th_Target2_raise ===
[2014-07-16T10:45:33:102+00] [413.4 MB] === Precaching render data for cutscene: 5th_Target1_raise ===
[2014-07-16T10:45:38:266+00] [413.4 MB] [LoggedInHeartbeat]: Querying server... (idle time 249)
[2014-07-16T10:45:38:706+00] [413.4 MB] [LoggedInHeartbeat]: rerequest 200.000
[2014-07-16T10:45:38:707+00] [413.4 MB] [XLSP]  :V - 002D1800:002D1800
[2014-07-16T10:45:38:708+00] [413.4 MB] [XLSP] secure address still in use
[2014-07-16T10:45:43:232+00] [413.4 MB] === Precaching render data for cutscene: 5th_Target1_raise ===
[2014-07-16T10:45:43:775+00] [413.4 MB] === Precaching render data for cutscene: 5th_Target3_raise ===
[2014-07-16T10:45:44:217+00] [413.4 MB] === Precaching render data for cutscene: 5th_Target2_raise ===
[2014-07-16T10:45:53:362+00] [413.4 MB] === Precaching render data for cutscene: 5th_Target1_raise ===
[2014-07-16T10:45:55:334+00] [413.4 MB] === Precaching render data for cutscene: 5th_Target2_raise ===
[2014-07-16T10:45:55:912+00] [413.4 MB] === Precaching render data for cutscene: 5th_Target3_raise ===
[2014-07-16T10:46:03:494+00] [413.4 MB] === Precaching render data for cutscene: 5th_Target1_raise ===
[2014-07-16T10:46:06:452+00] [413.4 MB] === Precaching render data for cutscene: 5th_Target2_raise ===
[2014-07-16T10:46:08:049+00] [413.4 MB] === Precaching render data for cutscene: 5th_Target3_raise ===
[2014-07-16T10:46:13:626+00] [413.4 MB] === Precaching render data for cutscene: 5th_Target1_raise ===
[2014-07-16T10:46:17:569+00] [413.4 MB] === Precaching render data for cutscene: 5th_Target2_raise ===
[2014-07-16T10:46:20:187+00] [413.4 MB] === Precaching render data for cutscene: 5th_Target3_raise ===
[2014-07-16T10:46:23:757+00] [413.4 MB] === Precaching render data for cutscene: 5th_Target1_raise ===
[2014-07-16T10:46:28:688+00] [413.4 MB] === Precaching render data for cutscene: 5th_Target2_raise ===
[2014-07-16T10:46:28:752+00] [413.4 MB] [net ] [Lobby] StartFriendsGetFriendsList result 0
[2014-07-16T10:46:28:854+00] [413.4 MB] [RSS/DataFeed] Sent
[2014-07-16T10:46:32:324+00] [414.1 MB] [RSS/DataFeed] Downloaded!
[2014-07-16T10:46:32:328+00] [413.5 MB] === Precaching render data for cutscene: 5th_Target3_raise ===
[2014-07-16T10:46:33:892+00] [413.5 MB] === Precaching render data for cutscene: 5th_Target1_raise ===
[2014-07-16T10:46:39:808+00] [413.4 MB] === Precaching render data for cutscene: 5th_Target2_raise ===
[2014-07-16T10:46:44:023+00] [413.4 MB] === Precaching render data for cutscene: 5th_Target1_raise ===
[2014-07-16T10:46:44:465+00] [413.4 MB] === Precaching render data for cutscene: 5th_Target3_raise ===
[2014-07-16T10:46:50:922+00] [413.4 MB] === Precaching render data for cutscene: 5th_Target2_raise ===
[2014-07-16T10:46:54:152+00] [413.4 MB] === Precaching render data for cutscene: 5th_Target1_raise ===
[2014-07-16T10:46:56:599+00] [413.4 MB] === Precaching render data for cutscene: 5th_Target3_raise ===
[2014-07-16T10:47:02:040+00] [413.4 MB] === Precaching render data for cutscene: 5th_Target2_raise ===
[2014-07-16T10:47:04:283+00] [413.4 MB] === Precaching render data for cutscene: 5th_Target1_raise ===
[2014-07-16T10:47:08:737+00] [413.4 MB] === Precaching render data for cutscene: 5th_Target3_raise ===
[2014-07-16T10:47:13:157+00] [413.4 MB] === Precaching render data for cutscene: 5th_Target2_raise ===
[2014-07-16T10:47:14:415+00] [413.4 MB] === Precaching render data for cutscene: 5th_Target1_raise ===
[2014-07-16T10:47:20:873+00] [413.4 MB] === Precaching render data for cutscene: 5th_Target3_raise ===
[2014-07-16T10:47:24:269+00] [413.4 MB] [net ] [Lobby] StartFriendsGetFriendsList result 0
[2014-07-16T10:47:24:274+00] [413.4 MB] === Precaching render data for cutscene: 5th_Target2_raise ===
[2014-07-16T10:47:24:544+00] [413.4 MB] === Precaching render data for cutscene: 5th_Target1_raise ===
[2014-07-16T10:47:33:010+00] [413.4 MB] === Precaching render data for cutscene: 5th_Target3_raise ===
[2014-07-16T10:47:34:675+00] [413.4 MB] === Precaching render data for cutscene: 5th_Target1_raise ===
[2014-07-16T10:47:35:390+00] [413.4 MB] === Precaching render data for cutscene: 5th_Target2_raise ===
[2014-07-16T10:47:44:805+00] [413.4 MB] === Precaching render data for cutscene: 5th_Target1_raise ===
[2014-07-16T10:47:45:146+00] [413.4 MB] === Precaching render data for cutscene: 5th_Target3_raise ===
[2014-07-16T10:47:46:505+00] [413.4 MB] === Precaching render data for cutscene: 5th_Target2_raise ===
[2014-07-16T10:47:48:237+00] [413.4 MB] [net ] [Lobby] StartFriendsGetFriendsList result 0
[2014-07-16T10:47:54:936+00] [413.4 MB] === Precaching render data for cutscene: 5th_Target1_raise ===
[2014-07-16T10:47:57:283+00] [413.4 MB] === Precaching render data for cutscene: 5th_Target3_raise ===
[2014-07-16T10:47:57:622+00] [413.4 MB] === Precaching render data for cutscene: 5th_Target2_raise ===
[2014-07-16T10:48:05:068+00] [413.4 MB] === Precaching render data for cutscene: 5th_Target1_raise ===
[2014-07-16T10:48:08:740+00] [413.4 MB] === Precaching render data for cutscene: 5th_Target2_raise ===
[2014-07-16T10:48:09:419+00] [413.4 MB] === Precaching render data for cutscene: 5th_Target3_raise ===
[2014-07-16T10:48:15:199+00] [413.4 MB] === Precaching render data for cutscene: 5th_Target1_raise ===
[2014-07-16T10:48:19:859+00] [413.4 MB] === Precaching render data for cutscene: 5th_Target2_raise ===
[2014-07-16T10:48:21:557+00] [413.4 MB] === Precaching render data for cutscene: 5th_Target3_raise ===
[2014-07-16T10:48:25:332+00] [413.4 MB] === Precaching render data for cutscene: 5th_Target1_raise ===
[2014-07-16T10:48:30:974+00] [413.4 MB] === Precaching render data for cutscene: 5th_Target2_raise ===
[2014-07-16T10:48:33:693+00] [413.4 MB] === Precaching render data for cutscene: 5th_Target3_raise ===
[2014-07-16T10:48:35:461+00] [413.4 MB] === Precaching render data for cutscene: 5th_Target1_raise ===
[2014-07-16T10:48:42:090+00] [413.4 MB] === Precaching render data for cutscene: 5th_Target2_raise ===
[2014-07-16T10:48:45:592+00] [413.4 MB] === Precaching render data for cutscene: 5th_Target1_raise ===
[2014-07-16T10:48:45:830+00] [413.4 MB] === Precaching render data for cutscene: 5th_Target3_raise ===
[2014-07-16T10:48:53:207+00] [413.4 MB] === Precaching render data for cutscene: 5th_Target2_raise ===
[2014-07-16T10:48:55:728+00] [413.4 MB] === Precaching render data for cutscene: 5th_Target1_raise ===
[2014-07-16T10:48:57:984+00] [413.4 MB] === Precaching render data for cutscene: 5th_Target3_raise ===
[2014-07-16T10:48:59:183+00] [413.4 MB] [LoggedInHeartbeat]: Querying server... (idle time 449)
[2014-07-16T10:48:59:621+00] [413.4 MB] [LoggedInHeartbeat]: rerequest 200.000
[2014-07-16T10:48:59:622+00] [413.4 MB] [XLSP]  :V - 002D1800:002D1800
[2014-07-16T10:48:59:623+00] [413.4 MB] [XLSP] secure address still in use
[2014-07-16T10:49:04:349+00] [413.4 MB] === Precaching render data for cutscene: 5th_Target2_raise ===
[2014-07-16T10:49:05:845+00] [413.4 MB] === Precaching render data for cutscene: 5th_Target1_raise ===
[2014-07-16T10:49:10:128+00] [413.4 MB] === Precaching render data for cutscene: 5th_Target3_raise ===
[2014-07-16T10:49:15:467+00] [413.4 MB] === Precaching render data for cutscene: 5th_Target2_raise ===
[2014-07-16T10:49:15:977+00] [413.4 MB] === Precaching render data for cutscene: 5th_Target1_raise ===
[2014-07-16T10:49:22:265+00] [413.4 MB] === Precaching render data for cutscene: 5th_Target3_raise ===
[2014-07-16T10:49:26:107+00] [413.4 MB] === Precaching render data for cutscene: 5th_Target1_raise ===
[2014-07-16T10:49:26:583+00] [413.4 MB] === Precaching render data for cutscene: 5th_Target2_raise ===
[2014-07-16T10:49:34:402+00] [413.4 MB] === Precaching render data for cutscene: 5th_Target3_raise ===
[2014-07-16T10:49:36:239+00] [413.4 MB] === Precaching render data for cutscene: 5th_Target1_raise ===
[2014-07-16T10:49:37:701+00] [413.4 MB] === Precaching render data for cutscene: 5th_Target2_raise ===
[2014-07-16T10:49:46:370+00] [413.4 MB] === Precaching render data for cutscene: 5th_Target1_raise ===
[2014-07-16T10:49:46:540+00] [413.4 MB] === Precaching render data for cutscene: 5th_Target3_raise ===
[2014-07-16T10:49:48:817+00] [413.4 MB] === Precaching render data for cutscene: 5th_Target2_raise ===
[2014-07-16T10:49:56:501+00] [413.4 MB] === Precaching render data for cutscene: 5th_Target1_raise ===
[2014-07-16T10:49:58:677+00] [413.4 MB] === Precaching render data for cutscene: 5th_Target3_raise ===
[2014-07-16T10:49:59:934+00] [413.4 MB] === Precaching render data for cutscene: 5th_Target2_raise ===
[2014-07-16T10:50:06:630+00] [413.4 MB] === Precaching render data for cutscene: 5th_Target1_raise ===
[2014-07-16T10:50:10:811+00] [413.4 MB] === Precaching render data for cutscene: 5th_Target3_raise ===
[2014-07-16T10:50:11:050+00] [413.4 MB] === Precaching render data for cutscene: 5th_Target2_raise ===
[2014-07-16T10:50:16:761+00] [413.4 MB] === Precaching render data for cutscene: 5th_Target1_raise ===
[2014-07-16T10:50:22:166+00] [413.4 MB] === Precaching render data for cutscene: 5th_Target2_raise ===
[2014-07-16T10:50:22:949+00] [413.4 MB] === Precaching render data for cutscene: 5th_Target3_raise ===
[2014-07-16T10:50:26:892+00] [413.4 MB] === Precaching render data for cutscene: 5th_Target1_raise ===
[2014-07-16T10:50:33:283+00] [413.4 MB] === Precaching render data for cutscene: 5th_Target2_raise ===
[2014-07-16T10:50:35:086+00] [413.4 MB] === Precaching render data for cutscene: 5th_Target3_raise ===
[2014-07-16T10:50:37:024+00] [413.4 MB] === Precaching render data for cutscene: 5th_Target1_raise ===
[2014-07-16T10:50:44:399+00] [413.4 MB] === Precaching render data for cutscene: 5th_Target2_raise ===
[2014-07-16T10:50:47:152+00] [413.4 MB] === Precaching render data for cutscene: 5th_Target1_raise ===
[2014-07-16T10:50:47:221+00] [413.4 MB] === Precaching render data for cutscene: 5th_Target3_raise ===
[2014-07-16T10:50:55:516+00] [413.4 MB] === Precaching render data for cutscene: 5th_Target2_raise ===
[2014-07-16T10:50:57:284+00] [413.4 MB] === Precaching render data for cutscene: 5th_Target1_raise ===
[2014-07-16T10:50:59:358+00] [413.4 MB] === Precaching render data for cutscene: 5th_Target3_raise ===
[2014-07-16T10:51:06:634+00] [413.4 MB] === Precaching render data for cutscene: 5th_Target2_raise ===
[2014-07-16T10:51:07:415+00] [413.4 MB] === Precaching render data for cutscene: 5th_Target1_raise ===
[2014-07-16T10:51:11:494+00] [413.4 MB] === Precaching render data for cutscene: 5th_Target3_raise ===
[2014-07-16T10:51:17:546+00] [413.4 MB] === Precaching render data for cutscene: 5th_Target1_raise ===
[2014-07-16T10:51:17:750+00] [413.4 MB] === Precaching render data for cutscene: 5th_Target2_raise ===
[2014-07-16T10:51:23:633+00] [413.4 MB] === Precaching render data for cutscene: 5th_Target3_raise ===
[2014-07-16T10:51:27:678+00] [413.4 MB] === Precaching render data for cutscene: 5th_Target1_raise ===
[2014-07-16T10:51:28:868+00] [413.4 MB] === Precaching render data for cutscene: 5th_Target2_raise ===
[2014-07-16T10:51:35:771+00] [413.4 MB] === Precaching render data for cutscene: 5th_Target3_raise ===
[2014-07-16T10:51:37:812+00] [413.4 MB] === Precaching render data for cutscene: 5th_Target1_raise ===
[2014-07-16T10:51:39:988+00] [413.4 MB] === Precaching render data for cutscene: 5th_Target2_raise ===
[2014-07-16T10:51:47:891+00] [413.4 MB] === Precaching render data for cutscene: 5th_Target3_raise ===
[2014-07-16T10:51:47:927+00] [413.4 MB] === Precaching render data for cutscene: 5th_Target1_raise ===
[2014-07-16T10:51:51:107+00] [413.4 MB] === Precaching render data for cutscene: 5th_Target2_raise ===
[2014-07-16T10:51:58:045+00] [413.4 MB] === Precaching render data for cutscene: 5th_Target1_raise ===
[2014-07-16T10:52:00:008+00] [413.4 MB] === Precaching render data for cutscene: 5th_Target3_raise ===
[2014-07-16T10:52:02:242+00] [413.4 MB] === Precaching render data for cutscene: 5th_Target2_raise ===
[2014-07-16T10:52:08:166+00] [413.4 MB] === Precaching render data for cutscene: 5th_Target1_raise ===
[2014-07-16T10:52:08:229+00] [413.4 MB] [net ] [Lobby] StartFriendsGetFriendsList result 0
[2014-07-16T10:52:08:331+00] [413.4 MB] [RSS/DataFeed] Sent
[2014-07-16T10:52:11:887+00] [414.0 MB] [RSS/DataFeed] Downloaded!
[2014-07-16T10:52:12:127+00] [413.4 MB] === Precaching render data for cutscene: 5th_Target3_raise ===
[2014-07-16T10:52:13:378+00] [413.4 MB] === Precaching render data for cutscene: 5th_Target2_raise ===
[2014-07-16T10:52:18:286+00] [413.4 MB] === Precaching render data for cutscene: 5th_Target1_raise ===
[2014-07-16T10:52:20:116+00] [413.4 MB] [LoggedInHeartbeat]: Querying server... (idle time 650)
[2014-07-16T10:52:20:517+00] [413.4 MB] [LoggedInHeartbeat]: rerequest 200.000
[2014-07-16T10:52:20:518+00] [413.4 MB] [XLSP]  :V - 002D1800:002D1800
[2014-07-16T10:52:20:519+00] [413.4 MB] [XLSP] secure address still in use
[2014-07-16T10:52:24:243+00] [413.4 MB] === Precaching render data for cutscene: 5th_Target3_raise ===
[2014-07-16T10:52:24:516+00] [413.4 MB] === Precaching render data for cutscene: 5th_Target2_raise ===
[2014-07-16T10:52:28:407+00] [413.4 MB] === Precaching render data for cutscene: 5th_Target1_raise ===
[2014-07-16T10:52:35:653+00] [413.4 MB] === Precaching render data for cutscene: 5th_Target2_raise ===
[2014-07-16T10:52:36:363+00] [413.4 MB] === Precaching render data for cutscene: 5th_Target3_raise ===
[2014-07-16T10:52:38:528+00] [413.4 MB] === Precaching render data for cutscene: 5th_Target1_raise ===
[2014-07-16T10:52:46:786+00] [413.4 MB] === Precaching render data for cutscene: 5th_Target2_raise ===
[2014-07-16T10:52:48:478+00] [413.4 MB] === Precaching render data for cutscene: 5th_Target3_raise ===
[2014-07-16T10:52:48:649+00] [413.4 MB] === Precaching render data for cutscene: 5th_Target1_raise ===
[2014-07-16T10:52:57:922+00] [413.4 MB] === Precaching render data for cutscene: 5th_Target2_raise ===
[2014-07-16T10:52:58:766+00] [413.4 MB] === Precaching render data for cutscene: 5th_Target1_raise ===
[2014-07-16T10:53:00:601+00] [413.4 MB] === Precaching render data for cutscene: 5th_Target3_raise ===
[2014-07-16T10:53:08:897+00] [413.4 MB] === Precaching render data for cutscene: 5th_Target1_raise ===
[2014-07-16T10:53:09:066+00] [413.4 MB] === Precaching render data for cutscene: 5th_Target2_raise ===
[2014-07-16T10:53:12:739+00] [413.4 MB] === Precaching render data for cutscene: 5th_Target3_raise ===
[2014-07-16T10:53:19:030+00] [413.4 MB] === Precaching render data for cutscene: 5th_Target1_raise ===
[2014-07-16T10:53:20:186+00] [413.4 MB] === Precaching render data for cutscene: 5th_Target2_raise ===
[2014-07-16T10:53:24:878+00] [413.4 MB] === Precaching render data for cutscene: 5th_Target3_raise ===
[2014-07-16T10:53:29:161+00] [413.4 MB] === Precaching render data for cutscene: 5th_Target1_raise ===
[2014-07-16T10:53:31:303+00] [413.4 MB] === Precaching render data for cutscene: 5th_Target2_raise ===
[2014-07-16T10:53:37:016+00] [413.4 MB] === Precaching render data for cutscene: 5th_Target3_raise ===
[2014-07-16T10:53:39:293+00] [413.4 MB] === Precaching render data for cutscene: 5th_Target1_raise ===
[2014-07-16T10:53:42:419+00] [413.4 MB] === Precaching render data for cutscene: 5th_Target2_raise ===
[2014-07-16T10:53:49:150+00] [413.4 MB] === Precaching render data for cutscene: 5th_Target3_raise ===
[2014-07-16T10:53:49:424+00] [413.4 MB] === Precaching render data for cutscene: 5th_Target1_raise ===
[2014-07-16T10:53:53:537+00] [413.4 MB] === Precaching render data for cutscene: 5th_Target2_raise ===
[2014-07-16T10:53:59:555+00] [413.4 MB] === Precaching render data for cutscene: 5th_Target1_raise ===
[2014-07-16T10:54:01:288+00] [413.4 MB] === Precaching render data for cutscene: 5th_Target3_raise ===
[2014-07-16T10:54:04:654+00] [413.4 MB] === Precaching render data for cutscene: 5th_Target2_raise ===
[2014-07-16T10:54:09:686+00] [413.4 MB] === Precaching render data for cutscene: 5th_Target1_raise ===
[2014-07-16T10:54:13:426+00] [413.4 MB] === Precaching render data for cutscene: 5th_Target3_raise ===
[2014-07-16T10:54:15:772+00] [413.4 MB] === Precaching render data for cutscene: 5th_Target2_raise ===
[2014-07-16T10:54:19:817+00] [413.4 MB] === Precaching render data for cutscene: 5th_Target1_raise ===
[2014-07-16T10:54:25:563+00] [413.4 MB] === Precaching render data for cutscene: 5th_Target3_raise ===
[2014-07-16T10:54:26:889+00] [413.4 MB] === Precaching render data for cutscene: 5th_Target2_raise ===
[2014-07-16T10:54:29:949+00] [413.4 MB] === Precaching render data for cutscene: 5th_Target1_raise ===
[2014-07-16T10:54:37:699+00] [413.4 MB] === Precaching render data for cutscene: 5th_Target3_raise ===
[2014-07-16T10:54:38:005+00] [413.4 MB] === Precaching render data for cutscene: 5th_Target2_raise ===
[2014-07-16T10:54:40:078+00] [413.4 MB] === Precaching render data for cutscene: 5th_Target1_raise ===
[2014-07-16T10:54:49:122+00] [413.4 MB] === Precaching render data for cutscene: 5th_Target2_raise ===
[2014-07-16T10:54:49:836+00] [413.4 MB] === Precaching render data for cutscene: 5th_Target3_raise ===
[2014-07-16T10:54:50:210+00] [413.4 MB] === Precaching render data for cutscene: 5th_Target1_raise ===
[2014-07-16T10:55:00:240+00] [413.4 MB] === Precaching render data for cutscene: 5th_Target2_raise ===
[2014-07-16T10:55:00:342+00] [413.4 MB] === Precaching render data for cutscene: 5th_Target1_raise ===
[2014-07-16T10:55:01:973+00] [413.4 MB] === Precaching render data for cutscene: 5th_Target3_raise ===
[2014-07-16T10:55:10:474+00] [413.4 MB] === Precaching render data for cutscene: 5th_Target1_raise ===
[2014-07-16T10:55:11:358+00] [413.4 MB] === Precaching render data for cutscene: 5th_Target2_raise ===
[2014-07-16T10:55:14:112+00] [413.4 MB] === Precaching render data for cutscene: 5th_Target3_raise ===
[2014-07-16T10:55:20:605+00] [413.4 MB] === Precaching render data for cutscene: 5th_Target1_raise ===
[2014-07-16T10:55:22:475+00] [413.4 MB] === Precaching render data for cutscene: 5th_Target2_raise ===
[2014-07-16T10:55:26:249+00] [413.4 MB] === Precaching render data for cutscene: 5th_Target3_raise ===
[2014-07-16T10:55:30:735+00] [413.4 MB] === Precaching render data for cutscene: 5th_Target1_raise ===
[2014-07-16T10:55:33:591+00] [413.4 MB] === Precaching render data for cutscene: 5th_Target2_raise ===
[2014-07-16T10:55:38:385+00] [413.4 MB] === Precaching render data for cutscene: 5th_Target3_raise ===
[2014-07-16T10:55:40:867+00] [413.4 MB] === Precaching render data for cutscene: 5th_Target1_raise ===
[2014-07-16T10:55:41:038+00] [413.4 MB] [LoggedInHeartbeat]: Querying server... (idle time 850)
[2014-07-16T10:55:41:476+00] [413.4 MB] [LoggedInHeartbeat]: rerequest 200.000
[2014-07-16T10:55:41:477+00] [413.4 MB] [XLSP]  :V - 002D1800:002D1800
[2014-07-16T10:55:41:478+00] [413.4 MB] [XLSP] secure address still in use
[2014-07-16T10:55:44:709+00] [413.4 MB] === Precaching render data for cutscene: 5th_Target2_raise ===
[2014-07-16T10:55:50:522+00] [413.4 MB] === Precaching render data for cutscene: 5th_Target3_raise ===
[2014-07-16T10:55:50:999+00] [413.4 MB] === Precaching render data for cutscene: 5th_Target1_raise ===
[2014-07-16T10:55:55:825+00] [413.4 MB] === Precaching render data for cutscene: 5th_Target2_raise ===
[2014-07-16T10:56:01:128+00] [413.4 MB] === Precaching render data for cutscene: 5th_Target1_raise ===
[2014-07-16T10:56:02:658+00] [413.4 MB] === Precaching render data for cutscene: 5th_Target3_raise ===
[2014-07-16T10:56:06:942+00] [413.4 MB] === Precaching render data for cutscene: 5th_Target2_raise ===
[2014-07-16T10:56:11:260+00] [413.4 MB] === Precaching render data for cutscene: 5th_Target1_raise ===
[2014-07-16T10:56:14:794+00] [413.4 MB] === Precaching render data for cutscene: 5th_Target3_raise ===
[2014-07-16T10:56:18:057+00] [413.4 MB] === Precaching render data for cutscene: 5th_Target2_raise ===
[2014-07-16T10:56:21:390+00] [413.4 MB] === Precaching render data for cutscene: 5th_Target1_raise ===
[2014-07-16T10:56:26:932+00] [413.4 MB] === Precaching render data for cutscene: 5th_Target3_raise ===
[2014-07-16T10:56:29:176+00] [413.4 MB] === Precaching render data for cutscene: 5th_Target2_raise ===
[2014-07-16T10:56:31:522+00] [413.4 MB] === Precaching render data for cutscene: 5th_Target1_raise ===
[2014-07-16T10:56:39:069+00] [413.4 MB] === Precaching render data for cutscene: 5th_Target3_raise ===
[2014-07-16T10:56:40:294+00] [413.4 MB] === Precaching render data for cutscene: 5th_Target2_raise ===
[2014-07-16T10:56:41:655+00] [413.4 MB] === Precaching render data for cutscene: 5th_Target1_raise ===
[2014-07-16T10:56:51:208+00] [413.4 MB] === Precaching render data for cutscene: 5th_Target3_raise ===
[2014-07-16T10:56:51:412+00] [413.4 MB] === Precaching render data for cutscene: 5th_Target2_raise ===
[2014-07-16T10:56:51:785+00] [413.4 MB] === Precaching render data for cutscene: 5th_Target1_raise ===
[2014-07-16T10:57:01:918+00] [413.4 MB] === Precaching render data for cutscene: 5th_Target1_raise ===
[2014-07-16T10:57:02:530+00] [413.4 MB] === Precaching render data for cutscene: 5th_Target2_raise ===
[2014-07-16T10:57:03:346+00] [413.4 MB] === Precaching render data for cutscene: 5th_Target3_raise ===
[2014-07-16T10:57:12:050+00] [413.4 MB] === Precaching render data for cutscene: 5th_Target1_raise ===
[2014-07-16T10:57:13:648+00] [413.4 MB] === Precaching render data for cutscene: 5th_Target2_raise ===
[2014-07-16T10:57:15:483+00] [413.4 MB] === Precaching render data for cutscene: 5th_Target3_raise ===
[2014-07-16T10:57:22:182+00] [413.4 MB] === Precaching render data for cutscene: 5th_Target1_raise ===
[2014-07-16T10:57:24:766+00] [413.4 MB] === Precaching render data for cutscene: 5th_Target2_raise ===
[2014-07-16T10:57:27:622+00] [413.4 MB] === Precaching render data for cutscene: 5th_Target3_raise ===
[2014-07-16T10:57:32:315+00] [413.4 MB] === Precaching render data for cutscene: 5th_Target1_raise ===
[2014-07-16T10:57:35:884+00] [413.4 MB] === Precaching render data for cutscene: 5th_Target2_raise ===
[2014-07-16T10:57:39:760+00] [413.4 MB] === Precaching render data for cutscene: 5th_Target3_raise ===
[2014-07-16T10:57:42:446+00] [413.4 MB] === Precaching render data for cutscene: 5th_Target1_raise ===
[2014-07-16T10:57:47:001+00] [413.4 MB] === Precaching render data for cutscene: 5th_Target2_raise ===
[2014-07-16T10:57:51:896+00] [413.4 MB] === Precaching render data for cutscene: 5th_Target3_raise ===
[2014-07-16T10:57:52:576+00] [413.4 MB] === Precaching render data for cutscene: 5th_Target1_raise ===
[2014-07-16T10:57:58:117+00] [413.4 MB] === Precaching render data for cutscene: 5th_Target2_raise ===
[2014-07-16T10:58:02:707+00] [413.4 MB] === Precaching render data for cutscene: 5th_Target1_raise ===
[2014-07-16T10:58:04:033+00] [413.4 MB] === Precaching render data for cutscene: 5th_Target3_raise ===
[2014-07-16T10:58:09:235+00] [413.4 MB] === Precaching render data for cutscene: 5th_Target2_raise ===
[2014-07-16T10:58:12:840+00] [413.4 MB] === Precaching render data for cutscene: 5th_Target1_raise ===
[2014-07-16T10:58:16:172+00] [413.4 MB] === Precaching render data for cutscene: 5th_Target3_raise ===
[2014-07-16T10:58:20:353+00] [413.4 MB] === Precaching render data for cutscene: 5th_Target2_raise ===
[2014-07-16T10:58:22:972+00] [413.4 MB] === Precaching render data for cutscene: 5th_Target1_raise ===
[2014-07-16T10:58:28:309+00] [413.4 MB] === Precaching render data for cutscene: 5th_Target3_raise ===
[2014-07-16T10:58:31:470+00] [413.4 MB] === Precaching render data for cutscene: 5th_Target2_raise ===
[2014-07-16T10:58:33:102+00] [413.4 MB] === Precaching render data for cutscene: 5th_Target1_raise ===
[2014-07-16T10:58:40:445+00] [413.4 MB] === Precaching render data for cutscene: 5th_Target3_raise ===
[2014-07-16T10:58:42:588+00] [413.4 MB] === Precaching render data for cutscene: 5th_Target2_raise ===
[2014-07-16T10:58:43:235+00] [413.4 MB] === Precaching render data for cutscene: 5th_Target1_raise ===
[2014-07-16T10:58:52:583+00] [413.4 MB] === Precaching render data for cutscene: 5th_Target3_raise ===
[2014-07-16T10:58:53:366+00] [413.4 MB] === Precaching render data for cutscene: 5th_Target1_raise ===
[2014-07-16T10:58:53:707+00] [413.4 MB] === Precaching render data for cutscene: 5th_Target2_raise ===
[2014-07-16T10:59:02:000+00] [413.4 MB] [LoggedInHeartbeat]: Querying server... (idle time 1050)
[2014-07-16T10:59:02:440+00] [413.4 MB] [LoggedInHeartbeat]: rerequest 200.000
[2014-07-16T10:59:02:441+00] [413.4 MB] [XLSP]  :V - 002D1800:002D1800
[2014-07-16T10:59:02:442+00] [413.4 MB] [XLSP] secure address still in use
[2014-07-16T10:59:03:496+00] [413.4 MB] === Precaching render data for cutscene: 5th_Target1_raise ===
[2014-07-16T10:59:04:720+00] [413.4 MB] === Precaching render data for cutscene: 5th_Target3_raise ===
[2014-07-16T10:59:04:823+00] [413.4 MB] === Precaching render data for cutscene: 5th_Target2_raise ===
[2014-07-16T10:59:13:628+00] [413.4 MB] === Precaching render data for cutscene: 5th_Target1_raise ===
[2014-07-16T10:59:15:941+00] [413.4 MB] === Precaching render data for cutscene: 5th_Target2_raise ===
[2014-07-16T10:59:16:859+00] [413.4 MB] === Precaching render data for cutscene: 5th_Target3_raise ===
[2014-07-16T10:59:23:759+00] [413.4 MB] === Precaching render data for cutscene: 5th_Target1_raise ===
[2014-07-16T10:59:27:058+00] [413.4 MB] === Precaching render data for cutscene: 5th_Target2_raise ===
[2014-07-16T10:59:28:997+00] [413.4 MB] === Precaching render data for cutscene: 5th_Target3_raise ===
[2014-07-16T10:59:33:893+00] [413.4 MB] === Precaching render data for cutscene: 5th_Target1_raise ===
[2014-07-16T10:59:38:177+00] [413.4 MB] === Precaching render data for cutscene: 5th_Target2_raise ===
[2014-07-16T10:59:41:134+00] [413.4 MB] === Precaching render data for cutscene: 5th_Target3_raise ===
[2014-07-16T10:59:44:024+00] [413.4 MB] === Precaching render data for cutscene: 5th_Target1_raise ===
[2014-07-16T10:59:49:295+00] [413.4 MB] === Precaching render data for cutscene: 5th_Target2_raise ===
[2014-07-16T10:59:53:273+00] [413.4 MB] === Precaching render data for cutscene: 5th_Target3_raise ===
[2014-07-16T10:59:54:157+00] [413.4 MB] === Precaching render data for cutscene: 5th_Target1_raise ===
[2014-07-16T11:00:00:412+00] [413.4 MB] === Precaching render data for cutscene: 5th_Target2_raise ===
[2014-07-16T11:00:04:287+00] [413.4 MB] === Precaching render data for cutscene: 5th_Target1_raise ===
[2014-07-16T11:00:05:409+00] [413.4 MB] === Precaching render data for cutscene: 5th_Target3_raise ===
[2014-07-16T11:00:11:528+00] [413.4 MB] === Precaching render data for cutscene: 5th_Target2_raise ===
[2014-07-16T11:00:14:418+00] [413.4 MB] === Precaching render data for cutscene: 5th_Target1_raise ===
[2014-07-16T11:00:17:547+00] [413.4 MB] === Precaching render data for cutscene: 5th_Target3_raise ===
[2014-07-16T11:00:22:649+00] [413.4 MB] === Precaching render data for cutscene: 5th_Target2_raise ===
[2014-07-16T11:00:24:551+00] [413.4 MB] === Precaching render data for cutscene: 5th_Target1_raise ===
[2014-07-16T11:00:29:684+00] [413.4 MB] === Precaching render data for cutscene: 5th_Target3_raise ===
[2014-07-16T11:00:33:765+00] [413.4 MB] === Precaching render data for cutscene: 5th_Target2_raise ===
[2014-07-16T11:00:34:682+00] [413.4 MB] === Precaching render data for cutscene: 5th_Target1_raise ===
[2014-07-16T11:00:41:822+00] [413.4 MB] === Precaching render data for cutscene: 5th_Target3_raise ===
[2014-07-16T11:00:44:816+00] [413.4 MB] === Precaching render data for cutscene: 5th_Target1_raise ===
[2014-07-16T11:00:44:882+00] [413.4 MB] === Precaching render data for cutscene: 5th_Target2_raise ===
[2014-07-16T11:00:53:959+00] [413.4 MB] === Precaching render data for cutscene: 5th_Target3_raise ===
[2014-07-16T11:00:54:945+00] [413.4 MB] === Precaching render data for cutscene: 5th_Target1_raise ===
[2014-07-16T11:00:55:999+00] [413.4 MB] === Precaching render data for cutscene: 5th_Target2_raise ===
[2014-07-16T11:01:05:075+00] [413.4 MB] === Precaching render data for cutscene: 5th_Target1_raise ===
[2014-07-16T11:01:06:095+00] [413.4 MB] === Precaching render data for cutscene: 5th_Target3_raise ===
[2014-07-16T11:01:07:116+00] [413.4 MB] === Precaching render data for cutscene: 5th_Target2_raise ===
[2014-07-16T11:01:15:207+00] [413.4 MB] === Precaching render data for cutscene: 5th_Target1_raise ===
[2014-07-16T11:01:18:232+00] [413.4 MB] === Precaching render data for cutscene: 5th_Target3_raise ===
[2014-07-16T11:01:18:233+00] [413.4 MB] === Precaching render data for cutscene: 5th_Target2_raise ===
[2014-07-16T11:01:25:336+00] [413.4 MB] === Precaching render data for cutscene: 5th_Target1_raise ===
[2014-07-16T11:01:29:349+00] [413.4 MB] === Precaching render data for cutscene: 5th_Target2_raise ===
[2014-07-16T11:01:30:368+00] [413.4 MB] === Precaching render data for cutscene: 5th_Target3_raise ===
[2014-07-16T11:01:35:468+00] [413.4 MB] === Precaching render data for cutscene: 5th_Target1_raise ===
[2014-07-16T11:01:40:466+00] [413.4 MB] === Precaching render data for cutscene: 5th_Target2_raise ===
[2014-07-16T11:01:42:507+00] [413.4 MB] === Precaching render data for cutscene: 5th_Target3_raise ===
[2014-07-16T11:01:45:599+00] [413.4 MB] === Precaching render data for cutscene: 5th_Target1_raise ===
[2014-07-16T11:01:51:583+00] [413.4 MB] === Precaching render data for cutscene: 5th_Target2_raise ===
[2014-07-16T11:01:54:643+00] [413.4 MB] === Precaching render data for cutscene: 5th_Target3_raise ===
[2014-07-16T11:01:55:732+00] [413.4 MB] === Precaching render data for cutscene: 5th_Target1_raise ===
[2014-07-16T11:02:02:700+00] [413.4 MB] === Precaching render data for cutscene: 5th_Target2_raise ===
[2014-07-16T11:02:05:862+00] [413.4 MB] === Precaching render data for cutscene: 5th_Target1_raise ===
[2014-07-16T11:02:06:780+00] [413.4 MB] === Precaching render data for cutscene: 5th_Target3_raise ===
[2014-07-16T11:02:13:818+00] [413.4 MB] === Precaching render data for cutscene: 5th_Target2_raise ===
[2014-07-16T11:02:15:994+00] [413.4 MB] === Precaching render data for cutscene: 5th_Target1_raise ===
[2014-07-16T11:02:18:918+00] [413.4 MB] === Precaching render data for cutscene: 5th_Target3_raise ===
[2014-07-16T11:02:22:964+00] [413.4 MB] [LoggedInHeartbeat]: Querying server... (idle time 1251)
[2014-07-16T11:02:23:368+00] [413.4 MB] [LoggedInHeartbeat]: rerequest 200.000
[2014-07-16T11:02:23:369+00] [413.4 MB] [XLSP]  :V - 002D1800:002D1800
[2014-07-16T11:02:23:371+00] [413.4 MB] [XLSP] secure address still in use
[2014-07-16T11:02:24:935+00] [413.4 MB] === Precaching render data for cutscene: 5th_Target2_raise ===
[2014-07-16T11:02:26:125+00] [413.4 MB] === Precaching render data for cutscene: 5th_Target1_raise ===
[2014-07-16T11:02:31:054+00] [413.4 MB] === Precaching render data for cutscene: 5th_Target3_raise ===
[2014-07-16T11:02:36:050+00] [413.4 MB] === Precaching render data for cutscene: 5th_Target2_raise ===
[2014-07-16T11:02:36:255+00] [413.4 MB] === Precaching render data for cutscene: 5th_Target1_raise ===
[2014-07-16T11:02:43:191+00] [413.4 MB] === Precaching render data for cutscene: 5th_Target3_raise ===
[2014-07-16T11:02:46:386+00] [413.4 MB] === Precaching render data for cutscene: 5th_Target1_raise ===
[2014-07-16T11:02:47:168+00] [413.4 MB] === Precaching render data for cutscene: 5th_Target2_raise ===
[2014-07-16T11:02:55:328+00] [413.4 MB] === Precaching render data for cutscene: 5th_Target3_raise ===
[2014-07-16T11:02:56:517+00] [413.4 MB] === Precaching render data for cutscene: 5th_Target1_raise ===
[2014-07-16T11:02:58:284+00] [413.4 MB] === Precaching render data for cutscene: 5th_Target2_raise ===
[2014-07-16T11:03:06:649+00] [413.4 MB] === Precaching render data for cutscene: 5th_Target1_raise ===
[2014-07-16T11:03:07:465+00] [413.4 MB] === Precaching render data for cutscene: 5th_Target3_raise ===
[2014-07-16T11:03:09:403+00] [413.4 MB] === Precaching render data for cutscene: 5th_Target2_raise ===
[2014-07-16T11:03:16:782+00] [413.4 MB] === Precaching render data for cutscene: 5th_Target1_raise ===
[2014-07-16T11:03:19:602+00] [413.4 MB] === Precaching render data for cutscene: 5th_Target3_raise ===
[2014-07-16T11:03:20:520+00] [413.4 MB] === Precaching render data for cutscene: 5th_Target2_raise ===
[2014-07-16T11:03:26:912+00] [413.4 MB] === Precaching render data for cutscene: 5th_Target1_raise ===
[2014-07-16T11:03:31:640+00] [413.4 MB] === Precaching render data for cutscene: 5th_Target2_raise ===
[2014-07-16T11:03:31:742+00] [413.4 MB] === Precaching render data for cutscene: 5th_Target3_raise ===
[2014-07-16T11:03:37:044+00] [413.4 MB] === Precaching render data for cutscene: 5th_Target1_raise ===
[2014-07-16T11:03:40:883+00] [413.4 MB] [net ] [Lobby] StartFriendsGetFriendsList result 0
[2014-07-16T11:03:40:985+00] [413.4 MB] [RSS/DataFeed] Sent
[2014-07-16T11:03:42:757+00] [414.0 MB] === Precaching render data for cutscene: 5th_Target2_raise ===
[2014-07-16T11:03:43:880+00] [414.0 MB] === Precaching render data for cutscene: 5th_Target3_raise ===
[2014-07-16T11:03:44:489+00] [414.0 MB] [RSS/DataFeed] Downloaded!
[2014-07-16T11:03:47:179+00] [413.4 MB] === Precaching render data for cutscene: 5th_Target1_raise ===
[2014-07-16T11:03:53:874+00] [413.4 MB] === Precaching render data for cutscene: 5th_Target2_raise ===
[2014-07-16T11:03:56:016+00] [413.4 MB] === Precaching render data for cutscene: 5th_Target3_raise ===
[2014-07-16T11:03:57:307+00] [413.4 MB] === Precaching render data for cutscene: 5th_Target1_raise ===
[2014-07-16T11:04:04:988+00] [413.4 MB] === Precaching render data for cutscene: 5th_Target2_raise ===
[2014-07-16T11:04:07:435+00] [413.4 MB] === Precaching render data for cutscene: 5th_Target1_raise ===
[2014-07-16T11:04:08:149+00] [413.4 MB] === Precaching render data for cutscene: 5th_Target3_raise ===
[2014-07-16T11:04:16:104+00] [413.4 MB] === Precaching render data for cutscene: 5th_Target2_raise ===
[2014-07-16T11:04:17:566+00] [413.4 MB] === Precaching render data for cutscene: 5th_Target1_raise ===
[2014-07-16T11:04:20:284+00] [413.4 MB] === Precaching render data for cutscene: 5th_Target3_raise ===
[2014-07-16T11:04:27:219+00] [413.4 MB] === Precaching render data for cutscene: 5th_Target2_raise ===
[2014-07-16T11:04:27:695+00] [413.4 MB] === Precaching render data for cutscene: 5th_Target1_raise ===
[2014-07-16T11:04:32:422+00] [413.4 MB] === Precaching render data for cutscene: 5th_Target3_raise ===
[2014-07-16T11:04:37:826+00] [413.4 MB] === Precaching render data for cutscene: 5th_Target1_raise ===
[2014-07-16T11:04:38:336+00] [413.4 MB] === Precaching render data for cutscene: 5th_Target2_raise ===
[2014-07-16T11:04:44:558+00] [413.4 MB] === Precaching render data for cutscene: 5th_Target3_raise ===
[2014-07-16T11:04:47:957+00] [413.4 MB] === Precaching render data for cutscene: 5th_Target1_raise ===
[2014-07-16T11:04:49:453+00] [413.4 MB] === Precaching render data for cutscene: 5th_Target2_raise ===
[2014-07-16T11:04:56:693+00] [413.4 MB] === Precaching render data for cutscene: 5th_Target3_raise ===
[2014-07-16T11:04:58:087+00] [413.4 MB] === Precaching render data for cutscene: 5th_Target1_raise ===
[2014-07-16T11:05:00:569+00] [413.4 MB] === Precaching render data for cutscene: 5th_Target2_raise ===
[2014-07-16T11:05:08:217+00] [413.4 MB] === Precaching render data for cutscene: 5th_Target1_raise ===
[2014-07-16T11:05:08:830+00] [413.4 MB] === Precaching render data for cutscene: 5th_Target3_raise ===
[2014-07-16T11:05:11:685+00] [413.4 MB] === Precaching render data for cutscene: 5th_Target2_raise ===
[2014-07-16T11:05:18:349+00] [413.4 MB] === Precaching render data for cutscene: 5th_Target1_raise ===
[2014-07-16T11:05:20:967+00] [413.4 MB] === Precaching render data for cutscene: 5th_Target3_raise ===
[2014-07-16T11:05:22:803+00] [413.4 MB] === Precaching render data for cutscene: 5th_Target2_raise ===
[2014-07-16T11:05:28:482+00] [413.4 MB] === Precaching render data for cutscene: 5th_Target1_raise ===
[2014-07-16T11:05:33:105+00] [413.4 MB] === Precaching render data for cutscene: 5th_Target3_raise ===
[2014-07-16T11:05:33:922+00] [413.4 MB] === Precaching render data for cutscene: 5th_Target2_raise ===
[2014-07-16T11:05:38:612+00] [413.4 MB] === Precaching render data for cutscene: 5th_Target1_raise ===
[2014-07-16T11:05:43:849+00] [413.4 MB] [LoggedInHeartbeat]: Querying server... (idle time 1451)
[2014-07-16T11:05:44:218+00] [413.4 MB] [LoggedInHeartbeat]: rerequest 200.000
[2014-07-16T11:05:44:219+00] [413.4 MB] [XLSP]  :V - 002D1800:002D1800
[2014-07-16T11:05:44:220+00] [413.4 MB] [XLSP] secure address still in use
[2014-07-16T11:05:45:037+00] [413.4 MB] === Precaching render data for cutscene: 5th_Target2_raise ===
[2014-07-16T11:05:45:241+00] [413.4 MB] === Precaching render data for cutscene: 5th_Target3_raise ===
[2014-07-16T11:05:48:742+00] [413.4 MB] === Precaching render data for cutscene: 5th_Target1_raise ===
[2014-07-16T11:05:56:152+00] [413.4 MB] === Precaching render data for cutscene: 5th_Target2_raise ===
[2014-07-16T11:05:57:376+00] [413.4 MB] === Precaching render data for cutscene: 5th_Target3_raise ===
[2014-07-16T11:05:58:872+00] [413.4 MB] === Precaching render data for cutscene: 5th_Target1_raise ===
[2014-07-16T11:06:07:269+00] [413.4 MB] === Precaching render data for cutscene: 5th_Target2_raise ===
[2014-07-16T11:06:09:003+00] [413.4 MB] === Precaching render data for cutscene: 5th_Target1_raise ===
[2014-07-16T11:06:09:513+00] [413.4 MB] === Precaching render data for cutscene: 5th_Target3_raise ===
[2014-07-16T11:06:18:385+00] [413.4 MB] === Precaching render data for cutscene: 5th_Target2_raise ===
[2014-07-16T11:06:19:135+00] [413.4 MB] === Precaching render data for cutscene: 5th_Target1_raise ===
[2014-07-16T11:06:21:649+00] [413.4 MB] === Precaching render data for cutscene: 5th_Target3_raise ===
[2014-07-16T11:06:29:266+00] [413.4 MB] === Precaching render data for cutscene: 5th_Target1_raise ===
[2014-07-16T11:06:29:503+00] [413.4 MB] === Precaching render data for cutscene: 5th_Target2_raise ===
[2014-07-16T11:06:33:786+00] [413.4 MB] === Precaching render data for cutscene: 5th_Target3_raise ===
[2014-07-16T11:06:39:396+00] [413.4 MB] === Precaching render data for cutscene: 5th_Target1_raise ===
[2014-07-16T11:06:40:619+00] [413.4 MB] === Precaching render data for cutscene: 5th_Target2_raise ===
[2014-07-16T11:06:45:922+00] [413.4 MB] === Precaching render data for cutscene: 5th_Target3_raise ===
[2014-07-16T11:06:49:527+00] [413.4 MB] === Precaching render data for cutscene: 5th_Target1_raise ===
[2014-07-16T11:06:51:736+00] [413.4 MB] === Precaching render data for cutscene: 5th_Target2_raise ===
[2014-07-16T11:06:58:059+00] [413.4 MB] === Precaching render data for cutscene: 5th_Target3_raise ===
[2014-07-16T11:06:59:657+00] [413.4 MB] === Precaching render data for cutscene: 5th_Target1_raise ===
[2014-07-16T11:07:02:852+00] [413.4 MB] === Precaching render data for cutscene: 5th_Target2_raise ===
[2014-07-16T11:07:09:790+00] [413.4 MB] === Precaching render data for cutscene: 5th_Target1_raise ===
[2014-07-16T11:07:10:198+00] [413.4 MB] === Precaching render data for cutscene: 5th_Target3_raise ===
[2014-07-16T11:07:13:972+00] [413.4 MB] === Precaching render data for cutscene: 5th_Target2_raise ===
[2014-07-16T11:07:19:922+00] [413.4 MB] === Precaching render data for cutscene: 5th_Target1_raise ===
[2014-07-16T11:07:22:335+00] [413.4 MB] === Precaching render data for cutscene: 5th_Target3_raise ===
[2014-07-16T11:07:25:088+00] [413.4 MB] === Precaching render data for cutscene: 5th_Target2_raise ===
[2014-07-16T11:07:30:051+00] [413.4 MB] === Precaching render data for cutscene: 5th_Target1_raise ===
[2014-07-16T11:07:34:472+00] [413.4 MB] === Precaching render data for cutscene: 5th_Target3_raise ===
[2014-07-16T11:07:36:207+00] [413.4 MB] === Precaching render data for cutscene: 5th_Target2_raise ===
[2014-07-16T11:07:40:183+00] [413.4 MB] === Precaching render data for cutscene: 5th_Target1_raise ===
[2014-07-16T11:07:46:609+00] [413.4 MB] === Precaching render data for cutscene: 5th_Target3_raise ===
[2014-07-16T11:07:47:324+00] [413.4 MB] === Precaching render data for cutscene: 5th_Target2_raise ===
[2014-07-16T11:07:50:315+00] [413.4 MB] === Precaching render data for cutscene: 5th_Target1_raise ===
[2014-07-16T11:07:58:440+00] [413.4 MB] === Precaching render data for cutscene: 5th_Target2_raise ===
[2014-07-16T11:07:58:746+00] [413.4 MB] === Precaching render data for cutscene: 5th_Target3_raise ===
[2014-07-16T11:08:00:449+00] [413.4 MB] === Precaching render data for cutscene: 5th_Target1_raise ===
[2014-07-16T11:08:09:562+00] [413.4 MB] === Precaching render data for cutscene: 5th_Target2_raise ===
[2014-07-16T11:08:10:582+00] [413.4 MB] === Precaching render data for cutscene: 5th_Target1_raise ===
[2014-07-16T11:08:10:888+00] [413.4 MB] === Precaching render data for cutscene: 5th_Target3_raise ===
[2014-07-16T11:08:20:679+00] [413.4 MB] === Precaching render data for cutscene: 5th_Target2_raise ===
[2014-07-16T11:08:20:713+00] [413.4 MB] === Precaching render data for cutscene: 5th_Target1_raise ===
[2014-07-16T11:08:23:025+00] [413.4 MB] === Precaching render data for cutscene: 5th_Target3_raise ===
[2014-07-16T11:08:30:844+00] [413.4 MB] === Precaching render data for cutscene: 5th_Target1_raise ===
[2014-07-16T11:08:31:796+00] [413.4 MB] === Precaching render data for cutscene: 5th_Target2_raise ===
[2014-07-16T11:08:35:162+00] [413.4 MB] === Precaching render data for cutscene: 5th_Target3_raise ===
[2014-07-16T11:08:40:976+00] [413.4 MB] === Precaching render data for cutscene: 5th_Target1_raise ===
[2014-07-16T11:08:42:912+00] [413.4 MB] === Precaching render data for cutscene: 5th_Target2_raise ===
[2014-07-16T11:08:47:299+00] [413.4 MB] === Precaching render data for cutscene: 5th_Target3_raise ===
[2014-07-16T11:08:51:108+00] [413.4 MB] === Precaching render data for cutscene: 5th_Target1_raise ===
[2014-07-16T11:08:54:032+00] [413.4 MB] === Precaching render data for cutscene: 5th_Target2_raise ===
[2014-07-16T11:08:59:436+00] [413.4 MB] === Precaching render data for cutscene: 5th_Target3_raise ===
[2014-07-16T11:09:01:238+00] [413.4 MB] === Precaching render data for cutscene: 5th_Target1_raise ===
[2014-07-16T11:09:04:740+00] [413.4 MB] [LoggedInHeartbeat]: Querying server... (idle time 1652)
[2014-07-16T11:09:05:148+00] [413.4 MB] === Precaching render data for cutscene: 5th_Target2_raise ===
[2014-07-16T11:09:05:179+00] [413.4 MB] [LoggedInHeartbeat]: rerequest 200.000
[2014-07-16T11:09:05:180+00] [413.4 MB] [XLSP]  :V - 002D1800:002D1800
[2014-07-16T11:09:05:181+00] [413.4 MB] [XLSP] secure address still in use
[2014-07-16T11:09:11:368+00] [413.4 MB] === Precaching render data for cutscene: 5th_Target1_raise ===
[2014-07-16T11:09:11:573+00] [413.4 MB] === Precaching render data for cutscene: 5th_Target3_raise ===
[2014-07-16T11:09:16:299+00] [413.4 MB] === Precaching render data for cutscene: 5th_Target2_raise ===
[2014-07-16T11:09:21:500+00] [413.4 MB] === Precaching render data for cutscene: 5th_Target1_raise ===
[2014-07-16T11:09:23:710+00] [413.4 MB] === Precaching render data for cutscene: 5th_Target3_raise ===
[2014-07-16T11:09:27:416+00] [413.4 MB] === Precaching render data for cutscene: 5th_Target2_raise ===
[2014-07-16T11:09:31:632+00] [413.4 MB] === Precaching render data for cutscene: 5th_Target1_raise ===
[2014-07-16T11:09:35:849+00] [413.4 MB] === Precaching render data for cutscene: 5th_Target3_raise ===
[2014-07-16T11:09:38:534+00] [413.4 MB] === Precaching render data for cutscene: 5th_Target2_raise ===
[2014-07-16T11:09:41:762+00] [413.4 MB] === Precaching render data for cutscene: 5th_Target1_raise ===
[2014-07-16T11:09:47:984+00] [413.4 MB] === Precaching render data for cutscene: 5th_Target3_raise ===
[2014-07-16T11:09:49:649+00] [413.4 MB] === Precaching render data for cutscene: 5th_Target2_raise ===
[2014-07-16T11:09:51:894+00] [413.4 MB] === Precaching render data for cutscene: 5th_Target1_raise ===
[2014-07-16T11:10:00:122+00] [413.4 MB] === Precaching render data for cutscene: 5th_Target3_raise ===
[2014-07-16T11:10:00:767+00] [413.4 MB] === Precaching render data for cutscene: 5th_Target2_raise ===
[2014-07-16T11:10:02:024+00] [413.4 MB] === Precaching render data for cutscene: 5th_Target1_raise ===
[2014-07-16T11:10:11:882+00] [413.4 MB] === Precaching render data for cutscene: 5th_Target2_raise ===
[2014-07-16T11:10:12:154+00] [413.4 MB] === Precaching render data for cutscene: 5th_Target1_raise ===
[2014-07-16T11:10:12:257+00] [413.4 MB] === Precaching render data for cutscene: 5th_Target3_raise ===
[2014-07-16T11:10:22:285+00] [413.4 MB] === Precaching render data for cutscene: 5th_Target1_raise ===
[2014-07-16T11:10:22:999+00] [413.4 MB] === Precaching render data for cutscene: 5th_Target2_raise ===
[2014-07-16T11:10:24:394+00] [413.4 MB] === Precaching render data for cutscene: 5th_Target3_raise ===
[2014-07-16T11:10:32:418+00] [413.4 MB] === Precaching render data for cutscene: 5th_Target1_raise ===
[2014-07-16T11:10:34:119+00] [413.4 MB] === Precaching render data for cutscene: 5th_Target2_raise ===
[2014-07-16T11:10:36:532+00] [413.4 MB] === Precaching render data for cutscene: 5th_Target3_raise ===
[2014-07-16T11:10:42:549+00] [413.4 MB] === Precaching render data for cutscene: 5th_Target1_raise ===
[2014-07-16T11:10:45:234+00] [413.4 MB] === Precaching render data for cutscene: 5th_Target2_raise ===
[2014-07-16T11:10:48:668+00] [413.4 MB] === Precaching render data for cutscene: 5th_Target3_raise ===
[2014-07-16T11:10:52:680+00] [413.4 MB] === Precaching render data for cutscene: 5th_Target1_raise ===
[2014-07-16T11:10:56:353+00] [413.4 MB] === Precaching render data for cutscene: 5th_Target2_raise ===
[2014-07-16T11:11:00:807+00] [413.4 MB] === Precaching render data for cutscene: 5th_Target3_raise ===
[2014-07-16T11:11:02:812+00] [413.4 MB] === Precaching render data for cutscene: 5th_Target1_raise ===
[2014-07-16T11:11:07:469+00] [413.4 MB] === Precaching render data for cutscene: 5th_Target2_raise ===
[2014-07-16T11:11:12:944+00] [413.4 MB] === Precaching render data for cutscene: 5th_Target3_raise ===
[2014-07-16T11:11:12:946+00] [413.4 MB] === Precaching render data for cutscene: 5th_Target1_raise ===
[2014-07-16T11:11:18:588+00] [413.4 MB] === Precaching render data for cutscene: 5th_Target2_raise ===
[2014-07-16T11:11:23:076+00] [413.4 MB] === Precaching render data for cutscene: 5th_Target1_raise ===
[2014-07-16T11:11:25:082+00] [413.4 MB] === Precaching render data for cutscene: 5th_Target3_raise ===
[2014-07-16T11:11:29:705+00] [413.4 MB] === Precaching render data for cutscene: 5th_Target2_raise ===
[2014-07-16T11:11:33:207+00] [413.4 MB] === Precaching render data for cutscene: 5th_Target1_raise ===
[2014-07-16T11:11:37:219+00] [413.4 MB] === Precaching render data for cutscene: 5th_Target3_raise ===
[2014-07-16T11:11:40:823+00] [413.4 MB] === Precaching render data for cutscene: 5th_Target2_raise ===
[2014-07-16T11:11:43:338+00] [413.4 MB] === Precaching render data for cutscene: 5th_Target1_raise ===
[2014-07-16T11:11:49:355+00] [413.4 MB] === Precaching render data for cutscene: 5th_Target3_raise ===
[2014-07-16T11:11:51:940+00] [413.4 MB] === Precaching render data for cutscene: 5th_Target2_raise ===
[2014-07-16T11:11:53:468+00] [413.4 MB] === Precaching render data for cutscene: 5th_Target1_raise ===
[2014-07-16T11:12:01:491+00] [413.4 MB] === Precaching render data for cutscene: 5th_Target3_raise ===
[2014-07-16T11:12:03:055+00] [413.4 MB] === Precaching render data for cutscene: 5th_Target2_raise ===
[2014-07-16T11:12:03:598+00] [413.4 MB] === Precaching render data for cutscene: 5th_Target1_raise ===
[2014-07-16T11:12:13:629+00] [413.4 MB] === Precaching render data for cutscene: 5th_Target3_raise ===
[2014-07-16T11:12:13:732+00] [413.4 MB] === Precaching render data for cutscene: 5th_Target1_raise ===
[2014-07-16T11:12:14:174+00] [413.4 MB] === Precaching render data for cutscene: 5th_Target2_raise ===
[2014-07-16T11:12:23:863+00] [413.4 MB] === Precaching render data for cutscene: 5th_Target1_raise ===
[2014-07-16T11:12:25:292+00] [413.4 MB] === Precaching render data for cutscene: 5th_Target2_raise ===
[2014-07-16T11:12:25:666+00] [413.4 MB] [LoggedInHeartbeat]: Querying server... (idle time 1852)
[2014-07-16T11:12:25:767+00] [413.4 MB] === Precaching render data for cutscene: 5th_Target3_raise ===
[2014-07-16T11:12:26:070+00] [413.4 MB] [LoggedInHeartbeat]: rerequest 200.000
[2014-07-16T11:12:26:072+00] [413.4 MB] [XLSP]  :V - 002D1800:002D1800
[2014-07-16T11:12:26:073+00] [413.4 MB] [XLSP] secure address still in use
[2014-07-16T11:12:33:994+00] [413.4 MB] === Precaching render data for cutscene: 5th_Target1_raise ===
[2014-07-16T11:12:36:407+00] [413.4 MB] === Precaching render data for cutscene: 5th_Target2_raise ===
[2014-07-16T11:12:37:903+00] [413.4 MB] === Precaching render data for cutscene: 5th_Target3_raise ===
[2014-07-16T11:12:44:125+00] [413.4 MB] === Precaching render data for cutscene: 5th_Target1_raise ===
[2014-07-16T11:12:47:525+00] [413.4 MB] === Precaching render data for cutscene: 5th_Target2_raise ===
[2014-07-16T11:12:50:040+00] [413.4 MB] === Precaching render data for cutscene: 5th_Target3_raise ===
[2014-07-16T11:12:54:257+00] [413.4 MB] === Precaching render data for cutscene: 5th_Target1_raise ===
[2014-07-16T11:12:58:643+00] [413.4 MB] === Precaching render data for cutscene: 5th_Target2_raise ===
[2014-07-16T11:13:02:179+00] [413.4 MB] === Precaching render data for cutscene: 5th_Target3_raise ===
[2014-07-16T11:13:04:388+00] [413.4 MB] === Precaching render data for cutscene: 5th_Target1_raise ===
[2014-07-16T11:13:09:759+00] [413.4 MB] === Precaching render data for cutscene: 5th_Target2_raise ===
[2014-07-16T11:13:14:316+00] [413.4 MB] === Precaching render data for cutscene: 5th_Target3_raise ===
[2014-07-16T11:13:14:519+00] [413.4 MB] === Precaching render data for cutscene: 5th_Target1_raise ===
[2014-07-16T11:13:20:878+00] [413.4 MB] === Precaching render data for cutscene: 5th_Target2_raise ===
[2014-07-16T11:13:24:650+00] [413.4 MB] === Precaching render data for cutscene: 5th_Target1_raise ===
[2014-07-16T11:13:26:451+00] [413.4 MB] === Precaching render data for cutscene: 5th_Target3_raise ===
[2014-07-16T11:13:31:994+00] [413.4 MB] === Precaching render data for cutscene: 5th_Target2_raise ===
[2014-07-16T11:13:34:782+00] [413.4 MB] === Precaching render data for cutscene: 5th_Target1_raise ===
[2014-07-16T11:13:38:590+00] [413.4 MB] === Precaching render data for cutscene: 5th_Target3_raise ===
[2014-07-16T11:13:43:112+00] [413.4 MB] === Precaching render data for cutscene: 5th_Target2_raise ===
[2014-07-16T11:13:44:915+00] [413.4 MB] === Precaching render data for cutscene: 5th_Target1_raise ===
[2014-07-16T11:13:50:728+00] [413.4 MB] === Precaching render data for cutscene: 5th_Target3_raise ===
[2014-07-16T11:13:54:232+00] [413.4 MB] === Precaching render data for cutscene: 5th_Target2_raise ===
[2014-07-16T11:13:55:047+00] [413.4 MB] === Precaching render data for cutscene: 5th_Target1_raise ===
[2014-07-16T11:14:02:865+00] [413.4 MB] === Precaching render data for cutscene: 5th_Target3_raise ===
[2014-07-16T11:14:05:177+00] [413.4 MB] === Precaching render data for cutscene: 5th_Target1_raise ===
[2014-07-16T11:14:05:347+00] [413.4 MB] === Precaching render data for cutscene: 5th_Target2_raise ===
[2014-07-16T11:14:15:001+00] [413.4 MB] === Precaching render data for cutscene: 5th_Target3_raise ===
[2014-07-16T11:14:15:307+00] [413.4 MB] === Precaching render data for cutscene: 5th_Target1_raise ===
[2014-07-16T11:14:16:464+00] [413.4 MB] === Precaching render data for cutscene: 5th_Target2_raise ===
[2014-07-16T11:14:25:440+00] [413.4 MB] === Precaching render data for cutscene: 5th_Target1_raise ===
[2014-07-16T11:14:27:140+00] [413.4 MB] === Precaching render data for cutscene: 5th_Target3_raise ===
[2014-07-16T11:14:27:582+00] [413.4 MB] === Precaching render data for cutscene: 5th_Target2_raise ===
[2014-07-16T11:14:35:572+00] [413.4 MB] === Precaching render data for cutscene: 5th_Target1_raise ===
[2014-07-16T11:14:38:699+00] [413.4 MB] === Precaching render data for cutscene: 5th_Target2_raise ===
[2014-07-16T11:14:39:277+00] [413.4 MB] === Precaching render data for cutscene: 5th_Target3_raise ===
[2014-07-16T11:14:45:702+00] [413.4 MB] === Precaching render data for cutscene: 5th_Target1_raise ===
[2014-07-16T11:14:49:816+00] [413.4 MB] === Precaching render data for cutscene: 5th_Target2_raise ===
[2014-07-16T11:14:51:415+00] [413.4 MB] === Precaching render data for cutscene: 5th_Target3_raise ===
[2014-07-16T11:14:55:834+00] [413.4 MB] === Precaching render data for cutscene: 5th_Target1_raise ===
[2014-07-16T11:15:00:933+00] [413.4 MB] === Precaching render data for cutscene: 5th_Target2_raise ===
[2014-07-16T11:15:03:551+00] [413.4 MB] === Precaching render data for cutscene: 5th_Target3_raise ===
[2014-07-16T11:15:05:965+00] [413.4 MB] === Precaching render data for cutscene: 5th_Target1_raise ===
[2014-07-16T11:15:12:052+00] [413.4 MB] === Precaching render data for cutscene: 5th_Target2_raise ===
[2014-07-16T11:15:15:688+00] [413.4 MB] === Precaching render data for cutscene: 5th_Target3_raise ===
[2014-07-16T11:15:16:096+00] [413.4 MB] === Precaching render data for cutscene: 5th_Target1_raise ===
[2014-07-16T11:15:23:168+00] [413.4 MB] === Precaching render data for cutscene: 5th_Target2_raise ===
[2014-07-16T11:15:26:228+00] [413.4 MB] === Precaching render data for cutscene: 5th_Target1_raise ===
[2014-07-16T11:15:27:826+00] [413.4 MB] === Precaching render data for cutscene: 5th_Target3_raise ===
[2014-07-16T11:15:34:285+00] [413.4 MB] === Precaching render data for cutscene: 5th_Target2_raise ===
[2014-07-16T11:15:36:360+00] [413.4 MB] === Precaching render data for cutscene: 5th_Target1_raise ===
[2014-07-16T11:15:39:963+00] [413.4 MB] === Precaching render data for cutscene: 5th_Target3_raise ===
[2014-07-16T11:15:45:404+00] [413.4 MB] === Precaching render data for cutscene: 5th_Target2_raise ===
[2014-07-16T11:15:46:492+00] [413.4 MB] === Precaching render data for cutscene: 5th_Target1_raise ===
[2014-07-16T11:15:46:560+00] [413.4 MB] [LoggedInHeartbeat]: Querying server... (idle time 2052)
[2014-07-16T11:15:47:033+00] [413.4 MB] [LoggedInHeartbeat]: rerequest 200.000
[2014-07-16T11:15:47:034+00] [413.4 MB] [XLSP]  :V - 002D1800:002D1800
[2014-07-16T11:15:47:035+00] [413.4 MB] [XLSP] secure address still in use
[2014-07-16T11:15:52:102+00] [413.4 MB] === Precaching render data for cutscene: 5th_Target3_raise ===
[2014-07-16T11:15:56:522+00] [413.4 MB] === Precaching render data for cutscene: 5th_Target2_raise ===
[2014-07-16T11:15:56:624+00] [413.4 MB] === Precaching render data for cutscene: 5th_Target1_raise ===
[2014-07-16T11:16:04:240+00] [413.4 MB] === Precaching render data for cutscene: 5th_Target3_raise ===
[2014-07-16T11:16:06:755+00] [413.4 MB] === Precaching render data for cutscene: 5th_Target1_raise ===
[2014-07-16T11:16:07:640+00] [413.4 MB] === Precaching render data for cutscene: 5th_Target2_raise ===
[2014-07-16T11:16:16:377+00] [413.4 MB] === Precaching render data for cutscene: 5th_Target3_raise ===
[2014-07-16T11:16:16:886+00] [413.4 MB] === Precaching render data for cutscene: 5th_Target1_raise ===
[2014-07-16T11:16:18:757+00] [413.4 MB] === Precaching render data for cutscene: 5th_Target2_raise ===
[2014-07-16T11:16:27:018+00] [413.4 MB] === Precaching render data for cutscene: 5th_Target1_raise ===
[2014-07-16T11:16:28:513+00] [413.4 MB] === Precaching render data for cutscene: 5th_Target3_raise ===
[2014-07-16T11:16:29:873+00] [413.4 MB] === Precaching render data for cutscene: 5th_Target2_raise ===
[2014-07-16T11:16:37:149+00] [413.4 MB] === Precaching render data for cutscene: 5th_Target1_raise ===
[2014-07-16T11:16:40:649+00] [413.4 MB] === Precaching render data for cutscene: 5th_Target3_raise ===
[2014-07-16T11:16:40:990+00] [413.4 MB] === Precaching render data for cutscene: 5th_Target2_raise ===
[2014-07-16T11:16:47:280+00] [413.4 MB] === Precaching render data for cutscene: 5th_Target1_raise ===
[2014-07-16T11:16:52:107+00] [413.4 MB] === Precaching render data for cutscene: 5th_Target2_raise ===
[2014-07-16T11:16:52:787+00] [413.4 MB] === Precaching render data for cutscene: 5th_Target3_raise ===
[2014-07-16T11:16:57:411+00] [413.4 MB] === Precaching render data for cutscene: 5th_Target1_raise ===
[2014-07-16T11:17:03:226+00] [413.4 MB] === Precaching render data for cutscene: 5th_Target2_raise ===
[2014-07-16T11:17:04:924+00] [413.4 MB] === Precaching render data for cutscene: 5th_Target3_raise ===
[2014-07-16T11:17:07:540+00] [413.4 MB] === Precaching render data for cutscene: 5th_Target1_raise ===
[2014-07-16T11:17:14:341+00] [413.4 MB] === Precaching render data for cutscene: 5th_Target2_raise ===
[2014-07-16T11:17:17:061+00] [413.4 MB] === Precaching render data for cutscene: 5th_Target3_raise ===
[2014-07-16T11:17:17:674+00] [413.4 MB] === Precaching render data for cutscene: 5th_Target1_raise ===
[2014-07-16T11:17:25:458+00] [413.4 MB] === Precaching render data for cutscene: 5th_Target2_raise ===
[2014-07-16T11:17:27:805+00] [413.4 MB] === Precaching render data for cutscene: 5th_Target1_raise ===
[2014-07-16T11:17:29:199+00] [413.4 MB] === Precaching render data for cutscene: 5th_Target3_raise ===
[2014-07-16T11:17:36:576+00] [413.4 MB] === Precaching render data for cutscene: 5th_Target2_raise ===
[2014-07-16T11:17:37:936+00] [413.4 MB] === Precaching render data for cutscene: 5th_Target1_raise ===
[2014-07-16T11:17:41:337+00] [413.4 MB] === Precaching render data for cutscene: 5th_Target3_raise ===
[2014-07-16T11:17:47:694+00] [413.4 MB] === Precaching render data for cutscene: 5th_Target2_raise ===
[2014-07-16T11:17:48:068+00] [413.4 MB] === Precaching render data for cutscene: 5th_Target1_raise ===
[2014-07-16T11:17:53:473+00] [413.4 MB] === Precaching render data for cutscene: 5th_Target3_raise ===
[2014-07-16T11:17:58:199+00] [413.4 MB] === Precaching render data for cutscene: 5th_Target1_raise ===
[2014-07-16T11:17:58:811+00] [413.4 MB] === Precaching render data for cutscene: 5th_Target2_raise ===
[2014-07-16T11:18:05:609+00] [413.4 MB] === Precaching render data for cutscene: 5th_Target3_raise ===
[2014-07-16T11:18:08:329+00] [413.4 MB] === Precaching render data for cutscene: 5th_Target1_raise ===
[2014-07-16T11:18:09:926+00] [413.4 MB] === Precaching render data for cutscene: 5th_Target2_raise ===
[2014-07-16T11:18:17:746+00] [413.4 MB] === Precaching render data for cutscene: 5th_Target3_raise ===
[2014-07-16T11:18:18:460+00] [413.4 MB] === Precaching render data for cutscene: 5th_Target1_raise ===
[2014-07-16T11:18:21:044+00] [413.4 MB] === Precaching render data for cutscene: 5th_Target2_raise ===
[2014-07-16T11:18:28:591+00] [413.4 MB] === Precaching render data for cutscene: 5th_Target1_raise ===
[2014-07-16T11:18:29:884+00] [413.4 MB] === Precaching render data for cutscene: 5th_Target3_raise ===
[2014-07-16T11:18:32:162+00] [413.4 MB] === Precaching render data for cutscene: 5th_Target2_raise ===
[2014-07-16T11:18:38:725+00] [413.4 MB] === Precaching render data for cutscene: 5th_Target1_raise ===
[2014-07-16T11:18:42:023+00] [413.4 MB] === Precaching render data for cutscene: 5th_Target3_raise ===
[2014-07-16T11:18:43:282+00] [413.4 MB] === Precaching render data for cutscene: 5th_Target2_raise ===
[2014-07-16T11:18:48:857+00] [413.4 MB] === Precaching render data for cutscene: 5th_Target1_raise ===
[2014-07-16T11:18:54:160+00] [413.4 MB] === Precaching render data for cutscene: 5th_Target3_raise ===
[2014-07-16T11:18:54:400+00] [413.4 MB] === Precaching render data for cutscene: 5th_Target2_raise ===
[2014-07-16T11:18:58:989+00] [413.4 MB] === Precaching render data for cutscene: 5th_Target1_raise ===
[2014-07-16T11:19:05:515+00] [413.4 MB] === Precaching render data for cutscene: 5th_Target2_raise ===
[2014-07-16T11:19:06:299+00] [413.4 MB] === Precaching render data for cutscene: 5th_Target3_raise ===
[2014-07-16T11:19:07:521+00] [413.4 MB] [LoggedInHeartbeat]: Querying server... (idle time 2253)
[2014-07-16T11:19:07:960+00] [413.4 MB] [LoggedInHeartbeat]: rerequest 200.000
[2014-07-16T11:19:07:961+00] [413.4 MB] [XLSP]  :V - 002D1800:002D1800
[2014-07-16T11:19:07:962+00] [413.4 MB] [XLSP] secure address still in use
[2014-07-16T11:19:09:119+00] [413.4 MB] === Precaching render data for cutscene: 5th_Target1_raise ===
[2014-07-16T11:19:16:633+00] [413.4 MB] === Precaching render data for cutscene: 5th_Target2_raise ===
[2014-07-16T11:19:18:433+00] [413.4 MB] === Precaching render data for cutscene: 5th_Target3_raise ===
[2014-07-16T11:19:19:249+00] [413.4 MB] === Precaching render data for cutscene: 5th_Target1_raise ===
[2014-07-16T11:19:27:749+00] [413.4 MB] === Precaching render data for cutscene: 5th_Target2_raise ===
[2014-07-16T11:19:29:380+00] [413.4 MB] === Precaching render data for cutscene: 5th_Target1_raise ===
[2014-07-16T11:19:30:570+00] [413.4 MB] === Precaching render data for cutscene: 5th_Target3_raise ===
[2014-07-16T11:19:38:866+00] [413.4 MB] === Precaching render data for cutscene: 5th_Target2_raise ===
[2014-07-16T11:19:39:512+00] [413.4 MB] === Precaching render data for cutscene: 5th_Target1_raise ===
[2014-07-16T11:19:42:709+00] [413.4 MB] === Precaching render data for cutscene: 5th_Target3_raise ===
[2014-07-16T11:19:49:645+00] [413.4 MB] === Precaching render data for cutscene: 5th_Target1_raise ===
[2014-07-16T11:19:49:986+00] [413.4 MB] === Precaching render data for cutscene: 5th_Target2_raise ===
[2014-07-16T11:19:54:847+00] [413.4 MB] === Precaching render data for cutscene: 5th_Target3_raise ===
[2014-07-16T11:19:59:776+00] [413.4 MB] === Precaching render data for cutscene: 5th_Target1_raise ===
[2014-07-16T11:20:01:103+00] [413.4 MB] === Precaching render data for cutscene: 5th_Target2_raise ===
[2014-07-16T11:20:06:984+00] [413.4 MB] === Precaching render data for cutscene: 5th_Target3_raise ===
[2014-07-16T11:20:09:908+00] [413.4 MB] === Precaching render data for cutscene: 5th_Target1_raise ===
[2014-07-16T11:20:12:220+00] [413.4 MB] === Precaching render data for cutscene: 5th_Target2_raise ===
[2014-07-16T11:20:19:121+00] [413.4 MB] === Precaching render data for cutscene: 5th_Target3_raise ===
[2014-07-16T11:20:20:038+00] [413.4 MB] === Precaching render data for cutscene: 5th_Target1_raise ===
[2014-07-16T11:20:23:336+00] [413.4 MB] === Precaching render data for cutscene: 5th_Target2_raise ===
[2014-07-16T11:20:30:168+00] [413.4 MB] === Precaching render data for cutscene: 5th_Target1_raise ===
[2014-07-16T11:20:31:257+00] [413.4 MB] === Precaching render data for cutscene: 5th_Target3_raise ===
[2014-07-16T11:20:34:452+00] [413.4 MB] === Precaching render data for cutscene: 5th_Target2_raise ===
[2014-07-16T11:20:40:299+00] [413.4 MB] === Precaching render data for cutscene: 5th_Target1_raise ===
[2014-07-16T11:20:43:393+00] [413.4 MB] === Precaching render data for cutscene: 5th_Target3_raise ===
[2014-07-16T11:20:45:570+00] [413.4 MB] === Precaching render data for cutscene: 5th_Target2_raise ===
[2014-07-16T11:20:50:432+00] [413.4 MB] === Precaching render data for cutscene: 5th_Target1_raise ===
[2014-07-16T11:20:55:532+00] [413.4 MB] === Precaching render data for cutscene: 5th_Target3_raise ===
[2014-07-16T11:20:56:688+00] [413.4 MB] === Precaching render data for cutscene: 5th_Target2_raise ===
[2014-07-16T11:21:00:563+00] [413.4 MB] === Precaching render data for cutscene: 5th_Target1_raise ===
[2014-07-16T11:21:07:668+00] [413.4 MB] === Precaching render data for cutscene: 5th_Target3_raise ===
[2014-07-16T11:21:07:804+00] [413.4 MB] === Precaching render data for cutscene: 5th_Target2_raise ===
[2014-07-16T11:21:10:694+00] [413.4 MB] === Precaching render data for cutscene: 5th_Target1_raise ===
[2014-07-16T11:21:18:922+00] [413.4 MB] === Precaching render data for cutscene: 5th_Target2_raise ===
[2014-07-16T11:21:19:805+00] [413.4 MB] === Precaching render data for cutscene: 5th_Target3_raise ===
[2014-07-16T11:21:20:824+00] [413.4 MB] === Precaching render data for cutscene: 5th_Target1_raise ===
[2014-07-16T11:21:30:040+00] [413.4 MB] === Precaching render data for cutscene: 5th_Target2_raise ===
[2014-07-16T11:21:30:958+00] [413.4 MB] === Precaching render data for cutscene: 5th_Target1_raise ===
[2014-07-16T11:21:31:943+00] [413.4 MB] === Precaching render data for cutscene: 5th_Target3_raise ===
[2014-07-16T11:21:41:090+00] [413.4 MB] === Precaching render data for cutscene: 5th_Target1_raise ===
[2014-07-16T11:21:41:159+00] [413.4 MB] === Precaching render data for cutscene: 5th_Target2_raise ===
[2014-07-16T11:21:44:082+00] [413.4 MB] === Precaching render data for cutscene: 5th_Target3_raise ===
[2014-07-16T11:21:51:222+00] [413.4 MB] === Precaching render data for cutscene: 5th_Target1_raise ===
[2014-07-16T11:21:52:275+00] [413.4 MB] === Precaching render data for cutscene: 5th_Target2_raise ===
[2014-07-16T11:21:56:218+00] [413.4 MB] === Precaching render data for cutscene: 5th_Target3_raise ===
[2014-07-16T11:22:01:355+00] [413.4 MB] === Precaching render data for cutscene: 5th_Target1_raise ===
[2014-07-16T11:22:03:393+00] [413.4 MB] === Precaching render data for cutscene: 5th_Target2_raise ===
[2014-07-16T11:22:08:357+00] [413.4 MB] === Precaching render data for cutscene: 5th_Target3_raise ===
[2014-07-16T11:22:11:484+00] [413.4 MB] === Precaching render data for cutscene: 5th_Target1_raise ===
[2014-07-16T11:22:14:509+00] [413.4 MB] === Precaching render data for cutscene: 5th_Target2_raise ===
[2014-07-16T11:22:20:493+00] [413.4 MB] === Precaching render data for cutscene: 5th_Target3_raise ===
[2014-07-16T11:22:21:616+00] [413.4 MB] === Precaching render data for cutscene: 5th_Target1_raise ===
[2014-07-16T11:22:25:626+00] [413.4 MB] === Precaching render data for cutscene: 5th_Target2_raise ===
[2014-07-16T11:22:28:483+00] [413.4 MB] [LoggedInHeartbeat]: Querying server... (idle time 2453)
[2014-07-16T11:22:28:955+00] [413.4 MB] [LoggedInHeartbeat]: rerequest 200.000
[2014-07-16T11:22:28:956+00] [413.4 MB] [XLSP]  :V - 002D1800:002D1800
[2014-07-16T11:22:28:957+00] [413.4 MB] [XLSP] secure address still in use
[2014-07-16T11:22:31:746+00] [413.4 MB] === Precaching render data for cutscene: 5th_Target1_raise ===
[2014-07-16T11:22:32:630+00] [413.4 MB] === Precaching render data for cutscene: 5th_Target3_raise ===
[2014-07-16T11:22:36:745+00] [413.4 MB] === Precaching render data for cutscene: 5th_Target2_raise ===
[2014-07-16T11:22:41:876+00] [413.4 MB] === Precaching render data for cutscene: 5th_Target1_raise ===
[2014-07-16T11:22:44:766+00] [413.4 MB] === Precaching render data for cutscene: 5th_Target3_raise ===
[2014-07-16T11:22:47:859+00] [413.4 MB] === Precaching render data for cutscene: 5th_Target2_raise ===
[2014-07-16T11:22:52:007+00] [413.4 MB] === Precaching render data for cutscene: 5th_Target1_raise ===
[2014-07-16T11:22:56:903+00] [413.4 MB] === Precaching render data for cutscene: 5th_Target3_raise ===
[2014-07-16T11:22:58:978+00] [413.4 MB] === Precaching render data for cutscene: 5th_Target2_raise ===
[2014-07-16T11:23:02:138+00] [413.4 MB] === Precaching render data for cutscene: 5th_Target1_raise ===
[2014-07-16T11:23:09:040+00] [413.4 MB] === Precaching render data for cutscene: 5th_Target3_raise ===
[2014-07-16T11:23:10:093+00] [413.4 MB] === Precaching render data for cutscene: 5th_Target2_raise ===
[2014-07-16T11:23:12:270+00] [413.4 MB] === Precaching render data for cutscene: 5th_Target1_raise ===
[2014-07-16T11:23:21:179+00] [413.4 MB] === Precaching render data for cutscene: 5th_Target3_raise ===
[2014-07-16T11:23:21:213+00] [413.4 MB] === Precaching render data for cutscene: 5th_Target2_raise ===
[2014-07-16T11:23:22:403+00] [413.4 MB] === Precaching render data for cutscene: 5th_Target1_raise ===
[2014-07-16T11:23:32:331+00] [413.4 MB] === Precaching render data for cutscene: 5th_Target2_raise ===
[2014-07-16T11:23:32:534+00] [413.4 MB] === Precaching render data for cutscene: 5th_Target1_raise ===
[2014-07-16T11:23:33:316+00] [413.4 MB] === Precaching render data for cutscene: 5th_Target3_raise ===
[2014-07-16T11:23:42:665+00] [413.4 MB] === Precaching render data for cutscene: 5th_Target1_raise ===
[2014-07-16T11:23:43:449+00] [413.4 MB] === Precaching render data for cutscene: 5th_Target2_raise ===
[2014-07-16T11:23:45:453+00] [413.4 MB] === Precaching render data for cutscene: 5th_Target3_raise ===
[2014-07-16T11:23:52:797+00] [413.4 MB] === Precaching render data for cutscene: 5th_Target1_raise ===
[2014-07-16T11:23:54:565+00] [413.4 MB] === Precaching render data for cutscene: 5th_Target2_raise ===
[2014-07-16T11:23:57:590+00] [413.4 MB] === Precaching render data for cutscene: 5th_Target3_raise ===
[2014-07-16T11:24:02:929+00] [413.4 MB] === Precaching render data for cutscene: 5th_Target1_raise ===
[2014-07-16T11:24:05:682+00] [413.4 MB] === Precaching render data for cutscene: 5th_Target2_raise ===
[2014-07-16T11:24:09:727+00] [413.4 MB] === Precaching render data for cutscene: 5th_Target3_raise ===
[2014-07-16T11:24:13:058+00] [413.4 MB] === Precaching render data for cutscene: 5th_Target1_raise ===
[2014-07-16T11:24:16:799+00] [413.4 MB] === Precaching render data for cutscene: 5th_Target2_raise ===
[2014-07-16T11:24:21:865+00] [413.4 MB] === Precaching render data for cutscene: 5th_Target3_raise ===
[2014-07-16T11:24:23:191+00] [413.4 MB] === Precaching render data for cutscene: 5th_Target1_raise ===
[2014-07-16T11:24:27:917+00] [413.4 MB] === Precaching render data for cutscene: 5th_Target2_raise ===
[2014-07-16T11:24:33:320+00] [413.4 MB] === Precaching render data for cutscene: 5th_Target1_raise ===
[2014-07-16T11:24:34:000+00] [413.4 MB] === Precaching render data for cutscene: 5th_Target3_raise ===
[2014-07-16T11:24:39:032+00] [413.4 MB] === Precaching render data for cutscene: 5th_Target2_raise ===
[2014-07-16T11:24:43:451+00] [413.4 MB] === Precaching render data for cutscene: 5th_Target1_raise ===
[2014-07-16T11:24:46:137+00] [413.4 MB] === Precaching render data for cutscene: 5th_Target3_raise ===
[2014-07-16T11:24:50:149+00] [413.4 MB] === Precaching render data for cutscene: 5th_Target2_raise ===
[2014-07-16T11:24:53:584+00] [413.4 MB] === Precaching render data for cutscene: 5th_Target1_raise ===
[2014-07-16T11:24:58:275+00] [413.4 MB] === Precaching render data for cutscene: 5th_Target3_raise ===
[2014-07-16T11:25:01:266+00] [413.4 MB] === Precaching render data for cutscene: 5th_Target2_raise ===
[2014-07-16T11:25:03:714+00] [413.4 MB] === Precaching render data for cutscene: 5th_Target1_raise ===
[2014-07-16T11:25:10:411+00] [413.4 MB] === Precaching render data for cutscene: 5th_Target3_raise ===
[2014-07-16T11:25:12:382+00] [413.4 MB] === Precaching render data for cutscene: 5th_Target2_raise ===
[2014-07-16T11:25:13:844+00] [413.4 MB] === Precaching render data for cutscene: 5th_Target1_raise ===
[2014-07-16T11:25:22:549+00] [413.4 MB] === Precaching render data for cutscene: 5th_Target3_raise ===
[2014-07-16T11:25:23:500+00] [413.4 MB] === Precaching render data for cutscene: 5th_Target2_raise ===
[2014-07-16T11:25:23:975+00] [413.4 MB] === Precaching render data for cutscene: 5th_Target1_raise ===
[2014-07-16T11:25:34:107+00] [413.4 MB] === Precaching render data for cutscene: 5th_Target1_raise ===
[2014-07-16T11:25:34:618+00] [413.4 MB] === Precaching render data for cutscene: 5th_Target2_raise ===
[2014-07-16T11:25:34:685+00] [413.4 MB] === Precaching render data for cutscene: 5th_Target3_raise ===
[2014-07-16T11:25:44:238+00] [413.4 MB] === Precaching render data for cutscene: 5th_Target1_raise ===
[2014-07-16T11:25:45:734+00] [413.4 MB] === Precaching render data for cutscene: 5th_Target2_raise ===
[2014-07-16T11:25:46:822+00] [413.4 MB] === Precaching render data for cutscene: 5th_Target3_raise ===
[2014-07-16T11:25:49:475+00] [413.4 MB] [LoggedInHeartbeat]: Querying server... (idle time 2654)
[2014-07-16T11:25:49:879+00] [413.4 MB] [LoggedInHeartbeat]: rerequest 200.000
[2014-07-16T11:25:49:880+00] [413.4 MB] [XLSP]  :V - 002D1800:002D1800
[2014-07-16T11:25:49:881+00] [413.4 MB] [XLSP] secure address still in use
[2014-07-16T11:25:54:371+00] [413.4 MB] === Precaching render data for cutscene: 5th_Target1_raise ===
[2014-07-16T11:25:56:852+00] [413.4 MB] === Precaching render data for cutscene: 5th_Target2_raise ===
[2014-07-16T11:25:58:960+00] [413.4 MB] === Precaching render data for cutscene: 5th_Target3_raise ===
[2014-07-16T11:26:04:516+00] [413.4 MB] === Precaching render data for cutscene: 5th_Target1_raise ===
[2014-07-16T11:26:07:989+00] [413.4 MB] === Precaching render data for cutscene: 5th_Target2_raise ===
[2014-07-16T11:26:11:082+00] [413.4 MB] === Precaching render data for cutscene: 5th_Target3_raise ===
[2014-07-16T11:26:14:653+00] [413.4 MB] === Precaching render data for cutscene: 5th_Target1_raise ===
[2014-07-16T11:26:19:109+00] [413.4 MB] === Precaching render data for cutscene: 5th_Target2_raise ===
[2014-07-16T11:26:23:222+00] [413.4 MB] === Precaching render data for cutscene: 5th_Target3_raise ===
[2014-07-16T11:26:24:785+00] [413.4 MB] === Precaching render data for cutscene: 5th_Target1_raise ===
[2014-07-16T11:26:30:225+00] [413.4 MB] === Precaching render data for cutscene: 5th_Target2_raise ===
[2014-07-16T11:26:34:918+00] [413.4 MB] === Precaching render data for cutscene: 5th_Target1_raise ===
[2014-07-16T11:26:35:359+00] [413.4 MB] === Precaching render data for cutscene: 5th_Target3_raise ===
[2014-07-16T11:26:41:343+00] [413.4 MB] === Precaching render data for cutscene: 5th_Target2_raise ===
[2014-07-16T11:26:45:049+00] [413.4 MB] === Precaching render data for cutscene: 5th_Target1_raise ===
[2014-07-16T11:26:47:496+00] [413.4 MB] === Precaching render data for cutscene: 5th_Target3_raise ===
[2014-07-16T11:26:52:460+00] [413.4 MB] === Precaching render data for cutscene: 5th_Target2_raise ===
[2014-07-16T11:26:55:182+00] [413.4 MB] === Precaching render data for cutscene: 5th_Target1_raise ===
[2014-07-16T11:26:59:633+00] [413.4 MB] === Precaching render data for cutscene: 5th_Target3_raise ===
[2014-07-16T11:27:03:576+00] [413.4 MB] === Precaching render data for cutscene: 5th_Target2_raise ===
[2014-07-16T11:27:05:310+00] [413.4 MB] === Precaching render data for cutscene: 5th_Target1_raise ===
[2014-07-16T11:27:11:769+00] [413.4 MB] === Precaching render data for cutscene: 5th_Target3_raise ===
[2014-07-16T11:27:14:694+00] [413.4 MB] === Precaching render data for cutscene: 5th_Target2_raise ===
[2014-07-16T11:27:15:441+00] [413.4 MB] === Precaching render data for cutscene: 5th_Target1_raise ===
[2014-07-16T11:27:23:923+00] [413.4 MB] === Precaching render data for cutscene: 5th_Target3_raise ===
[2014-07-16T11:27:25:563+00] [413.4 MB] === Precaching render data for cutscene: 5th_Target1_raise ===
[2014-07-16T11:27:25:837+00] [413.4 MB] === Precaching render data for cutscene: 5th_Target2_raise ===
[2014-07-16T11:27:35:675+00] [413.4 MB] === Precaching render data for cutscene: 5th_Target1_raise ===
[2014-07-16T11:27:36:049+00] [413.4 MB] === Precaching render data for cutscene: 5th_Target3_raise ===
[2014-07-16T11:27:36:967+00] [413.4 MB] === Precaching render data for cutscene: 5th_Target2_raise ===
[2014-07-16T11:27:45:807+00] [413.4 MB] === Precaching render data for cutscene: 5th_Target1_raise ===
[2014-07-16T11:27:48:085+00] [413.4 MB] === Precaching render data for cutscene: 5th_Target2_raise ===
[2014-07-16T11:27:48:187+00] [413.4 MB] === Precaching render data for cutscene: 5th_Target3_raise ===
[2014-07-16T11:27:55:940+00] [413.4 MB] === Precaching render data for cutscene: 5th_Target1_raise ===
[2014-07-16T11:27:59:202+00] [413.4 MB] === Precaching render data for cutscene: 5th_Target2_raise ===
[2014-07-16T11:28:00:325+00] [413.4 MB] === Precaching render data for cutscene: 5th_Target3_raise ===
[2014-07-16T11:28:06:069+00] [413.4 MB] === Precaching render data for cutscene: 5th_Target1_raise ===
[2014-07-16T11:28:10:320+00] [413.4 MB] === Precaching render data for cutscene: 5th_Target2_raise ===
[2014-07-16T11:28:12:461+00] [413.4 MB] === Precaching render data for cutscene: 5th_Target3_raise ===
[2014-07-16T11:28:16:200+00] [413.4 MB] === Precaching render data for cutscene: 5th_Target1_raise ===
[2014-07-16T11:28:21:436+00] [413.4 MB] === Precaching render data for cutscene: 5th_Target2_raise ===
[2014-07-16T11:28:24:600+00] [413.4 MB] === Precaching render data for cutscene: 5th_Target3_raise ===
[2014-07-16T11:28:26:333+00] [413.4 MB] === Precaching render data for cutscene: 5th_Target1_raise ===
[2014-07-16T11:28:32:552+00] [413.4 MB] === Precaching render data for cutscene: 5th_Target2_raise ===
[2014-07-16T11:28:36:461+00] [413.4 MB] === Precaching render data for cutscene: 5th_Target1_raise ===
[2014-07-16T11:28:36:733+00] [413.4 MB] === Precaching render data for cutscene: 5th_Target3_raise ===
[2014-07-16T11:28:43:669+00] [413.4 MB] === Precaching render data for cutscene: 5th_Target2_raise ===
[2014-07-16T11:28:46:594+00] [413.4 MB] === Precaching render data for cutscene: 5th_Target1_raise ===
[2014-07-16T11:28:48:873+00] [413.4 MB] === Precaching render data for cutscene: 5th_Target3_raise ===
[2014-07-16T11:28:54:788+00] [413.4 MB] === Precaching render data for cutscene: 5th_Target2_raise ===
[2014-07-16T11:28:56:727+00] [413.4 MB] === Precaching render data for cutscene: 5th_Target1_raise ===
[2014-07-16T11:29:01:009+00] [413.4 MB] === Precaching render data for cutscene: 5th_Target3_raise ===
[2014-07-16T11:29:05:906+00] [413.4 MB] === Precaching render data for cutscene: 5th_Target2_raise ===
[2014-07-16T11:29:06:857+00] [413.4 MB] === Precaching render data for cutscene: 5th_Target1_raise ===
[2014-07-16T11:29:10:359+00] [413.4 MB] [LoggedInHeartbeat]: Querying server... (idle time 2854)
[2014-07-16T11:29:10:797+00] [413.4 MB] [LoggedInHeartbeat]: rerequest 200.000
[2014-07-16T11:29:10:798+00] [413.4 MB] [XLSP]  :V - 002D1800:002D1800
[2014-07-16T11:29:10:799+00] [413.4 MB] [XLSP] secure address still in use
[2014-07-16T11:29:13:146+00] [413.4 MB] === Precaching render data for cutscene: 5th_Target3_raise ===
[2014-07-16T11:29:16:988+00] [413.4 MB] === Precaching render data for cutscene: 5th_Target1_raise ===
[2014-07-16T11:29:17:022+00] [413.4 MB] === Precaching render data for cutscene: 5th_Target2_raise ===
[2014-07-16T11:29:25:283+00] [413.4 MB] === Precaching render data for cutscene: 5th_Target3_raise ===
[2014-07-16T11:29:27:118+00] [413.4 MB] === Precaching render data for cutscene: 5th_Target1_raise ===
[2014-07-16T11:29:28:138+00] [413.4 MB] === Precaching render data for cutscene: 5th_Target2_raise ===
[2014-07-16T11:29:37:249+00] [413.4 MB] === Precaching render data for cutscene: 5th_Target1_raise ===
[2014-07-16T11:29:37:418+00] [413.4 MB] === Precaching render data for cutscene: 5th_Target3_raise ===
[2014-07-16T11:29:39:255+00] [413.4 MB] === Precaching render data for cutscene: 5th_Target2_raise ===
[2014-07-16T11:29:47:378+00] [413.4 MB] === Precaching render data for cutscene: 5th_Target1_raise ===
[2014-07-16T11:29:49:555+00] [413.4 MB] === Precaching render data for cutscene: 5th_Target3_raise ===
[2014-07-16T11:29:50:371+00] [413.4 MB] === Precaching render data for cutscene: 5th_Target2_raise ===
[2014-07-16T11:29:57:511+00] [413.4 MB] === Precaching render data for cutscene: 5th_Target1_raise ===
[2014-07-16T11:30:01:490+00] [413.4 MB] === Precaching render data for cutscene: 5th_Target2_raise ===
[2014-07-16T11:30:01:692+00] [413.4 MB] === Precaching render data for cutscene: 5th_Target3_raise ===
[2014-07-16T11:30:07:643+00] [413.4 MB] === Precaching render data for cutscene: 5th_Target1_raise ===
[2014-07-16T11:30:12:607+00] [413.4 MB] === Precaching render data for cutscene: 5th_Target2_raise ===
[2014-07-16T11:30:13:832+00] [413.4 MB] === Precaching render data for cutscene: 5th_Target3_raise ===
[2014-07-16T11:30:17:774+00] [413.4 MB] === Precaching render data for cutscene: 5th_Target1_raise ===
[2014-07-16T11:30:23:724+00] [413.4 MB] === Precaching render data for cutscene: 5th_Target2_raise ===
[2014-07-16T11:30:25:966+00] [413.4 MB] === Precaching render data for cutscene: 5th_Target3_raise ===
[2014-07-16T11:30:27:904+00] [413.4 MB] === Precaching render data for cutscene: 5th_Target1_raise ===
[2014-07-16T11:30:34:839+00] [413.4 MB] === Precaching render data for cutscene: 5th_Target2_raise ===
[2014-07-16T11:30:38:033+00] [413.4 MB] === Precaching render data for cutscene: 5th_Target1_raise ===
[2014-07-16T11:30:38:102+00] [413.4 MB] === Precaching render data for cutscene: 5th_Target3_raise ===
[2014-07-16T11:30:45:955+00] [413.4 MB] === Precaching render data for cutscene: 5th_Target2_raise ===
[2014-07-16T11:30:48:165+00] [413.4 MB] === Precaching render data for cutscene: 5th_Target1_raise ===
[2014-07-16T11:30:50:238+00] [413.4 MB] === Precaching render data for cutscene: 5th_Target3_raise ===
[2014-07-16T11:30:57:072+00] [413.4 MB] === Precaching render data for cutscene: 5th_Target2_raise ===
[2014-07-16T11:30:58:295+00] [413.4 MB] === Precaching render data for cutscene: 5th_Target1_raise ===
[2014-07-16T11:31:02:374+00] [413.4 MB] === Precaching render data for cutscene: 5th_Target3_raise ===
[2014-07-16T11:31:08:186+00] [413.4 MB] === Precaching render data for cutscene: 5th_Target2_raise ===
[2014-07-16T11:31:08:425+00] [413.4 MB] === Precaching render data for cutscene: 5th_Target1_raise ===
[2014-07-16T11:31:14:510+00] [413.4 MB] === Precaching render data for cutscene: 5th_Target3_raise ===
[2014-07-16T11:31:18:557+00] [413.4 MB] === Precaching render data for cutscene: 5th_Target1_raise ===
[2014-07-16T11:31:19:305+00] [413.4 MB] === Precaching render data for cutscene: 5th_Target2_raise ===
[2014-07-16T11:31:26:650+00] [413.4 MB] === Precaching render data for cutscene: 5th_Target3_raise ===
[2014-07-16T11:31:28:689+00] [413.4 MB] === Precaching render data for cutscene: 5th_Target1_raise ===
[2014-07-16T11:31:30:422+00] [413.4 MB] === Precaching render data for cutscene: 5th_Target2_raise ===
[2014-07-16T11:31:38:784+00] [413.4 MB] === Precaching render data for cutscene: 5th_Target3_raise ===
[2014-07-16T11:31:38:818+00] [413.4 MB] === Precaching render data for cutscene: 5th_Target1_raise ===
[2014-07-16T11:31:41:538+00] [413.4 MB] === Precaching render data for cutscene: 5th_Target2_raise ===
[2014-07-16T11:31:48:949+00] [413.4 MB] === Precaching render data for cutscene: 5th_Target1_raise ===
[2014-07-16T11:31:50:922+00] [413.4 MB] === Precaching render data for cutscene: 5th_Target3_raise ===
[2014-07-16T11:31:52:657+00] [413.4 MB] === Precaching render data for cutscene: 5th_Target2_raise ===
[2014-07-16T11:31:59:082+00] [413.4 MB] === Precaching render data for cutscene: 5th_Target1_raise ===
[2014-07-16T11:32:03:059+00] [413.4 MB] === Precaching render data for cutscene: 5th_Target3_raise ===
[2014-07-16T11:32:03:773+00] [413.4 MB] === Precaching render data for cutscene: 5th_Target2_raise ===
[2014-07-16T11:32:09:211+00] [413.4 MB] === Precaching render data for cutscene: 5th_Target1_raise ===
[2014-07-16T11:32:14:888+00] [413.4 MB] === Precaching render data for cutscene: 5th_Target2_raise ===
[2014-07-16T11:32:15:194+00] [413.4 MB] === Precaching render data for cutscene: 5th_Target3_raise ===
[2014-07-16T11:32:19:343+00] [413.4 MB] === Precaching render data for cutscene: 5th_Target1_raise ===
[2014-07-16T11:32:26:007+00] [413.4 MB] === Precaching render data for cutscene: 5th_Target2_raise ===
[2014-07-16T11:32:27:334+00] [413.4 MB] === Precaching render data for cutscene: 5th_Target3_raise ===
[2014-07-16T11:32:29:474+00] [413.4 MB] === Precaching render data for cutscene: 5th_Target1_raise ===
[2014-07-16T11:32:31:277+00] [413.4 MB] [LoggedInHeartbeat]: Querying server... (idle time 3055)
[2014-07-16T11:32:31:681+00] [413.4 MB] [LoggedInHeartbeat]: rerequest 200.000
[2014-07-16T11:32:31:682+00] [413.4 MB] [XLSP]  :V - 002D1800:002D1800
[2014-07-16T11:32:31:683+00] [413.4 MB] [XLSP] secure address still in use
[2014-07-16T11:32:37:124+00] [413.4 MB] === Precaching render data for cutscene: 5th_Target2_raise ===
[2014-07-16T11:32:39:467+00] [413.4 MB] === Precaching render data for cutscene: 5th_Target3_raise ===
[2014-07-16T11:32:39:604+00] [413.4 MB] === Precaching render data for cutscene: 5th_Target1_raise ===
[2014-07-16T11:32:48:239+00] [413.4 MB] === Precaching render data for cutscene: 5th_Target2_raise ===
[2014-07-16T11:32:49:733+00] [413.4 MB] === Precaching render data for cutscene: 5th_Target1_raise ===
[2014-07-16T11:32:51:604+00] [413.4 MB] === Precaching render data for cutscene: 5th_Target3_raise ===
[2014-07-16T11:32:59:357+00] [413.4 MB] === Precaching render data for cutscene: 5th_Target2_raise ===
[2014-07-16T11:32:59:865+00] [413.4 MB] === Precaching render data for cutscene: 5th_Target1_raise ===
[2014-07-16T11:33:03:741+00] [413.4 MB] === Precaching render data for cutscene: 5th_Target3_raise ===
[2014-07-16T11:33:09:997+00] [413.4 MB] === Precaching render data for cutscene: 5th_Target1_raise ===
[2014-07-16T11:33:10:473+00] [413.4 MB] === Precaching render data for cutscene: 5th_Target2_raise ===
[2014-07-16T11:33:15:878+00] [413.4 MB] === Precaching render data for cutscene: 5th_Target3_raise ===
[2014-07-16T11:33:20:128+00] [413.4 MB] === Precaching render data for cutscene: 5th_Target1_raise ===
[2014-07-16T11:33:21:590+00] [413.4 MB] === Precaching render data for cutscene: 5th_Target2_raise ===
[2014-07-16T11:33:28:016+00] [413.4 MB] === Precaching render data for cutscene: 5th_Target3_raise ===
[2014-07-16T11:33:30:258+00] [413.4 MB] === Precaching render data for cutscene: 5th_Target1_raise ===
[2014-07-16T11:33:32:707+00] [413.4 MB] === Precaching render data for cutscene: 5th_Target2_raise ===
[2014-07-16T11:33:40:151+00] [413.4 MB] === Precaching render data for cutscene: 5th_Target3_raise ===
[2014-07-16T11:33:40:390+00] [413.4 MB] === Precaching render data for cutscene: 5th_Target1_raise ===
[2014-07-16T11:33:43:825+00] [413.4 MB] === Precaching render data for cutscene: 5th_Target2_raise ===
[2014-07-16T11:33:50:519+00] [413.4 MB] === Precaching render data for cutscene: 5th_Target1_raise ===
[2014-07-16T11:33:52:287+00] [413.4 MB] === Precaching render data for cutscene: 5th_Target3_raise ===
[2014-07-16T11:33:54:938+00] [413.4 MB] === Precaching render data for cutscene: 5th_Target2_raise ===
[2014-07-16T11:34:00:650+00] [413.4 MB] === Precaching render data for cutscene: 5th_Target1_raise ===
[2014-07-16T11:34:04:422+00] [413.4 MB] === Precaching render data for cutscene: 5th_Target3_raise ===
[2014-07-16T11:34:06:053+00] [413.4 MB] === Precaching render data for cutscene: 5th_Target2_raise ===
[2014-07-16T11:34:10:779+00] [413.4 MB] === Precaching render data for cutscene: 5th_Target1_raise ===
[2014-07-16T11:34:16:557+00] [413.4 MB] === Precaching render data for cutscene: 5th_Target3_raise ===
[2014-07-16T11:34:17:169+00] [413.4 MB] === Precaching render data for cutscene: 5th_Target2_raise ===
[2014-07-16T11:34:20:908+00] [413.4 MB] === Precaching render data for cutscene: 5th_Target1_raise ===
[2014-07-16T11:34:28:285+00] [413.4 MB] === Precaching render data for cutscene: 5th_Target2_raise ===
[2014-07-16T11:34:28:694+00] [413.4 MB] === Precaching render data for cutscene: 5th_Target3_raise ===
[2014-07-16T11:34:31:038+00] [413.4 MB] === Precaching render data for cutscene: 5th_Target1_raise ===
[2014-07-16T11:34:39:402+00] [413.4 MB] === Precaching render data for cutscene: 5th_Target2_raise ===
[2014-07-16T11:34:40:829+00] [413.4 MB] === Precaching render data for cutscene: 5th_Target3_raise ===
[2014-07-16T11:34:41:169+00] [413.4 MB] === Precaching render data for cutscene: 5th_Target1_raise ===
[2014-07-16T11:34:50:516+00] [413.4 MB] === Precaching render data for cutscene: 5th_Target2_raise ===
[2014-07-16T11:34:51:299+00] [413.4 MB] === Precaching render data for cutscene: 5th_Target1_raise ===
[2014-07-16T11:34:52:965+00] [413.4 MB] === Precaching render data for cutscene: 5th_Target3_raise ===
[2014-07-16T11:35:01:429+00] [413.4 MB] === Precaching render data for cutscene: 5th_Target1_raise ===
[2014-07-16T11:35:01:633+00] [413.4 MB] === Precaching render data for cutscene: 5th_Target2_raise ===
[2014-07-16T11:35:05:100+00] [413.4 MB] === Precaching render data for cutscene: 5th_Target3_raise ===
[2014-07-16T11:35:11:559+00] [413.4 MB] === Precaching render data for cutscene: 5th_Target1_raise ===
[2014-07-16T11:35:12:749+00] [413.4 MB] === Precaching render data for cutscene: 5th_Target2_raise ===
[2014-07-16T11:35:17:237+00] [413.4 MB] === Precaching render data for cutscene: 5th_Target3_raise ===
[2014-07-16T11:35:21:691+00] [413.4 MB] === Precaching render data for cutscene: 5th_Target1_raise ===
[2014-07-16T11:35:23:866+00] [413.4 MB] === Precaching render data for cutscene: 5th_Target2_raise ===
[2014-07-16T11:35:29:375+00] [413.4 MB] === Precaching render data for cutscene: 5th_Target3_raise ===
[2014-07-16T11:35:31:822+00] [413.4 MB] === Precaching render data for cutscene: 5th_Target1_raise ===
[2014-07-16T11:35:34:985+00] [413.4 MB] === Precaching render data for cutscene: 5th_Target2_raise ===
[2014-07-16T11:35:41:511+00] [413.4 MB] === Precaching render data for cutscene: 5th_Target3_raise ===
[2014-07-16T11:35:41:953+00] [413.4 MB] === Precaching render data for cutscene: 5th_Target1_raise ===
[2014-07-16T11:35:46:101+00] [413.4 MB] === Precaching render data for cutscene: 5th_Target2_raise ===
[2014-07-16T11:35:52:083+00] [413.4 MB] === Precaching render data for cutscene: 5th_Target1_raise ===
[2014-07-16T11:35:52:186+00] [413.4 MB] [LoggedInHeartbeat]: Querying server... (idle time 3255)
[2014-07-16T11:35:52:624+00] [413.4 MB] [LoggedInHeartbeat]: rerequest 200.000
[2014-07-16T11:35:52:626+00] [413.4 MB] [XLSP]  :V - 002D1800:002D1800
[2014-07-16T11:35:52:627+00] [413.4 MB] [XLSP] secure address still in use
[2014-07-16T11:35:53:647+00] [413.4 MB] === Precaching render data for cutscene: 5th_Target3_raise ===
[2014-07-16T11:35:57:216+00] [413.4 MB] === Precaching render data for cutscene: 5th_Target2_raise ===
[2014-07-16T11:36:02:213+00] [413.4 MB] === Precaching render data for cutscene: 5th_Target1_raise ===
[2014-07-16T11:36:05:782+00] [413.4 MB] === Precaching render data for cutscene: 5th_Target3_raise ===
[2014-07-16T11:36:08:332+00] [413.4 MB] === Precaching render data for cutscene: 5th_Target2_raise ===
[2014-07-16T11:36:12:344+00] [413.4 MB] === Precaching render data for cutscene: 5th_Target1_raise ===
[2014-07-16T11:36:17:919+00] [413.4 MB] === Precaching render data for cutscene: 5th_Target3_raise ===
[2014-07-16T11:36:19:449+00] [413.4 MB] === Precaching render data for cutscene: 5th_Target2_raise ===
[2014-07-16T11:36:22:475+00] [413.4 MB] === Precaching render data for cutscene: 5th_Target1_raise ===
[2014-07-16T11:36:30:059+00] [413.4 MB] === Precaching render data for cutscene: 5th_Target3_raise ===
[2014-07-16T11:36:30:569+00] [413.4 MB] === Precaching render data for cutscene: 5th_Target2_raise ===
[2014-07-16T11:36:32:609+00] [413.4 MB] === Precaching render data for cutscene: 5th_Target1_raise ===
[2014-07-16T11:36:41:685+00] [413.4 MB] === Precaching render data for cutscene: 5th_Target2_raise ===
[2014-07-16T11:36:42:196+00] [413.4 MB] === Precaching render data for cutscene: 5th_Target3_raise ===
[2014-07-16T11:36:42:740+00] [413.4 MB] === Precaching render data for cutscene: 5th_Target1_raise ===
[2014-07-16T11:36:52:818+00] [413.5 MB] === Precaching render data for cutscene: 5th_Target2_raise ===
[2014-07-16T11:36:52:886+00] [413.5 MB] === Precaching render data for cutscene: 5th_Target1_raise ===
[2014-07-16T11:36:54:318+00] [413.5 MB] === Precaching render data for cutscene: 5th_Target3_raise ===
[2014-07-16T11:37:03:029+00] [413.5 MB] === Precaching render data for cutscene: 5th_Target1_raise ===
[2014-07-16T11:37:03:949+00] [413.5 MB] === Precaching render data for cutscene: 5th_Target2_raise ===
[2014-07-16T11:37:06:466+00] [413.5 MB] === Precaching render data for cutscene: 5th_Target3_raise ===
[2014-07-16T11:37:13:168+00] [413.5 MB] === Precaching render data for cutscene: 5th_Target1_raise ===
[2014-07-16T11:37:15:074+00] [413.5 MB] === Precaching render data for cutscene: 5th_Target2_raise ===
[2014-07-16T11:37:18:612+00] [413.5 MB] === Precaching render data for cutscene: 5th_Target3_raise ===
[2014-07-16T11:37:23:309+00] [413.5 MB] === Precaching render data for cutscene: 5th_Target1_raise ===
[2014-07-16T11:37:26:202+00] [413.5 MB] === Precaching render data for cutscene: 5th_Target2_raise ===
[2014-07-16T11:37:30:761+00] [413.5 MB] === Precaching render data for cutscene: 5th_Target3_raise ===
[2014-07-16T11:37:33:450+00] [413.5 MB] === Precaching render data for cutscene: 5th_Target1_raise ===
[2014-07-16T11:37:37:329+00] [413.5 MB] === Precaching render data for cutscene: 5th_Target2_raise ===
[2014-07-16T11:37:42:909+00] [413.5 MB] === Precaching render data for cutscene: 5th_Target3_raise ===
[2014-07-16T11:37:43:590+00] [413.5 MB] === Precaching render data for cutscene: 5th_Target1_raise ===
[2014-07-16T11:37:48:455+00] [413.5 MB] === Precaching render data for cutscene: 5th_Target2_raise ===
[2014-07-16T11:37:53:728+00] [413.5 MB] === Precaching render data for cutscene: 5th_Target1_raise ===
[2014-07-16T11:37:55:055+00] [413.5 MB] === Precaching render data for cutscene: 5th_Target3_raise ===
[2014-07-16T11:37:59:583+00] [413.5 MB] === Precaching render data for cutscene: 5th_Target2_raise ===
[2014-07-16T11:38:03:868+00] [413.5 MB] === Precaching render data for cutscene: 5th_Target1_raise ===
[2014-07-16T11:38:07:202+00] [413.5 MB] === Precaching render data for cutscene: 5th_Target3_raise ===
[2014-07-16T11:38:10:707+00] [413.5 MB] === Precaching render data for cutscene: 5th_Target2_raise ===
[2014-07-16T11:38:14:007+00] [413.5 MB] === Precaching render data for cutscene: 5th_Target1_raise ===
[2014-07-16T11:38:19:349+00] [413.5 MB] === Precaching render data for cutscene: 5th_Target3_raise ===
[2014-07-16T11:38:21:834+00] [413.5 MB] === Precaching render data for cutscene: 5th_Target2_raise ===
[2014-07-16T11:38:24:145+00] [413.5 MB] === Precaching render data for cutscene: 5th_Target1_raise ===
[2014-07-16T11:38:31:495+00] [413.5 MB] === Precaching render data for cutscene: 5th_Target3_raise ===
[2014-07-16T11:38:32:958+00] [413.5 MB] === Precaching render data for cutscene: 5th_Target2_raise ===
[2014-07-16T11:38:34:285+00] [413.5 MB] === Precaching render data for cutscene: 5th_Target1_raise ===
[2014-07-16T11:38:43:643+00] [413.5 MB] === Precaching render data for cutscene: 5th_Target3_raise ===
[2014-07-16T11:38:44:085+00] [413.5 MB] === Precaching render data for cutscene: 5th_Target2_raise ===
[2014-07-16T11:38:44:425+00] [413.5 MB] === Precaching render data for cutscene: 5th_Target1_raise ===
[2014-07-16T11:38:54:565+00] [413.5 MB] === Precaching render data for cutscene: 5th_Target1_raise ===
[2014-07-16T11:38:55:211+00] [413.5 MB] === Precaching render data for cutscene: 5th_Target2_raise ===
[2014-07-16T11:38:55:790+00] [413.5 MB] === Precaching render data for cutscene: 5th_Target3_raise ===
[2014-07-16T11:39:04:705+00] [413.5 MB] === Precaching render data for cutscene: 5th_Target1_raise ===
[2014-07-16T11:39:06:337+00] [413.5 MB] === Precaching render data for cutscene: 5th_Target2_raise ===
[2014-07-16T11:39:07:936+00] [413.5 MB] === Precaching render data for cutscene: 5th_Target3_raise ===
[2014-07-16T11:39:13:109+00] [413.5 MB] [LoggedInHeartbeat]: Querying server... (idle time 3455)
[2014-07-16T11:39:13:480+00] [413.5 MB] [LoggedInHeartbeat]: rerequest 200.000
[2014-07-16T11:39:13:481+00] [413.5 MB] [XLSP]  :V - 002D1800:002D1800
[2014-07-16T11:39:13:482+00] [413.5 MB] [XLSP] secure address still in use
[2014-07-16T11:39:14:844+00] [413.5 MB] === Precaching render data for cutscene: 5th_Target1_raise ===
[2014-07-16T11:39:17:467+00] [413.5 MB] === Precaching render data for cutscene: 5th_Target2_raise ===
[2014-07-16T11:39:20:083+00] [413.5 MB] === Precaching render data for cutscene: 5th_Target3_raise ===
[2014-07-16T11:39:24:982+00] [413.5 MB] === Precaching render data for cutscene: 5th_Target1_raise ===
[2014-07-16T11:39:28:590+00] [413.5 MB] === Precaching render data for cutscene: 5th_Target2_raise ===
[2014-07-16T11:39:32:232+00] [413.5 MB] === Precaching render data for cutscene: 5th_Target3_raise ===
[2014-07-16T11:39:35:123+00] [413.5 MB] === Precaching render data for cutscene: 5th_Target1_raise ===
[2014-07-16T11:39:39:716+00] [413.5 MB] === Precaching render data for cutscene: 5th_Target2_raise ===
[2014-07-16T11:39:44:377+00] [413.5 MB] === Precaching render data for cutscene: 5th_Target3_raise ===
[2014-07-16T11:39:45:262+00] [413.5 MB] === Precaching render data for cutscene: 5th_Target1_raise ===
[2014-07-16T11:39:50:841+00] [413.5 MB] === Precaching render data for cutscene: 5th_Target2_raise ===
[2014-07-16T11:39:55:400+00] [413.5 MB] === Precaching render data for cutscene: 5th_Target1_raise ===
[2014-07-16T11:39:56:523+00] [413.5 MB] === Precaching render data for cutscene: 5th_Target3_raise ===
[2014-07-16T11:40:01:966+00] [413.5 MB] === Precaching render data for cutscene: 5th_Target2_raise ===
[2014-07-16T11:40:05:540+00] [413.5 MB] === Precaching render data for cutscene: 5th_Target1_raise ===
[2014-07-16T11:40:08:669+00] [413.5 MB] === Precaching render data for cutscene: 5th_Target3_raise ===
[2014-07-16T11:40:13:095+00] [413.5 MB] === Precaching render data for cutscene: 5th_Target2_raise ===
[2014-07-16T11:40:15:679+00] [413.5 MB] === Precaching render data for cutscene: 5th_Target1_raise ===
[2014-07-16T11:40:20:817+00] [413.5 MB] === Precaching render data for cutscene: 5th_Target3_raise ===
[2014-07-16T11:40:24:220+00] [413.5 MB] === Precaching render data for cutscene: 5th_Target2_raise ===
[2014-07-16T11:40:25:819+00] [413.5 MB] === Precaching render data for cutscene: 5th_Target1_raise ===
[2014-07-16T11:40:32:965+00] [413.5 MB] === Precaching render data for cutscene: 5th_Target3_raise ===
[2014-07-16T11:40:35:346+00] [413.5 MB] === Precaching render data for cutscene: 5th_Target2_raise ===
[2014-07-16T11:40:35:959+00] [413.5 MB] === Precaching render data for cutscene: 5th_Target1_raise ===
[2014-07-16T11:40:45:111+00] [413.5 MB] === Precaching render data for cutscene: 5th_Target3_raise ===
[2014-07-16T11:40:46:098+00] [413.5 MB] === Precaching render data for cutscene: 5th_Target1_raise ===
[2014-07-16T11:40:46:472+00] [413.5 MB] === Precaching render data for cutscene: 5th_Target2_raise ===
[2014-07-16T11:40:56:238+00] [413.5 MB] === Precaching render data for cutscene: 5th_Target1_raise ===
[2014-07-16T11:40:57:259+00] [413.5 MB] === Precaching render data for cutscene: 5th_Target3_raise ===
[2014-07-16T11:40:57:599+00] [413.5 MB] === Precaching render data for cutscene: 5th_Target2_raise ===
[2014-07-16T11:41:06:378+00] [413.5 MB] === Precaching render data for cutscene: 5th_Target1_raise ===
[2014-07-16T11:41:08:728+00] [413.5 MB] === Precaching render data for cutscene: 5th_Target2_raise ===
[2014-07-16T11:41:09:407+00] [413.5 MB] === Precaching render data for cutscene: 5th_Target3_raise ===
[2014-07-16T11:41:16:518+00] [413.5 MB] === Precaching render data for cutscene: 5th_Target1_raise ===
[2014-07-16T11:41:19:846+00] [413.5 MB] === Precaching render data for cutscene: 5th_Target2_raise ===
[2014-07-16T11:41:21:543+00] [413.5 MB] === Precaching render data for cutscene: 5th_Target3_raise ===
[2014-07-16T11:41:26:632+00] [413.5 MB] === Precaching render data for cutscene: 5th_Target1_raise ===
[2014-07-16T11:41:30:976+00] [413.5 MB] === Precaching render data for cutscene: 5th_Target2_raise ===
[2014-07-16T11:41:33:657+00] [413.5 MB] === Precaching render data for cutscene: 5th_Target3_raise ===
[2014-07-16T11:41:36:745+00] [413.5 MB] === Precaching render data for cutscene: 5th_Target1_raise ===
[2014-07-16T11:41:42:105+00] [413.5 MB] === Precaching render data for cutscene: 5th_Target2_raise ===
